file_path,duration,sample_rate,number_of_samples,channels,machine_id,label,label_name
D:\pump\id_00\normal\00000000.wav,10.0,16000,160000,8,id_00,0,normal
D:\pump\id_00\normal\00000001.wav,10.0,16000,160000,8,id_00,0,normal
D:\pump\id_00\normal\00000002.wav,10.0,16000,160000,8,id_00,0,normal
D:\pump\id_00\normal\00000003.wav,10.0,16000,160000,8,id_00,0,normal
D:\pump\id_00\normal\00000004.wav,10.0,16000,160000,8,id_00,0,normal
D:\pump\id_00\normal\00000005.wav,10.0,16000,160000,8,id_00,0,normal
D:\pump\id_00\normal\00000006.wav,10.0,16000,160000,8,id_00,0,normal
D:\pump\id_00\normal\00000007.wav,10.0,16000,160000,8,id_00,0,normal
D:\pump\id_00\normal\00000008.wav,10.0,16000,160000,8,id_00,0,normal
D:\pump\id_00\normal\00000009.wav,10.0,16000,160000,8,id_00,0,normal
D:\pump\id_00\normal\00000010.wav,10.0,16000,160000,8,id_00,0,normal
D:\pump\id_00\normal\00000011.wav,10.0,16000,160000,8,id_00,0,normal
D:\pump\id_00\normal\00000012.wav,10.0,16000,160000,8,id_00,0,normal
D:\pump\id_00\normal\00000013.wav,10.0,16000,160000,8,id_00,0,normal
D:\pump\id_00\normal\00000014.wav,10.0,16000,160000,8,id_00,0,normal
D:\pump\id_00\normal\00000015.wav,10.0,16000,160000,8,id_00,0,normal
D:\pump\id_00\normal\00000016.wav,10.0,16000,160000,8,id_00,0,normal
D:\pump\id_00\normal\00000017.wav,10.0,16000,160000,8,id_00,0,normal
D:\pump\id_00\normal\00000018.wav,10.0,16000,160000,8,id_00,0,normal
D:\pump\id_00\normal\00000019.wav,10.0,16000,160000,8,id_00,0,normal
D:\pump\id_00\normal\00000020.wav,10.0,16000,160000,8,id_00,0,normal
D:\pump\id_00\normal\00000021.wav,10.0,16000,160000,8,id_00,0,normal
D:\pump\id_00\normal\00000022.wav,10.0,16000,160000,8,id_00,0,normal
D:\pump\id_00\normal\00000023.wav,10.0,16000,160000,8,id_00,0,normal
D:\pump\id_00\normal\00000024.wav,10.0,16000,160000,8,id_00,0,normal
D:\pump\id_00\normal\00000025.wav,10.0,16000,160000,8,id_00,0,normal
D:\pump\id_00\normal\00000026.wav,10.0,16000,160000,8,id_00,0,normal
D:\pump\id_00\normal\00000027.wav,10.0,16000,160000,8,id_00,0,normal
D:\pump\id_00\normal\00000028.wav,10.0,16000,160000,8,id_00,0,normal
D:\pump\id_00\normal\00000029.wav,10.0,16000,160000,8,id_00,0,normal
D:\pump\id_00\normal\00000030.wav,10.0,16000,160000,8,id_00,0,normal
D:\pump\id_00\normal\00000031.wav,10.0,16000,160000,8,id_00,0,normal
D:\pump\id_00\normal\00000032.wav,10.0,16000,160000,8,id_00,0,normal
D:\pump\id_00\normal\00000033.wav,10.0,16000,160000,8,id_00,0,normal
D:\pump\id_00\normal\00000034.wav,10.0,16000,160000,8,id_00,0,normal
D:\pump\id_00\normal\00000035.wav,10.0,16000,160000,8,id_00,0,normal
D:\pump\id_00\normal\00000036.wav,10.0,16000,160000,8,id_00,0,normal
D:\pump\id_00\normal\00000037.wav,10.0,16000,160000,8,id_00,0,normal
D:\pump\id_00\normal\00000038.wav,10.0,16000,160000,8,id_00,0,normal
D:\pump\id_00\normal\00000039.wav,10.0,16000,160000,8,id_00,0,normal
D:\pump\id_00\normal\00000040.wav,10.0,16000,160000,8,id_00,0,normal
D:\pump\id_00\normal\00000041.wav,10.0,16000,160000,8,id_00,0,normal
D:\pump\id_00\normal\00000042.wav,10.0,16000,160000,8,id_00,0,normal
D:\pump\id_00\normal\00000043.wav,10.0,16000,160000,8,id_00,0,normal
D:\pump\id_00\normal\00000044.wav,10.0,16000,160000,8,id_00,0,normal
D:\pump\id_00\normal\00000045.wav,10.0,16000,160000,8,id_00,0,normal
D:\pump\id_00\normal\00000046.wav,10.0,16000,160000,8,id_00,0,normal
D:\pump\id_00\normal\00000047.wav,10.0,16000,160000,8,id_00,0,normal
D:\pump\id_00\normal\00000048.wav,10.0,16000,160000,8,id_00,0,normal
D:\pump\id_00\normal\00000049.wav,10.0,16000,160000,8,id_00,0,normal
D:\pump\id_00\normal\00000050.wav,10.0,16000,160000,8,id_00,0,normal
D:\pump\id_00\normal\00000051.wav,10.0,16000,160000,8,id_00,0,normal
D:\pump\id_00\normal\00000052.wav,10.0,16000,160000,8,id_00,0,normal
D:\pump\id_00\normal\00000053.wav,10.0,16000,160000,8,id_00,0,normal
D:\pump\id_00\normal\00000054.wav,10.0,16000,160000,8,id_00,0,normal
D:\pump\id_00\normal\00000055.wav,10.0,16000,160000,8,id_00,0,normal
D:\pump\id_00\normal\00000056.wav,10.0,16000,160000,8,id_00,0,normal
D:\pump\id_00\normal\00000057.wav,10.0,16000,160000,8,id_00,0,normal
D:\pump\id_00\normal\00000058.wav,10.0,16000,160000,8,id_00,0,normal
D:\pump\id_00\normal\00000059.wav,10.0,16000,160000,8,id_00,0,normal
D:\pump\id_00\normal\00000060.wav,10.0,16000,160000,8,id_00,0,normal
D:\pump\id_00\normal\00000061.wav,10.0,16000,160000,8,id_00,0,normal
D:\pump\id_00\normal\00000062.wav,10.0,16000,160000,8,id_00,0,normal
D:\pump\id_00\normal\00000063.wav,10.0,16000,160000,8,id_00,0,normal
D:\pump\id_00\normal\00000064.wav,10.0,16000,160000,8,id_00,0,normal
D:\pump\id_00\normal\00000065.wav,10.0,16000,160000,8,id_00,0,normal
D:\pump\id_00\normal\00000066.wav,10.0,16000,160000,8,id_00,0,normal
D:\pump\id_00\normal\00000067.wav,10.0,16000,160000,8,id_00,0,normal
D:\pump\id_00\normal\00000068.wav,10.0,16000,160000,8,id_00,0,normal
D:\pump\id_00\normal\00000069.wav,10.0,16000,160000,8,id_00,0,normal
D:\pump\id_00\normal\00000070.wav,10.0,16000,160000,8,id_00,0,normal
D:\pump\id_00\normal\00000071.wav,10.0,16000,160000,8,id_00,0,normal
D:\pump\id_00\normal\00000072.wav,10.0,16000,160000,8,id_00,0,normal
D:\pump\id_00\normal\00000073.wav,10.0,16000,160000,8,id_00,0,normal
D:\pump\id_00\normal\00000074.wav,10.0,16000,160000,8,id_00,0,normal
D:\pump\id_00\normal\00000075.wav,10.0,16000,160000,8,id_00,0,normal
D:\pump\id_00\normal\00000076.wav,10.0,16000,160000,8,id_00,0,normal
D:\pump\id_00\normal\00000077.wav,10.0,16000,160000,8,id_00,0,normal
D:\pump\id_00\normal\00000078.wav,10.0,16000,160000,8,id_00,0,normal
D:\pump\id_00\normal\00000079.wav,10.0,16000,160000,8,id_00,0,normal
D:\pump\id_00\normal\00000080.wav,10.0,16000,160000,8,id_00,0,normal
D:\pump\id_00\normal\00000081.wav,10.0,16000,160000,8,id_00,0,normal
D:\pump\id_00\normal\00000082.wav,10.0,16000,160000,8,id_00,0,normal
D:\pump\id_00\normal\00000083.wav,10.0,16000,160000,8,id_00,0,normal
D:\pump\id_00\normal\00000084.wav,10.0,16000,160000,8,id_00,0,normal
D:\pump\id_00\normal\00000085.wav,10.0,16000,160000,8,id_00,0,normal
D:\pump\id_00\normal\00000086.wav,10.0,16000,160000,8,id_00,0,normal
D:\pump\id_00\normal\00000087.wav,10.0,16000,160000,8,id_00,0,normal
D:\pump\id_00\normal\00000088.wav,10.0,16000,160000,8,id_00,0,normal
D:\pump\id_00\normal\00000089.wav,10.0,16000,160000,8,id_00,0,normal
D:\pump\id_00\normal\00000090.wav,10.0,16000,160000,8,id_00,0,normal
D:\pump\id_00\normal\00000091.wav,10.0,16000,160000,8,id_00,0,normal
D:\pump\id_00\normal\00000092.wav,10.0,16000,160000,8,id_00,0,normal
D:\pump\id_00\normal\00000093.wav,10.0,16000,160000,8,id_00,0,normal
D:\pump\id_00\normal\00000094.wav,10.0,16000,160000,8,id_00,0,normal
D:\pump\id_00\normal\00000095.wav,10.0,16000,160000,8,id_00,0,normal
D:\pump\id_00\normal\00000096.wav,10.0,16000,160000,8,id_00,0,normal
D:\pump\id_00\normal\00000097.wav,10.0,16000,160000,8,id_00,0,normal
D:\pump\id_00\normal\00000098.wav,10.0,16000,160000,8,id_00,0,normal
D:\pump\id_00\normal\00000099.wav,10.0,16000,160000,8,id_00,0,normal
D:\pump\id_00\normal\00000100.wav,10.0,16000,160000,8,id_00,0,normal
D:\pump\id_00\normal\00000101.wav,10.0,16000,160000,8,id_00,0,normal
D:\pump\id_00\normal\00000102.wav,10.0,16000,160000,8,id_00,0,normal
D:\pump\id_00\normal\00000103.wav,10.0,16000,160000,8,id_00,0,normal
D:\pump\id_00\normal\00000104.wav,10.0,16000,160000,8,id_00,0,normal
D:\pump\id_00\normal\00000105.wav,10.0,16000,160000,8,id_00,0,normal
D:\pump\id_00\normal\00000106.wav,10.0,16000,160000,8,id_00,0,normal
D:\pump\id_00\normal\00000107.wav,10.0,16000,160000,8,id_00,0,normal
D:\pump\id_00\normal\00000108.wav,10.0,16000,160000,8,id_00,0,normal
D:\pump\id_00\normal\00000109.wav,10.0,16000,160000,8,id_00,0,normal
D:\pump\id_00\normal\00000110.wav,10.0,16000,160000,8,id_00,0,normal
D:\pump\id_00\normal\00000111.wav,10.0,16000,160000,8,id_00,0,normal
D:\pump\id_00\normal\00000112.wav,10.0,16000,160000,8,id_00,0,normal
D:\pump\id_00\normal\00000113.wav,10.0,16000,160000,8,id_00,0,normal
D:\pump\id_00\normal\00000114.wav,10.0,16000,160000,8,id_00,0,normal
D:\pump\id_00\normal\00000115.wav,10.0,16000,160000,8,id_00,0,normal
D:\pump\id_00\normal\00000116.wav,10.0,16000,160000,8,id_00,0,normal
D:\pump\id_00\normal\00000117.wav,10.0,16000,160000,8,id_00,0,normal
D:\pump\id_00\normal\00000118.wav,10.0,16000,160000,8,id_00,0,normal
D:\pump\id_00\normal\00000119.wav,10.0,16000,160000,8,id_00,0,normal
D:\pump\id_00\normal\00000120.wav,10.0,16000,160000,8,id_00,0,normal
D:\pump\id_00\normal\00000121.wav,10.0,16000,160000,8,id_00,0,normal
D:\pump\id_00\normal\00000122.wav,10.0,16000,160000,8,id_00,0,normal
D:\pump\id_00\normal\00000123.wav,10.0,16000,160000,8,id_00,0,normal
D:\pump\id_00\normal\00000124.wav,10.0,16000,160000,8,id_00,0,normal
D:\pump\id_00\normal\00000125.wav,10.0,16000,160000,8,id_00,0,normal
D:\pump\id_00\normal\00000126.wav,10.0,16000,160000,8,id_00,0,normal
D:\pump\id_00\normal\00000127.wav,10.0,16000,160000,8,id_00,0,normal
D:\pump\id_00\normal\00000128.wav,10.0,16000,160000,8,id_00,0,normal
D:\pump\id_00\normal\00000129.wav,10.0,16000,160000,8,id_00,0,normal
D:\pump\id_00\normal\00000130.wav,10.0,16000,160000,8,id_00,0,normal
D:\pump\id_00\normal\00000131.wav,10.0,16000,160000,8,id_00,0,normal
D:\pump\id_00\normal\00000132.wav,10.0,16000,160000,8,id_00,0,normal
D:\pump\id_00\normal\00000133.wav,10.0,16000,160000,8,id_00,0,normal
D:\pump\id_00\normal\00000134.wav,10.0,16000,160000,8,id_00,0,normal
D:\pump\id_00\normal\00000135.wav,10.0,16000,160000,8,id_00,0,normal
D:\pump\id_00\normal\00000136.wav,10.0,16000,160000,8,id_00,0,normal
D:\pump\id_00\normal\00000137.wav,10.0,16000,160000,8,id_00,0,normal
D:\pump\id_00\normal\00000138.wav,10.0,16000,160000,8,id_00,0,normal
D:\pump\id_00\normal\00000139.wav,10.0,16000,160000,8,id_00,0,normal
D:\pump\id_00\normal\00000140.wav,10.0,16000,160000,8,id_00,0,normal
D:\pump\id_00\normal\00000141.wav,10.0,16000,160000,8,id_00,0,normal
D:\pump\id_00\normal\00000142.wav,10.0,16000,160000,8,id_00,0,normal
D:\pump\id_00\normal\00000143.wav,10.0,16000,160000,8,id_00,0,normal
D:\pump\id_00\normal\00000144.wav,10.0,16000,160000,8,id_00,0,normal
D:\pump\id_00\normal\00000145.wav,10.0,16000,160000,8,id_00,0,normal
D:\pump\id_00\normal\00000146.wav,10.0,16000,160000,8,id_00,0,normal
D:\pump\id_00\normal\00000147.wav,10.0,16000,160000,8,id_00,0,normal
D:\pump\id_00\normal\00000148.wav,10.0,16000,160000,8,id_00,0,normal
D:\pump\id_00\normal\00000149.wav,10.0,16000,160000,8,id_00,0,normal
D:\pump\id_00\normal\00000150.wav,10.0,16000,160000,8,id_00,0,normal
D:\pump\id_00\normal\00000151.wav,10.0,16000,160000,8,id_00,0,normal
D:\pump\id_00\normal\00000152.wav,10.0,16000,160000,8,id_00,0,normal
D:\pump\id_00\normal\00000153.wav,10.0,16000,160000,8,id_00,0,normal
D:\pump\id_00\normal\00000154.wav,10.0,16000,160000,8,id_00,0,normal
D:\pump\id_00\normal\00000155.wav,10.0,16000,160000,8,id_00,0,normal
D:\pump\id_00\normal\00000156.wav,10.0,16000,160000,8,id_00,0,normal
D:\pump\id_00\normal\00000157.wav,10.0,16000,160000,8,id_00,0,normal
D:\pump\id_00\normal\00000158.wav,10.0,16000,160000,8,id_00,0,normal
D:\pump\id_00\normal\00000159.wav,10.0,16000,160000,8,id_00,0,normal
D:\pump\id_00\normal\00000160.wav,10.0,16000,160000,8,id_00,0,normal
D:\pump\id_00\normal\00000161.wav,10.0,16000,160000,8,id_00,0,normal
D:\pump\id_00\normal\00000162.wav,10.0,16000,160000,8,id_00,0,normal
D:\pump\id_00\normal\00000163.wav,10.0,16000,160000,8,id_00,0,normal
D:\pump\id_00\normal\00000164.wav,10.0,16000,160000,8,id_00,0,normal
D:\pump\id_00\normal\00000165.wav,10.0,16000,160000,8,id_00,0,normal
D:\pump\id_00\normal\00000166.wav,10.0,16000,160000,8,id_00,0,normal
D:\pump\id_00\normal\00000167.wav,10.0,16000,160000,8,id_00,0,normal
D:\pump\id_00\normal\00000168.wav,10.0,16000,160000,8,id_00,0,normal
D:\pump\id_00\normal\00000169.wav,10.0,16000,160000,8,id_00,0,normal
D:\pump\id_00\normal\00000170.wav,10.0,16000,160000,8,id_00,0,normal
D:\pump\id_00\normal\00000171.wav,10.0,16000,160000,8,id_00,0,normal
D:\pump\id_00\normal\00000172.wav,10.0,16000,160000,8,id_00,0,normal
D:\pump\id_00\normal\00000173.wav,10.0,16000,160000,8,id_00,0,normal
D:\pump\id_00\normal\00000174.wav,10.0,16000,160000,8,id_00,0,normal
D:\pump\id_00\normal\00000175.wav,10.0,16000,160000,8,id_00,0,normal
D:\pump\id_00\normal\00000176.wav,10.0,16000,160000,8,id_00,0,normal
D:\pump\id_00\normal\00000177.wav,10.0,16000,160000,8,id_00,0,normal
D:\pump\id_00\normal\00000178.wav,10.0,16000,160000,8,id_00,0,normal
D:\pump\id_00\normal\00000179.wav,10.0,16000,160000,8,id_00,0,normal
D:\pump\id_00\normal\00000180.wav,10.0,16000,160000,8,id_00,0,normal
D:\pump\id_00\normal\00000181.wav,10.0,16000,160000,8,id_00,0,normal
D:\pump\id_00\normal\00000182.wav,10.0,16000,160000,8,id_00,0,normal
D:\pump\id_00\normal\00000183.wav,10.0,16000,160000,8,id_00,0,normal
D:\pump\id_00\normal\00000184.wav,10.0,16000,160000,8,id_00,0,normal
D:\pump\id_00\normal\00000185.wav,10.0,16000,160000,8,id_00,0,normal
D:\pump\id_00\normal\00000186.wav,10.0,16000,160000,8,id_00,0,normal
D:\pump\id_00\normal\00000187.wav,10.0,16000,160000,8,id_00,0,normal
D:\pump\id_00\normal\00000188.wav,10.0,16000,160000,8,id_00,0,normal
D:\pump\id_00\normal\00000189.wav,10.0,16000,160000,8,id_00,0,normal
D:\pump\id_00\normal\00000190.wav,10.0,16000,160000,8,id_00,0,normal
D:\pump\id_00\normal\00000191.wav,10.0,16000,160000,8,id_00,0,normal
D:\pump\id_00\normal\00000192.wav,10.0,16000,160000,8,id_00,0,normal
D:\pump\id_00\normal\00000193.wav,10.0,16000,160000,8,id_00,0,normal
D:\pump\id_00\normal\00000194.wav,10.0,16000,160000,8,id_00,0,normal
D:\pump\id_00\normal\00000195.wav,10.0,16000,160000,8,id_00,0,normal
D:\pump\id_00\normal\00000196.wav,10.0,16000,160000,8,id_00,0,normal
D:\pump\id_00\normal\00000197.wav,10.0,16000,160000,8,id_00,0,normal
D:\pump\id_00\normal\00000198.wav,10.0,16000,160000,8,id_00,0,normal
D:\pump\id_00\normal\00000199.wav,10.0,16000,160000,8,id_00,0,normal
D:\pump\id_00\normal\00000200.wav,10.0,16000,160000,8,id_00,0,normal
D:\pump\id_00\normal\00000201.wav,10.0,16000,160000,8,id_00,0,normal
D:\pump\id_00\normal\00000202.wav,10.0,16000,160000,8,id_00,0,normal
D:\pump\id_00\normal\00000203.wav,10.0,16000,160000,8,id_00,0,normal
D:\pump\id_00\normal\00000204.wav,10.0,16000,160000,8,id_00,0,normal
D:\pump\id_00\normal\00000205.wav,10.0,16000,160000,8,id_00,0,normal
D:\pump\id_00\normal\00000206.wav,10.0,16000,160000,8,id_00,0,normal
D:\pump\id_00\normal\00000207.wav,10.0,16000,160000,8,id_00,0,normal
D:\pump\id_00\normal\00000208.wav,10.0,16000,160000,8,id_00,0,normal
D:\pump\id_00\normal\00000209.wav,10.0,16000,160000,8,id_00,0,normal
D:\pump\id_00\normal\00000210.wav,10.0,16000,160000,8,id_00,0,normal
D:\pump\id_00\normal\00000211.wav,10.0,16000,160000,8,id_00,0,normal
D:\pump\id_00\normal\00000212.wav,10.0,16000,160000,8,id_00,0,normal
D:\pump\id_00\normal\00000213.wav,10.0,16000,160000,8,id_00,0,normal
D:\pump\id_00\normal\00000214.wav,10.0,16000,160000,8,id_00,0,normal
D:\pump\id_00\normal\00000215.wav,10.0,16000,160000,8,id_00,0,normal
D:\pump\id_00\normal\00000216.wav,10.0,16000,160000,8,id_00,0,normal
D:\pump\id_00\normal\00000217.wav,10.0,16000,160000,8,id_00,0,normal
D:\pump\id_00\normal\00000218.wav,10.0,16000,160000,8,id_00,0,normal
D:\pump\id_00\normal\00000219.wav,10.0,16000,160000,8,id_00,0,normal
D:\pump\id_00\normal\00000220.wav,10.0,16000,160000,8,id_00,0,normal
D:\pump\id_00\normal\00000221.wav,10.0,16000,160000,8,id_00,0,normal
D:\pump\id_00\normal\00000222.wav,10.0,16000,160000,8,id_00,0,normal
D:\pump\id_00\normal\00000223.wav,10.0,16000,160000,8,id_00,0,normal
D:\pump\id_00\normal\00000224.wav,10.0,16000,160000,8,id_00,0,normal
D:\pump\id_00\normal\00000225.wav,10.0,16000,160000,8,id_00,0,normal
D:\pump\id_00\normal\00000226.wav,10.0,16000,160000,8,id_00,0,normal
D:\pump\id_00\normal\00000227.wav,10.0,16000,160000,8,id_00,0,normal
D:\pump\id_00\normal\00000228.wav,10.0,16000,160000,8,id_00,0,normal
D:\pump\id_00\normal\00000229.wav,10.0,16000,160000,8,id_00,0,normal
D:\pump\id_00\normal\00000230.wav,10.0,16000,160000,8,id_00,0,normal
D:\pump\id_00\normal\00000231.wav,10.0,16000,160000,8,id_00,0,normal
D:\pump\id_00\normal\00000232.wav,10.0,16000,160000,8,id_00,0,normal
D:\pump\id_00\normal\00000233.wav,10.0,16000,160000,8,id_00,0,normal
D:\pump\id_00\normal\00000234.wav,10.0,16000,160000,8,id_00,0,normal
D:\pump\id_00\normal\00000235.wav,10.0,16000,160000,8,id_00,0,normal
D:\pump\id_00\normal\00000236.wav,10.0,16000,160000,8,id_00,0,normal
D:\pump\id_00\normal\00000237.wav,10.0,16000,160000,8,id_00,0,normal
D:\pump\id_00\normal\00000238.wav,10.0,16000,160000,8,id_00,0,normal
D:\pump\id_00\normal\00000239.wav,10.0,16000,160000,8,id_00,0,normal
D:\pump\id_00\normal\00000240.wav,10.0,16000,160000,8,id_00,0,normal
D:\pump\id_00\normal\00000241.wav,10.0,16000,160000,8,id_00,0,normal
D:\pump\id_00\normal\00000242.wav,10.0,16000,160000,8,id_00,0,normal
D:\pump\id_00\normal\00000243.wav,10.0,16000,160000,8,id_00,0,normal
D:\pump\id_00\normal\00000244.wav,10.0,16000,160000,8,id_00,0,normal
D:\pump\id_00\normal\00000245.wav,10.0,16000,160000,8,id_00,0,normal
D:\pump\id_00\normal\00000246.wav,10.0,16000,160000,8,id_00,0,normal
D:\pump\id_00\normal\00000247.wav,10.0,16000,160000,8,id_00,0,normal
D:\pump\id_00\normal\00000248.wav,10.0,16000,160000,8,id_00,0,normal
D:\pump\id_00\normal\00000249.wav,10.0,16000,160000,8,id_00,0,normal
D:\pump\id_00\normal\00000250.wav,10.0,16000,160000,8,id_00,0,normal
D:\pump\id_00\normal\00000251.wav,10.0,16000,160000,8,id_00,0,normal
D:\pump\id_00\normal\00000252.wav,10.0,16000,160000,8,id_00,0,normal
D:\pump\id_00\normal\00000253.wav,10.0,16000,160000,8,id_00,0,normal
D:\pump\id_00\normal\00000254.wav,10.0,16000,160000,8,id_00,0,normal
D:\pump\id_00\normal\00000255.wav,10.0,16000,160000,8,id_00,0,normal
D:\pump\id_00\normal\00000256.wav,10.0,16000,160000,8,id_00,0,normal
D:\pump\id_00\normal\00000257.wav,10.0,16000,160000,8,id_00,0,normal
D:\pump\id_00\normal\00000258.wav,10.0,16000,160000,8,id_00,0,normal
D:\pump\id_00\normal\00000259.wav,10.0,16000,160000,8,id_00,0,normal
D:\pump\id_00\normal\00000260.wav,10.0,16000,160000,8,id_00,0,normal
D:\pump\id_00\normal\00000261.wav,10.0,16000,160000,8,id_00,0,normal
D:\pump\id_00\normal\00000262.wav,10.0,16000,160000,8,id_00,0,normal
D:\pump\id_00\normal\00000263.wav,10.0,16000,160000,8,id_00,0,normal
D:\pump\id_00\normal\00000264.wav,10.0,16000,160000,8,id_00,0,normal
D:\pump\id_00\normal\00000265.wav,10.0,16000,160000,8,id_00,0,normal
D:\pump\id_00\normal\00000266.wav,10.0,16000,160000,8,id_00,0,normal
D:\pump\id_00\normal\00000267.wav,10.0,16000,160000,8,id_00,0,normal
D:\pump\id_00\normal\00000268.wav,10.0,16000,160000,8,id_00,0,normal
D:\pump\id_00\normal\00000269.wav,10.0,16000,160000,8,id_00,0,normal
D:\pump\id_00\normal\00000270.wav,10.0,16000,160000,8,id_00,0,normal
D:\pump\id_00\normal\00000271.wav,10.0,16000,160000,8,id_00,0,normal
D:\pump\id_00\normal\00000272.wav,10.0,16000,160000,8,id_00,0,normal
D:\pump\id_00\normal\00000273.wav,10.0,16000,160000,8,id_00,0,normal
D:\pump\id_00\normal\00000274.wav,10.0,16000,160000,8,id_00,0,normal
D:\pump\id_00\normal\00000275.wav,10.0,16000,160000,8,id_00,0,normal
D:\pump\id_00\normal\00000276.wav,10.0,16000,160000,8,id_00,0,normal
D:\pump\id_00\normal\00000277.wav,10.0,16000,160000,8,id_00,0,normal
D:\pump\id_00\normal\00000278.wav,10.0,16000,160000,8,id_00,0,normal
D:\pump\id_00\normal\00000279.wav,10.0,16000,160000,8,id_00,0,normal
D:\pump\id_00\normal\00000280.wav,10.0,16000,160000,8,id_00,0,normal
D:\pump\id_00\normal\00000281.wav,10.0,16000,160000,8,id_00,0,normal
D:\pump\id_00\normal\00000282.wav,10.0,16000,160000,8,id_00,0,normal
D:\pump\id_00\normal\00000283.wav,10.0,16000,160000,8,id_00,0,normal
D:\pump\id_00\normal\00000284.wav,10.0,16000,160000,8,id_00,0,normal
D:\pump\id_00\normal\00000285.wav,10.0,16000,160000,8,id_00,0,normal
D:\pump\id_00\normal\00000286.wav,10.0,16000,160000,8,id_00,0,normal
D:\pump\id_00\normal\00000287.wav,10.0,16000,160000,8,id_00,0,normal
D:\pump\id_00\normal\00000288.wav,10.0,16000,160000,8,id_00,0,normal
D:\pump\id_00\normal\00000289.wav,10.0,16000,160000,8,id_00,0,normal
D:\pump\id_00\normal\00000290.wav,10.0,16000,160000,8,id_00,0,normal
D:\pump\id_00\normal\00000291.wav,10.0,16000,160000,8,id_00,0,normal
D:\pump\id_00\normal\00000292.wav,10.0,16000,160000,8,id_00,0,normal
D:\pump\id_00\normal\00000293.wav,10.0,16000,160000,8,id_00,0,normal
D:\pump\id_00\normal\00000294.wav,10.0,16000,160000,8,id_00,0,normal
D:\pump\id_00\normal\00000295.wav,10.0,16000,160000,8,id_00,0,normal
D:\pump\id_00\normal\00000296.wav,10.0,16000,160000,8,id_00,0,normal
D:\pump\id_00\normal\00000297.wav,10.0,16000,160000,8,id_00,0,normal
D:\pump\id_00\normal\00000298.wav,10.0,16000,160000,8,id_00,0,normal
D:\pump\id_00\normal\00000299.wav,10.0,16000,160000,8,id_00,0,normal
D:\pump\id_00\normal\00000300.wav,10.0,16000,160000,8,id_00,0,normal
D:\pump\id_00\normal\00000301.wav,10.0,16000,160000,8,id_00,0,normal
D:\pump\id_00\normal\00000302.wav,10.0,16000,160000,8,id_00,0,normal
D:\pump\id_00\normal\00000303.wav,10.0,16000,160000,8,id_00,0,normal
D:\pump\id_00\normal\00000304.wav,10.0,16000,160000,8,id_00,0,normal
D:\pump\id_00\normal\00000305.wav,10.0,16000,160000,8,id_00,0,normal
D:\pump\id_00\normal\00000306.wav,10.0,16000,160000,8,id_00,0,normal
D:\pump\id_00\normal\00000307.wav,10.0,16000,160000,8,id_00,0,normal
D:\pump\id_00\normal\00000308.wav,10.0,16000,160000,8,id_00,0,normal
D:\pump\id_00\normal\00000309.wav,10.0,16000,160000,8,id_00,0,normal
D:\pump\id_00\normal\00000310.wav,10.0,16000,160000,8,id_00,0,normal
D:\pump\id_00\normal\00000311.wav,10.0,16000,160000,8,id_00,0,normal
D:\pump\id_00\normal\00000312.wav,10.0,16000,160000,8,id_00,0,normal
D:\pump\id_00\normal\00000313.wav,10.0,16000,160000,8,id_00,0,normal
D:\pump\id_00\normal\00000314.wav,10.0,16000,160000,8,id_00,0,normal
D:\pump\id_00\normal\00000315.wav,10.0,16000,160000,8,id_00,0,normal
D:\pump\id_00\normal\00000316.wav,10.0,16000,160000,8,id_00,0,normal
D:\pump\id_00\normal\00000317.wav,10.0,16000,160000,8,id_00,0,normal
D:\pump\id_00\normal\00000318.wav,10.0,16000,160000,8,id_00,0,normal
D:\pump\id_00\normal\00000319.wav,10.0,16000,160000,8,id_00,0,normal
D:\pump\id_00\normal\00000320.wav,10.0,16000,160000,8,id_00,0,normal
D:\pump\id_00\normal\00000321.wav,10.0,16000,160000,8,id_00,0,normal
D:\pump\id_00\normal\00000322.wav,10.0,16000,160000,8,id_00,0,normal
D:\pump\id_00\normal\00000323.wav,10.0,16000,160000,8,id_00,0,normal
D:\pump\id_00\normal\00000324.wav,10.0,16000,160000,8,id_00,0,normal
D:\pump\id_00\normal\00000325.wav,10.0,16000,160000,8,id_00,0,normal
D:\pump\id_00\normal\00000326.wav,10.0,16000,160000,8,id_00,0,normal
D:\pump\id_00\normal\00000327.wav,10.0,16000,160000,8,id_00,0,normal
D:\pump\id_00\normal\00000328.wav,10.0,16000,160000,8,id_00,0,normal
D:\pump\id_00\normal\00000329.wav,10.0,16000,160000,8,id_00,0,normal
D:\pump\id_00\normal\00000330.wav,10.0,16000,160000,8,id_00,0,normal
D:\pump\id_00\normal\00000331.wav,10.0,16000,160000,8,id_00,0,normal
D:\pump\id_00\normal\00000332.wav,10.0,16000,160000,8,id_00,0,normal
D:\pump\id_00\normal\00000333.wav,10.0,16000,160000,8,id_00,0,normal
D:\pump\id_00\normal\00000334.wav,10.0,16000,160000,8,id_00,0,normal
D:\pump\id_00\normal\00000335.wav,10.0,16000,160000,8,id_00,0,normal
D:\pump\id_00\normal\00000336.wav,10.0,16000,160000,8,id_00,0,normal
D:\pump\id_00\normal\00000337.wav,10.0,16000,160000,8,id_00,0,normal
D:\pump\id_00\normal\00000338.wav,10.0,16000,160000,8,id_00,0,normal
D:\pump\id_00\normal\00000339.wav,10.0,16000,160000,8,id_00,0,normal
D:\pump\id_00\normal\00000340.wav,10.0,16000,160000,8,id_00,0,normal
D:\pump\id_00\normal\00000341.wav,10.0,16000,160000,8,id_00,0,normal
D:\pump\id_00\normal\00000342.wav,10.0,16000,160000,8,id_00,0,normal
D:\pump\id_00\normal\00000343.wav,10.0,16000,160000,8,id_00,0,normal
D:\pump\id_00\normal\00000344.wav,10.0,16000,160000,8,id_00,0,normal
D:\pump\id_00\normal\00000345.wav,10.0,16000,160000,8,id_00,0,normal
D:\pump\id_00\normal\00000346.wav,10.0,16000,160000,8,id_00,0,normal
D:\pump\id_00\normal\00000347.wav,10.0,16000,160000,8,id_00,0,normal
D:\pump\id_00\normal\00000348.wav,10.0,16000,160000,8,id_00,0,normal
D:\pump\id_00\normal\00000349.wav,10.0,16000,160000,8,id_00,0,normal
D:\pump\id_00\normal\00000350.wav,10.0,16000,160000,8,id_00,0,normal
D:\pump\id_00\normal\00000351.wav,10.0,16000,160000,8,id_00,0,normal
D:\pump\id_00\normal\00000352.wav,10.0,16000,160000,8,id_00,0,normal
D:\pump\id_00\normal\00000353.wav,10.0,16000,160000,8,id_00,0,normal
D:\pump\id_00\normal\00000354.wav,10.0,16000,160000,8,id_00,0,normal
D:\pump\id_00\normal\00000355.wav,10.0,16000,160000,8,id_00,0,normal
D:\pump\id_00\normal\00000356.wav,10.0,16000,160000,8,id_00,0,normal
D:\pump\id_00\normal\00000357.wav,10.0,16000,160000,8,id_00,0,normal
D:\pump\id_00\normal\00000358.wav,10.0,16000,160000,8,id_00,0,normal
D:\pump\id_00\normal\00000359.wav,10.0,16000,160000,8,id_00,0,normal
D:\pump\id_00\normal\00000360.wav,10.0,16000,160000,8,id_00,0,normal
D:\pump\id_00\normal\00000361.wav,10.0,16000,160000,8,id_00,0,normal
D:\pump\id_00\normal\00000362.wav,10.0,16000,160000,8,id_00,0,normal
D:\pump\id_00\normal\00000363.wav,10.0,16000,160000,8,id_00,0,normal
D:\pump\id_00\normal\00000364.wav,10.0,16000,160000,8,id_00,0,normal
D:\pump\id_00\normal\00000365.wav,10.0,16000,160000,8,id_00,0,normal
D:\pump\id_00\normal\00000366.wav,10.0,16000,160000,8,id_00,0,normal
D:\pump\id_00\normal\00000367.wav,10.0,16000,160000,8,id_00,0,normal
D:\pump\id_00\normal\00000368.wav,10.0,16000,160000,8,id_00,0,normal
D:\pump\id_00\normal\00000369.wav,10.0,16000,160000,8,id_00,0,normal
D:\pump\id_00\normal\00000370.wav,10.0,16000,160000,8,id_00,0,normal
D:\pump\id_00\normal\00000371.wav,10.0,16000,160000,8,id_00,0,normal
D:\pump\id_00\normal\00000372.wav,10.0,16000,160000,8,id_00,0,normal
D:\pump\id_00\normal\00000373.wav,10.0,16000,160000,8,id_00,0,normal
D:\pump\id_00\normal\00000374.wav,10.0,16000,160000,8,id_00,0,normal
D:\pump\id_00\normal\00000375.wav,10.0,16000,160000,8,id_00,0,normal
D:\pump\id_00\normal\00000376.wav,10.0,16000,160000,8,id_00,0,normal
D:\pump\id_00\normal\00000377.wav,10.0,16000,160000,8,id_00,0,normal
D:\pump\id_00\normal\00000378.wav,10.0,16000,160000,8,id_00,0,normal
D:\pump\id_00\normal\00000379.wav,10.0,16000,160000,8,id_00,0,normal
D:\pump\id_00\normal\00000380.wav,10.0,16000,160000,8,id_00,0,normal
D:\pump\id_00\normal\00000381.wav,10.0,16000,160000,8,id_00,0,normal
D:\pump\id_00\normal\00000382.wav,10.0,16000,160000,8,id_00,0,normal
D:\pump\id_00\normal\00000383.wav,10.0,16000,160000,8,id_00,0,normal
D:\pump\id_00\normal\00000384.wav,10.0,16000,160000,8,id_00,0,normal
D:\pump\id_00\normal\00000385.wav,10.0,16000,160000,8,id_00,0,normal
D:\pump\id_00\normal\00000386.wav,10.0,16000,160000,8,id_00,0,normal
D:\pump\id_00\normal\00000387.wav,10.0,16000,160000,8,id_00,0,normal
D:\pump\id_00\normal\00000388.wav,10.0,16000,160000,8,id_00,0,normal
D:\pump\id_00\normal\00000389.wav,10.0,16000,160000,8,id_00,0,normal
D:\pump\id_00\normal\00000390.wav,10.0,16000,160000,8,id_00,0,normal
D:\pump\id_00\normal\00000391.wav,10.0,16000,160000,8,id_00,0,normal
D:\pump\id_00\normal\00000392.wav,10.0,16000,160000,8,id_00,0,normal
D:\pump\id_00\normal\00000393.wav,10.0,16000,160000,8,id_00,0,normal
D:\pump\id_00\normal\00000394.wav,10.0,16000,160000,8,id_00,0,normal
D:\pump\id_00\normal\00000395.wav,10.0,16000,160000,8,id_00,0,normal
D:\pump\id_00\normal\00000396.wav,10.0,16000,160000,8,id_00,0,normal
D:\pump\id_00\normal\00000397.wav,10.0,16000,160000,8,id_00,0,normal
D:\pump\id_00\normal\00000398.wav,10.0,16000,160000,8,id_00,0,normal
D:\pump\id_00\normal\00000399.wav,10.0,16000,160000,8,id_00,0,normal
D:\pump\id_00\normal\00000400.wav,10.0,16000,160000,8,id_00,0,normal
D:\pump\id_00\normal\00000401.wav,10.0,16000,160000,8,id_00,0,normal
D:\pump\id_00\normal\00000402.wav,10.0,16000,160000,8,id_00,0,normal
D:\pump\id_00\normal\00000403.wav,10.0,16000,160000,8,id_00,0,normal
D:\pump\id_00\normal\00000404.wav,10.0,16000,160000,8,id_00,0,normal
D:\pump\id_00\normal\00000405.wav,10.0,16000,160000,8,id_00,0,normal
D:\pump\id_00\normal\00000406.wav,10.0,16000,160000,8,id_00,0,normal
D:\pump\id_00\normal\00000407.wav,10.0,16000,160000,8,id_00,0,normal
D:\pump\id_00\normal\00000408.wav,10.0,16000,160000,8,id_00,0,normal
D:\pump\id_00\normal\00000409.wav,10.0,16000,160000,8,id_00,0,normal
D:\pump\id_00\normal\00000410.wav,10.0,16000,160000,8,id_00,0,normal
D:\pump\id_00\normal\00000411.wav,10.0,16000,160000,8,id_00,0,normal
D:\pump\id_00\normal\00000412.wav,10.0,16000,160000,8,id_00,0,normal
D:\pump\id_00\normal\00000413.wav,10.0,16000,160000,8,id_00,0,normal
D:\pump\id_00\normal\00000414.wav,10.0,16000,160000,8,id_00,0,normal
D:\pump\id_00\normal\00000415.wav,10.0,16000,160000,8,id_00,0,normal
D:\pump\id_00\normal\00000416.wav,10.0,16000,160000,8,id_00,0,normal
D:\pump\id_00\normal\00000417.wav,10.0,16000,160000,8,id_00,0,normal
D:\pump\id_00\normal\00000418.wav,10.0,16000,160000,8,id_00,0,normal
D:\pump\id_00\normal\00000419.wav,10.0,16000,160000,8,id_00,0,normal
D:\pump\id_00\normal\00000420.wav,10.0,16000,160000,8,id_00,0,normal
D:\pump\id_00\normal\00000421.wav,10.0,16000,160000,8,id_00,0,normal
D:\pump\id_00\normal\00000422.wav,10.0,16000,160000,8,id_00,0,normal
D:\pump\id_00\normal\00000423.wav,10.0,16000,160000,8,id_00,0,normal
D:\pump\id_00\normal\00000424.wav,10.0,16000,160000,8,id_00,0,normal
D:\pump\id_00\normal\00000425.wav,10.0,16000,160000,8,id_00,0,normal
D:\pump\id_00\normal\00000426.wav,10.0,16000,160000,8,id_00,0,normal
D:\pump\id_00\normal\00000427.wav,10.0,16000,160000,8,id_00,0,normal
D:\pump\id_00\normal\00000428.wav,10.0,16000,160000,8,id_00,0,normal
D:\pump\id_00\normal\00000429.wav,10.0,16000,160000,8,id_00,0,normal
D:\pump\id_00\normal\00000430.wav,10.0,16000,160000,8,id_00,0,normal
D:\pump\id_00\normal\00000431.wav,10.0,16000,160000,8,id_00,0,normal
D:\pump\id_00\normal\00000432.wav,10.0,16000,160000,8,id_00,0,normal
D:\pump\id_00\normal\00000433.wav,10.0,16000,160000,8,id_00,0,normal
D:\pump\id_00\normal\00000434.wav,10.0,16000,160000,8,id_00,0,normal
D:\pump\id_00\normal\00000435.wav,10.0,16000,160000,8,id_00,0,normal
D:\pump\id_00\normal\00000436.wav,10.0,16000,160000,8,id_00,0,normal
D:\pump\id_00\normal\00000437.wav,10.0,16000,160000,8,id_00,0,normal
D:\pump\id_00\normal\00000438.wav,10.0,16000,160000,8,id_00,0,normal
D:\pump\id_00\normal\00000439.wav,10.0,16000,160000,8,id_00,0,normal
D:\pump\id_00\normal\00000440.wav,10.0,16000,160000,8,id_00,0,normal
D:\pump\id_00\normal\00000441.wav,10.0,16000,160000,8,id_00,0,normal
D:\pump\id_00\normal\00000442.wav,10.0,16000,160000,8,id_00,0,normal
D:\pump\id_00\normal\00000443.wav,10.0,16000,160000,8,id_00,0,normal
D:\pump\id_00\normal\00000444.wav,10.0,16000,160000,8,id_00,0,normal
D:\pump\id_00\normal\00000445.wav,10.0,16000,160000,8,id_00,0,normal
D:\pump\id_00\normal\00000446.wav,10.0,16000,160000,8,id_00,0,normal
D:\pump\id_00\normal\00000447.wav,10.0,16000,160000,8,id_00,0,normal
D:\pump\id_00\normal\00000448.wav,10.0,16000,160000,8,id_00,0,normal
D:\pump\id_00\normal\00000449.wav,10.0,16000,160000,8,id_00,0,normal
D:\pump\id_00\normal\00000450.wav,10.0,16000,160000,8,id_00,0,normal
D:\pump\id_00\normal\00000451.wav,10.0,16000,160000,8,id_00,0,normal
D:\pump\id_00\normal\00000452.wav,10.0,16000,160000,8,id_00,0,normal
D:\pump\id_00\normal\00000453.wav,10.0,16000,160000,8,id_00,0,normal
D:\pump\id_00\normal\00000454.wav,10.0,16000,160000,8,id_00,0,normal
D:\pump\id_00\normal\00000455.wav,10.0,16000,160000,8,id_00,0,normal
D:\pump\id_00\normal\00000456.wav,10.0,16000,160000,8,id_00,0,normal
D:\pump\id_00\normal\00000457.wav,10.0,16000,160000,8,id_00,0,normal
D:\pump\id_00\normal\00000458.wav,10.0,16000,160000,8,id_00,0,normal
D:\pump\id_00\normal\00000459.wav,10.0,16000,160000,8,id_00,0,normal
D:\pump\id_00\normal\00000460.wav,10.0,16000,160000,8,id_00,0,normal
D:\pump\id_00\normal\00000461.wav,10.0,16000,160000,8,id_00,0,normal
D:\pump\id_00\normal\00000462.wav,10.0,16000,160000,8,id_00,0,normal
D:\pump\id_00\normal\00000463.wav,10.0,16000,160000,8,id_00,0,normal
D:\pump\id_00\normal\00000464.wav,10.0,16000,160000,8,id_00,0,normal
D:\pump\id_00\normal\00000465.wav,10.0,16000,160000,8,id_00,0,normal
D:\pump\id_00\normal\00000466.wav,10.0,16000,160000,8,id_00,0,normal
D:\pump\id_00\normal\00000467.wav,10.0,16000,160000,8,id_00,0,normal
D:\pump\id_00\normal\00000468.wav,10.0,16000,160000,8,id_00,0,normal
D:\pump\id_00\normal\00000469.wav,10.0,16000,160000,8,id_00,0,normal
D:\pump\id_00\normal\00000470.wav,10.0,16000,160000,8,id_00,0,normal
D:\pump\id_00\normal\00000471.wav,10.0,16000,160000,8,id_00,0,normal
D:\pump\id_00\normal\00000472.wav,10.0,16000,160000,8,id_00,0,normal
D:\pump\id_00\normal\00000473.wav,10.0,16000,160000,8,id_00,0,normal
D:\pump\id_00\normal\00000474.wav,10.0,16000,160000,8,id_00,0,normal
D:\pump\id_00\normal\00000475.wav,10.0,16000,160000,8,id_00,0,normal
D:\pump\id_00\normal\00000476.wav,10.0,16000,160000,8,id_00,0,normal
D:\pump\id_00\normal\00000477.wav,10.0,16000,160000,8,id_00,0,normal
D:\pump\id_00\normal\00000478.wav,10.0,16000,160000,8,id_00,0,normal
D:\pump\id_00\normal\00000479.wav,10.0,16000,160000,8,id_00,0,normal
D:\pump\id_00\normal\00000480.wav,10.0,16000,160000,8,id_00,0,normal
D:\pump\id_00\normal\00000481.wav,10.0,16000,160000,8,id_00,0,normal
D:\pump\id_00\normal\00000482.wav,10.0,16000,160000,8,id_00,0,normal
D:\pump\id_00\normal\00000483.wav,10.0,16000,160000,8,id_00,0,normal
D:\pump\id_00\normal\00000484.wav,10.0,16000,160000,8,id_00,0,normal
D:\pump\id_00\normal\00000485.wav,10.0,16000,160000,8,id_00,0,normal
D:\pump\id_00\normal\00000486.wav,10.0,16000,160000,8,id_00,0,normal
D:\pump\id_00\normal\00000487.wav,10.0,16000,160000,8,id_00,0,normal
D:\pump\id_00\normal\00000488.wav,10.0,16000,160000,8,id_00,0,normal
D:\pump\id_00\normal\00000489.wav,10.0,16000,160000,8,id_00,0,normal
D:\pump\id_00\normal\00000490.wav,10.0,16000,160000,8,id_00,0,normal
D:\pump\id_00\normal\00000491.wav,10.0,16000,160000,8,id_00,0,normal
D:\pump\id_00\normal\00000492.wav,10.0,16000,160000,8,id_00,0,normal
D:\pump\id_00\normal\00000493.wav,10.0,16000,160000,8,id_00,0,normal
D:\pump\id_00\normal\00000494.wav,10.0,16000,160000,8,id_00,0,normal
D:\pump\id_00\normal\00000495.wav,10.0,16000,160000,8,id_00,0,normal
D:\pump\id_00\normal\00000496.wav,10.0,16000,160000,8,id_00,0,normal
D:\pump\id_00\normal\00000497.wav,10.0,16000,160000,8,id_00,0,normal
D:\pump\id_00\normal\00000498.wav,10.0,16000,160000,8,id_00,0,normal
D:\pump\id_00\normal\00000499.wav,10.0,16000,160000,8,id_00,0,normal
D:\pump\id_00\normal\00000500.wav,10.0,16000,160000,8,id_00,0,normal
D:\pump\id_00\normal\00000501.wav,10.0,16000,160000,8,id_00,0,normal
D:\pump\id_00\normal\00000502.wav,10.0,16000,160000,8,id_00,0,normal
D:\pump\id_00\normal\00000503.wav,10.0,16000,160000,8,id_00,0,normal
D:\pump\id_00\normal\00000504.wav,10.0,16000,160000,8,id_00,0,normal
D:\pump\id_00\normal\00000505.wav,10.0,16000,160000,8,id_00,0,normal
D:\pump\id_00\normal\00000506.wav,10.0,16000,160000,8,id_00,0,normal
D:\pump\id_00\normal\00000507.wav,10.0,16000,160000,8,id_00,0,normal
D:\pump\id_00\normal\00000508.wav,10.0,16000,160000,8,id_00,0,normal
D:\pump\id_00\normal\00000509.wav,10.0,16000,160000,8,id_00,0,normal
D:\pump\id_00\normal\00000510.wav,10.0,16000,160000,8,id_00,0,normal
D:\pump\id_00\normal\00000511.wav,10.0,16000,160000,8,id_00,0,normal
D:\pump\id_00\normal\00000512.wav,10.0,16000,160000,8,id_00,0,normal
D:\pump\id_00\normal\00000513.wav,10.0,16000,160000,8,id_00,0,normal
D:\pump\id_00\normal\00000514.wav,10.0,16000,160000,8,id_00,0,normal
D:\pump\id_00\normal\00000515.wav,10.0,16000,160000,8,id_00,0,normal
D:\pump\id_00\normal\00000516.wav,10.0,16000,160000,8,id_00,0,normal
D:\pump\id_00\normal\00000517.wav,10.0,16000,160000,8,id_00,0,normal
D:\pump\id_00\normal\00000518.wav,10.0,16000,160000,8,id_00,0,normal
D:\pump\id_00\normal\00000519.wav,10.0,16000,160000,8,id_00,0,normal
D:\pump\id_00\normal\00000520.wav,10.0,16000,160000,8,id_00,0,normal
D:\pump\id_00\normal\00000521.wav,10.0,16000,160000,8,id_00,0,normal
D:\pump\id_00\normal\00000522.wav,10.0,16000,160000,8,id_00,0,normal
D:\pump\id_00\normal\00000523.wav,10.0,16000,160000,8,id_00,0,normal
D:\pump\id_00\normal\00000524.wav,10.0,16000,160000,8,id_00,0,normal
D:\pump\id_00\normal\00000525.wav,10.0,16000,160000,8,id_00,0,normal
D:\pump\id_00\normal\00000526.wav,10.0,16000,160000,8,id_00,0,normal
D:\pump\id_00\normal\00000527.wav,10.0,16000,160000,8,id_00,0,normal
D:\pump\id_00\normal\00000528.wav,10.0,16000,160000,8,id_00,0,normal
D:\pump\id_00\normal\00000529.wav,10.0,16000,160000,8,id_00,0,normal
D:\pump\id_00\normal\00000530.wav,10.0,16000,160000,8,id_00,0,normal
D:\pump\id_00\normal\00000531.wav,10.0,16000,160000,8,id_00,0,normal
D:\pump\id_00\normal\00000532.wav,10.0,16000,160000,8,id_00,0,normal
D:\pump\id_00\normal\00000533.wav,10.0,16000,160000,8,id_00,0,normal
D:\pump\id_00\normal\00000534.wav,10.0,16000,160000,8,id_00,0,normal
D:\pump\id_00\normal\00000535.wav,10.0,16000,160000,8,id_00,0,normal
D:\pump\id_00\normal\00000536.wav,10.0,16000,160000,8,id_00,0,normal
D:\pump\id_00\normal\00000537.wav,10.0,16000,160000,8,id_00,0,normal
D:\pump\id_00\normal\00000538.wav,10.0,16000,160000,8,id_00,0,normal
D:\pump\id_00\normal\00000539.wav,10.0,16000,160000,8,id_00,0,normal
D:\pump\id_00\normal\00000540.wav,10.0,16000,160000,8,id_00,0,normal
D:\pump\id_00\normal\00000541.wav,10.0,16000,160000,8,id_00,0,normal
D:\pump\id_00\normal\00000542.wav,10.0,16000,160000,8,id_00,0,normal
D:\pump\id_00\normal\00000543.wav,10.0,16000,160000,8,id_00,0,normal
D:\pump\id_00\normal\00000544.wav,10.0,16000,160000,8,id_00,0,normal
D:\pump\id_00\normal\00000545.wav,10.0,16000,160000,8,id_00,0,normal
D:\pump\id_00\normal\00000546.wav,10.0,16000,160000,8,id_00,0,normal
D:\pump\id_00\normal\00000547.wav,10.0,16000,160000,8,id_00,0,normal
D:\pump\id_00\normal\00000548.wav,10.0,16000,160000,8,id_00,0,normal
D:\pump\id_00\normal\00000549.wav,10.0,16000,160000,8,id_00,0,normal
D:\pump\id_00\normal\00000550.wav,10.0,16000,160000,8,id_00,0,normal
D:\pump\id_00\normal\00000551.wav,10.0,16000,160000,8,id_00,0,normal
D:\pump\id_00\normal\00000552.wav,10.0,16000,160000,8,id_00,0,normal
D:\pump\id_00\normal\00000553.wav,10.0,16000,160000,8,id_00,0,normal
D:\pump\id_00\normal\00000554.wav,10.0,16000,160000,8,id_00,0,normal
D:\pump\id_00\normal\00000555.wav,10.0,16000,160000,8,id_00,0,normal
D:\pump\id_00\normal\00000556.wav,10.0,16000,160000,8,id_00,0,normal
D:\pump\id_00\normal\00000557.wav,10.0,16000,160000,8,id_00,0,normal
D:\pump\id_00\normal\00000558.wav,10.0,16000,160000,8,id_00,0,normal
D:\pump\id_00\normal\00000559.wav,10.0,16000,160000,8,id_00,0,normal
D:\pump\id_00\normal\00000560.wav,10.0,16000,160000,8,id_00,0,normal
D:\pump\id_00\normal\00000561.wav,10.0,16000,160000,8,id_00,0,normal
D:\pump\id_00\normal\00000562.wav,10.0,16000,160000,8,id_00,0,normal
D:\pump\id_00\normal\00000563.wav,10.0,16000,160000,8,id_00,0,normal
D:\pump\id_00\normal\00000564.wav,10.0,16000,160000,8,id_00,0,normal
D:\pump\id_00\normal\00000565.wav,10.0,16000,160000,8,id_00,0,normal
D:\pump\id_00\normal\00000566.wav,10.0,16000,160000,8,id_00,0,normal
D:\pump\id_00\normal\00000567.wav,10.0,16000,160000,8,id_00,0,normal
D:\pump\id_00\normal\00000568.wav,10.0,16000,160000,8,id_00,0,normal
D:\pump\id_00\normal\00000569.wav,10.0,16000,160000,8,id_00,0,normal
D:\pump\id_00\normal\00000570.wav,10.0,16000,160000,8,id_00,0,normal
D:\pump\id_00\normal\00000571.wav,10.0,16000,160000,8,id_00,0,normal
D:\pump\id_00\normal\00000572.wav,10.0,16000,160000,8,id_00,0,normal
D:\pump\id_00\normal\00000573.wav,10.0,16000,160000,8,id_00,0,normal
D:\pump\id_00\normal\00000574.wav,10.0,16000,160000,8,id_00,0,normal
D:\pump\id_00\normal\00000575.wav,10.0,16000,160000,8,id_00,0,normal
D:\pump\id_00\normal\00000576.wav,10.0,16000,160000,8,id_00,0,normal
D:\pump\id_00\normal\00000577.wav,10.0,16000,160000,8,id_00,0,normal
D:\pump\id_00\normal\00000578.wav,10.0,16000,160000,8,id_00,0,normal
D:\pump\id_00\normal\00000579.wav,10.0,16000,160000,8,id_00,0,normal
D:\pump\id_00\normal\00000580.wav,10.0,16000,160000,8,id_00,0,normal
D:\pump\id_00\normal\00000581.wav,10.0,16000,160000,8,id_00,0,normal
D:\pump\id_00\normal\00000582.wav,10.0,16000,160000,8,id_00,0,normal
D:\pump\id_00\normal\00000583.wav,10.0,16000,160000,8,id_00,0,normal
D:\pump\id_00\normal\00000584.wav,10.0,16000,160000,8,id_00,0,normal
D:\pump\id_00\normal\00000585.wav,10.0,16000,160000,8,id_00,0,normal
D:\pump\id_00\normal\00000586.wav,10.0,16000,160000,8,id_00,0,normal
D:\pump\id_00\normal\00000587.wav,10.0,16000,160000,8,id_00,0,normal
D:\pump\id_00\normal\00000588.wav,10.0,16000,160000,8,id_00,0,normal
D:\pump\id_00\normal\00000589.wav,10.0,16000,160000,8,id_00,0,normal
D:\pump\id_00\normal\00000590.wav,10.0,16000,160000,8,id_00,0,normal
D:\pump\id_00\normal\00000591.wav,10.0,16000,160000,8,id_00,0,normal
D:\pump\id_00\normal\00000592.wav,10.0,16000,160000,8,id_00,0,normal
D:\pump\id_00\normal\00000593.wav,10.0,16000,160000,8,id_00,0,normal
D:\pump\id_00\normal\00000594.wav,10.0,16000,160000,8,id_00,0,normal
D:\pump\id_00\normal\00000595.wav,10.0,16000,160000,8,id_00,0,normal
D:\pump\id_00\normal\00000596.wav,10.0,16000,160000,8,id_00,0,normal
D:\pump\id_00\normal\00000597.wav,10.0,16000,160000,8,id_00,0,normal
D:\pump\id_00\normal\00000598.wav,10.0,16000,160000,8,id_00,0,normal
D:\pump\id_00\normal\00000599.wav,10.0,16000,160000,8,id_00,0,normal
D:\pump\id_00\normal\00000600.wav,10.0,16000,160000,8,id_00,0,normal
D:\pump\id_00\normal\00000601.wav,10.0,16000,160000,8,id_00,0,normal
D:\pump\id_00\normal\00000602.wav,10.0,16000,160000,8,id_00,0,normal
D:\pump\id_00\normal\00000603.wav,10.0,16000,160000,8,id_00,0,normal
D:\pump\id_00\normal\00000604.wav,10.0,16000,160000,8,id_00,0,normal
D:\pump\id_00\normal\00000605.wav,10.0,16000,160000,8,id_00,0,normal
D:\pump\id_00\normal\00000606.wav,10.0,16000,160000,8,id_00,0,normal
D:\pump\id_00\normal\00000607.wav,10.0,16000,160000,8,id_00,0,normal
D:\pump\id_00\normal\00000608.wav,10.0,16000,160000,8,id_00,0,normal
D:\pump\id_00\normal\00000609.wav,10.0,16000,160000,8,id_00,0,normal
D:\pump\id_00\normal\00000610.wav,10.0,16000,160000,8,id_00,0,normal
D:\pump\id_00\normal\00000611.wav,10.0,16000,160000,8,id_00,0,normal
D:\pump\id_00\normal\00000612.wav,10.0,16000,160000,8,id_00,0,normal
D:\pump\id_00\normal\00000613.wav,10.0,16000,160000,8,id_00,0,normal
D:\pump\id_00\normal\00000614.wav,10.0,16000,160000,8,id_00,0,normal
D:\pump\id_00\normal\00000615.wav,10.0,16000,160000,8,id_00,0,normal
D:\pump\id_00\normal\00000616.wav,10.0,16000,160000,8,id_00,0,normal
D:\pump\id_00\normal\00000617.wav,10.0,16000,160000,8,id_00,0,normal
D:\pump\id_00\normal\00000618.wav,10.0,16000,160000,8,id_00,0,normal
D:\pump\id_00\normal\00000619.wav,10.0,16000,160000,8,id_00,0,normal
D:\pump\id_00\normal\00000620.wav,10.0,16000,160000,8,id_00,0,normal
D:\pump\id_00\normal\00000621.wav,10.0,16000,160000,8,id_00,0,normal
D:\pump\id_00\normal\00000622.wav,10.0,16000,160000,8,id_00,0,normal
D:\pump\id_00\normal\00000623.wav,10.0,16000,160000,8,id_00,0,normal
D:\pump\id_00\normal\00000624.wav,10.0,16000,160000,8,id_00,0,normal
D:\pump\id_00\normal\00000625.wav,10.0,16000,160000,8,id_00,0,normal
D:\pump\id_00\normal\00000626.wav,10.0,16000,160000,8,id_00,0,normal
D:\pump\id_00\normal\00000627.wav,10.0,16000,160000,8,id_00,0,normal
D:\pump\id_00\normal\00000628.wav,10.0,16000,160000,8,id_00,0,normal
D:\pump\id_00\normal\00000629.wav,10.0,16000,160000,8,id_00,0,normal
D:\pump\id_00\normal\00000630.wav,10.0,16000,160000,8,id_00,0,normal
D:\pump\id_00\normal\00000631.wav,10.0,16000,160000,8,id_00,0,normal
D:\pump\id_00\normal\00000632.wav,10.0,16000,160000,8,id_00,0,normal
D:\pump\id_00\normal\00000633.wav,10.0,16000,160000,8,id_00,0,normal
D:\pump\id_00\normal\00000634.wav,10.0,16000,160000,8,id_00,0,normal
D:\pump\id_00\normal\00000635.wav,10.0,16000,160000,8,id_00,0,normal
D:\pump\id_00\normal\00000636.wav,10.0,16000,160000,8,id_00,0,normal
D:\pump\id_00\normal\00000637.wav,10.0,16000,160000,8,id_00,0,normal
D:\pump\id_00\normal\00000638.wav,10.0,16000,160000,8,id_00,0,normal
D:\pump\id_00\normal\00000639.wav,10.0,16000,160000,8,id_00,0,normal
D:\pump\id_00\normal\00000640.wav,10.0,16000,160000,8,id_00,0,normal
D:\pump\id_00\normal\00000641.wav,10.0,16000,160000,8,id_00,0,normal
D:\pump\id_00\normal\00000642.wav,10.0,16000,160000,8,id_00,0,normal
D:\pump\id_00\normal\00000643.wav,10.0,16000,160000,8,id_00,0,normal
D:\pump\id_00\normal\00000644.wav,10.0,16000,160000,8,id_00,0,normal
D:\pump\id_00\normal\00000645.wav,10.0,16000,160000,8,id_00,0,normal
D:\pump\id_00\normal\00000646.wav,10.0,16000,160000,8,id_00,0,normal
D:\pump\id_00\normal\00000647.wav,10.0,16000,160000,8,id_00,0,normal
D:\pump\id_00\normal\00000648.wav,10.0,16000,160000,8,id_00,0,normal
D:\pump\id_00\normal\00000649.wav,10.0,16000,160000,8,id_00,0,normal
D:\pump\id_00\normal\00000650.wav,10.0,16000,160000,8,id_00,0,normal
D:\pump\id_00\normal\00000651.wav,10.0,16000,160000,8,id_00,0,normal
D:\pump\id_00\normal\00000652.wav,10.0,16000,160000,8,id_00,0,normal
D:\pump\id_00\normal\00000653.wav,10.0,16000,160000,8,id_00,0,normal
D:\pump\id_00\normal\00000654.wav,10.0,16000,160000,8,id_00,0,normal
D:\pump\id_00\normal\00000655.wav,10.0,16000,160000,8,id_00,0,normal
D:\pump\id_00\normal\00000656.wav,10.0,16000,160000,8,id_00,0,normal
D:\pump\id_00\normal\00000657.wav,10.0,16000,160000,8,id_00,0,normal
D:\pump\id_00\normal\00000658.wav,10.0,16000,160000,8,id_00,0,normal
D:\pump\id_00\normal\00000659.wav,10.0,16000,160000,8,id_00,0,normal
D:\pump\id_00\normal\00000660.wav,10.0,16000,160000,8,id_00,0,normal
D:\pump\id_00\normal\00000661.wav,10.0,16000,160000,8,id_00,0,normal
D:\pump\id_00\normal\00000662.wav,10.0,16000,160000,8,id_00,0,normal
D:\pump\id_00\normal\00000663.wav,10.0,16000,160000,8,id_00,0,normal
D:\pump\id_00\normal\00000664.wav,10.0,16000,160000,8,id_00,0,normal
D:\pump\id_00\normal\00000665.wav,10.0,16000,160000,8,id_00,0,normal
D:\pump\id_00\normal\00000666.wav,10.0,16000,160000,8,id_00,0,normal
D:\pump\id_00\normal\00000667.wav,10.0,16000,160000,8,id_00,0,normal
D:\pump\id_00\normal\00000668.wav,10.0,16000,160000,8,id_00,0,normal
D:\pump\id_00\normal\00000669.wav,10.0,16000,160000,8,id_00,0,normal
D:\pump\id_00\normal\00000670.wav,10.0,16000,160000,8,id_00,0,normal
D:\pump\id_00\normal\00000671.wav,10.0,16000,160000,8,id_00,0,normal
D:\pump\id_00\normal\00000672.wav,10.0,16000,160000,8,id_00,0,normal
D:\pump\id_00\normal\00000673.wav,10.0,16000,160000,8,id_00,0,normal
D:\pump\id_00\normal\00000674.wav,10.0,16000,160000,8,id_00,0,normal
D:\pump\id_00\normal\00000675.wav,10.0,16000,160000,8,id_00,0,normal
D:\pump\id_00\normal\00000676.wav,10.0,16000,160000,8,id_00,0,normal
D:\pump\id_00\normal\00000677.wav,10.0,16000,160000,8,id_00,0,normal
D:\pump\id_00\normal\00000678.wav,10.0,16000,160000,8,id_00,0,normal
D:\pump\id_00\normal\00000679.wav,10.0,16000,160000,8,id_00,0,normal
D:\pump\id_00\normal\00000680.wav,10.0,16000,160000,8,id_00,0,normal
D:\pump\id_00\normal\00000681.wav,10.0,16000,160000,8,id_00,0,normal
D:\pump\id_00\normal\00000682.wav,10.0,16000,160000,8,id_00,0,normal
D:\pump\id_00\normal\00000683.wav,10.0,16000,160000,8,id_00,0,normal
D:\pump\id_00\normal\00000684.wav,10.0,16000,160000,8,id_00,0,normal
D:\pump\id_00\normal\00000685.wav,10.0,16000,160000,8,id_00,0,normal
D:\pump\id_00\normal\00000686.wav,10.0,16000,160000,8,id_00,0,normal
D:\pump\id_00\normal\00000687.wav,10.0,16000,160000,8,id_00,0,normal
D:\pump\id_00\normal\00000688.wav,10.0,16000,160000,8,id_00,0,normal
D:\pump\id_00\normal\00000689.wav,10.0,16000,160000,8,id_00,0,normal
D:\pump\id_00\normal\00000690.wav,10.0,16000,160000,8,id_00,0,normal
D:\pump\id_00\normal\00000691.wav,10.0,16000,160000,8,id_00,0,normal
D:\pump\id_00\normal\00000692.wav,10.0,16000,160000,8,id_00,0,normal
D:\pump\id_00\normal\00000693.wav,10.0,16000,160000,8,id_00,0,normal
D:\pump\id_00\normal\00000694.wav,10.0,16000,160000,8,id_00,0,normal
D:\pump\id_00\normal\00000695.wav,10.0,16000,160000,8,id_00,0,normal
D:\pump\id_00\normal\00000696.wav,10.0,16000,160000,8,id_00,0,normal
D:\pump\id_00\normal\00000697.wav,10.0,16000,160000,8,id_00,0,normal
D:\pump\id_00\normal\00000698.wav,10.0,16000,160000,8,id_00,0,normal
D:\pump\id_00\normal\00000699.wav,10.0,16000,160000,8,id_00,0,normal
D:\pump\id_00\normal\00000700.wav,10.0,16000,160000,8,id_00,0,normal
D:\pump\id_00\normal\00000701.wav,10.0,16000,160000,8,id_00,0,normal
D:\pump\id_00\normal\00000702.wav,10.0,16000,160000,8,id_00,0,normal
D:\pump\id_00\normal\00000703.wav,10.0,16000,160000,8,id_00,0,normal
D:\pump\id_00\normal\00000704.wav,10.0,16000,160000,8,id_00,0,normal
D:\pump\id_00\normal\00000705.wav,10.0,16000,160000,8,id_00,0,normal
D:\pump\id_00\normal\00000706.wav,10.0,16000,160000,8,id_00,0,normal
D:\pump\id_00\normal\00000707.wav,10.0,16000,160000,8,id_00,0,normal
D:\pump\id_00\normal\00000708.wav,10.0,16000,160000,8,id_00,0,normal
D:\pump\id_00\normal\00000709.wav,10.0,16000,160000,8,id_00,0,normal
D:\pump\id_00\normal\00000710.wav,10.0,16000,160000,8,id_00,0,normal
D:\pump\id_00\normal\00000711.wav,10.0,16000,160000,8,id_00,0,normal
D:\pump\id_00\normal\00000712.wav,10.0,16000,160000,8,id_00,0,normal
D:\pump\id_00\normal\00000713.wav,10.0,16000,160000,8,id_00,0,normal
D:\pump\id_00\normal\00000714.wav,10.0,16000,160000,8,id_00,0,normal
D:\pump\id_00\normal\00000715.wav,10.0,16000,160000,8,id_00,0,normal
D:\pump\id_00\normal\00000716.wav,10.0,16000,160000,8,id_00,0,normal
D:\pump\id_00\normal\00000717.wav,10.0,16000,160000,8,id_00,0,normal
D:\pump\id_00\normal\00000718.wav,10.0,16000,160000,8,id_00,0,normal
D:\pump\id_00\normal\00000719.wav,10.0,16000,160000,8,id_00,0,normal
D:\pump\id_00\normal\00000720.wav,10.0,16000,160000,8,id_00,0,normal
D:\pump\id_00\normal\00000721.wav,10.0,16000,160000,8,id_00,0,normal
D:\pump\id_00\normal\00000722.wav,10.0,16000,160000,8,id_00,0,normal
D:\pump\id_00\normal\00000723.wav,10.0,16000,160000,8,id_00,0,normal
D:\pump\id_00\normal\00000724.wav,10.0,16000,160000,8,id_00,0,normal
D:\pump\id_00\normal\00000725.wav,10.0,16000,160000,8,id_00,0,normal
D:\pump\id_00\normal\00000726.wav,10.0,16000,160000,8,id_00,0,normal
D:\pump\id_00\normal\00000727.wav,10.0,16000,160000,8,id_00,0,normal
D:\pump\id_00\normal\00000728.wav,10.0,16000,160000,8,id_00,0,normal
D:\pump\id_00\normal\00000729.wav,10.0,16000,160000,8,id_00,0,normal
D:\pump\id_00\normal\00000730.wav,10.0,16000,160000,8,id_00,0,normal
D:\pump\id_00\normal\00000731.wav,10.0,16000,160000,8,id_00,0,normal
D:\pump\id_00\normal\00000732.wav,10.0,16000,160000,8,id_00,0,normal
D:\pump\id_00\normal\00000733.wav,10.0,16000,160000,8,id_00,0,normal
D:\pump\id_00\normal\00000734.wav,10.0,16000,160000,8,id_00,0,normal
D:\pump\id_00\normal\00000735.wav,10.0,16000,160000,8,id_00,0,normal
D:\pump\id_00\normal\00000736.wav,10.0,16000,160000,8,id_00,0,normal
D:\pump\id_00\normal\00000737.wav,10.0,16000,160000,8,id_00,0,normal
D:\pump\id_00\normal\00000738.wav,10.0,16000,160000,8,id_00,0,normal
D:\pump\id_00\normal\00000739.wav,10.0,16000,160000,8,id_00,0,normal
D:\pump\id_00\normal\00000740.wav,10.0,16000,160000,8,id_00,0,normal
D:\pump\id_00\normal\00000741.wav,10.0,16000,160000,8,id_00,0,normal
D:\pump\id_00\normal\00000742.wav,10.0,16000,160000,8,id_00,0,normal
D:\pump\id_00\normal\00000743.wav,10.0,16000,160000,8,id_00,0,normal
D:\pump\id_00\normal\00000744.wav,10.0,16000,160000,8,id_00,0,normal
D:\pump\id_00\normal\00000745.wav,10.0,16000,160000,8,id_00,0,normal
D:\pump\id_00\normal\00000746.wav,10.0,16000,160000,8,id_00,0,normal
D:\pump\id_00\normal\00000747.wav,10.0,16000,160000,8,id_00,0,normal
D:\pump\id_00\normal\00000748.wav,10.0,16000,160000,8,id_00,0,normal
D:\pump\id_00\normal\00000749.wav,10.0,16000,160000,8,id_00,0,normal
D:\pump\id_00\normal\00000750.wav,10.0,16000,160000,8,id_00,0,normal
D:\pump\id_00\normal\00000751.wav,10.0,16000,160000,8,id_00,0,normal
D:\pump\id_00\normal\00000752.wav,10.0,16000,160000,8,id_00,0,normal
D:\pump\id_00\normal\00000753.wav,10.0,16000,160000,8,id_00,0,normal
D:\pump\id_00\normal\00000754.wav,10.0,16000,160000,8,id_00,0,normal
D:\pump\id_00\normal\00000755.wav,10.0,16000,160000,8,id_00,0,normal
D:\pump\id_00\normal\00000756.wav,10.0,16000,160000,8,id_00,0,normal
D:\pump\id_00\normal\00000757.wav,10.0,16000,160000,8,id_00,0,normal
D:\pump\id_00\normal\00000758.wav,10.0,16000,160000,8,id_00,0,normal
D:\pump\id_00\normal\00000759.wav,10.0,16000,160000,8,id_00,0,normal
D:\pump\id_00\normal\00000760.wav,10.0,16000,160000,8,id_00,0,normal
D:\pump\id_00\normal\00000761.wav,10.0,16000,160000,8,id_00,0,normal
D:\pump\id_00\normal\00000762.wav,10.0,16000,160000,8,id_00,0,normal
D:\pump\id_00\normal\00000763.wav,10.0,16000,160000,8,id_00,0,normal
D:\pump\id_00\normal\00000764.wav,10.0,16000,160000,8,id_00,0,normal
D:\pump\id_00\normal\00000765.wav,10.0,16000,160000,8,id_00,0,normal
D:\pump\id_00\normal\00000766.wav,10.0,16000,160000,8,id_00,0,normal
D:\pump\id_00\normal\00000767.wav,10.0,16000,160000,8,id_00,0,normal
D:\pump\id_00\normal\00000768.wav,10.0,16000,160000,8,id_00,0,normal
D:\pump\id_00\normal\00000769.wav,10.0,16000,160000,8,id_00,0,normal
D:\pump\id_00\normal\00000770.wav,10.0,16000,160000,8,id_00,0,normal
D:\pump\id_00\normal\00000771.wav,10.0,16000,160000,8,id_00,0,normal
D:\pump\id_00\normal\00000772.wav,10.0,16000,160000,8,id_00,0,normal
D:\pump\id_00\normal\00000773.wav,10.0,16000,160000,8,id_00,0,normal
D:\pump\id_00\normal\00000774.wav,10.0,16000,160000,8,id_00,0,normal
D:\pump\id_00\normal\00000775.wav,10.0,16000,160000,8,id_00,0,normal
D:\pump\id_00\normal\00000776.wav,10.0,16000,160000,8,id_00,0,normal
D:\pump\id_00\normal\00000777.wav,10.0,16000,160000,8,id_00,0,normal
D:\pump\id_00\normal\00000778.wav,10.0,16000,160000,8,id_00,0,normal
D:\pump\id_00\normal\00000779.wav,10.0,16000,160000,8,id_00,0,normal
D:\pump\id_00\normal\00000780.wav,10.0,16000,160000,8,id_00,0,normal
D:\pump\id_00\normal\00000781.wav,10.0,16000,160000,8,id_00,0,normal
D:\pump\id_00\normal\00000782.wav,10.0,16000,160000,8,id_00,0,normal
D:\pump\id_00\normal\00000783.wav,10.0,16000,160000,8,id_00,0,normal
D:\pump\id_00\normal\00000784.wav,10.0,16000,160000,8,id_00,0,normal
D:\pump\id_00\normal\00000785.wav,10.0,16000,160000,8,id_00,0,normal
D:\pump\id_00\normal\00000786.wav,10.0,16000,160000,8,id_00,0,normal
D:\pump\id_00\normal\00000787.wav,10.0,16000,160000,8,id_00,0,normal
D:\pump\id_00\normal\00000788.wav,10.0,16000,160000,8,id_00,0,normal
D:\pump\id_00\normal\00000789.wav,10.0,16000,160000,8,id_00,0,normal
D:\pump\id_00\normal\00000790.wav,10.0,16000,160000,8,id_00,0,normal
D:\pump\id_00\normal\00000791.wav,10.0,16000,160000,8,id_00,0,normal
D:\pump\id_00\normal\00000792.wav,10.0,16000,160000,8,id_00,0,normal
D:\pump\id_00\normal\00000793.wav,10.0,16000,160000,8,id_00,0,normal
D:\pump\id_00\normal\00000794.wav,10.0,16000,160000,8,id_00,0,normal
D:\pump\id_00\normal\00000795.wav,10.0,16000,160000,8,id_00,0,normal
D:\pump\id_00\normal\00000796.wav,10.0,16000,160000,8,id_00,0,normal
D:\pump\id_00\normal\00000797.wav,10.0,16000,160000,8,id_00,0,normal
D:\pump\id_00\normal\00000798.wav,10.0,16000,160000,8,id_00,0,normal
D:\pump\id_00\normal\00000799.wav,10.0,16000,160000,8,id_00,0,normal
D:\pump\id_00\normal\00000800.wav,10.0,16000,160000,8,id_00,0,normal
D:\pump\id_00\normal\00000801.wav,10.0,16000,160000,8,id_00,0,normal
D:\pump\id_00\normal\00000802.wav,10.0,16000,160000,8,id_00,0,normal
D:\pump\id_00\normal\00000803.wav,10.0,16000,160000,8,id_00,0,normal
D:\pump\id_00\normal\00000804.wav,10.0,16000,160000,8,id_00,0,normal
D:\pump\id_00\normal\00000805.wav,10.0,16000,160000,8,id_00,0,normal
D:\pump\id_00\normal\00000806.wav,10.0,16000,160000,8,id_00,0,normal
D:\pump\id_00\normal\00000807.wav,10.0,16000,160000,8,id_00,0,normal
D:\pump\id_00\normal\00000808.wav,10.0,16000,160000,8,id_00,0,normal
D:\pump\id_00\normal\00000809.wav,10.0,16000,160000,8,id_00,0,normal
D:\pump\id_00\normal\00000810.wav,10.0,16000,160000,8,id_00,0,normal
D:\pump\id_00\normal\00000811.wav,10.0,16000,160000,8,id_00,0,normal
D:\pump\id_00\normal\00000812.wav,10.0,16000,160000,8,id_00,0,normal
D:\pump\id_00\normal\00000813.wav,10.0,16000,160000,8,id_00,0,normal
D:\pump\id_00\normal\00000814.wav,10.0,16000,160000,8,id_00,0,normal
D:\pump\id_00\normal\00000815.wav,10.0,16000,160000,8,id_00,0,normal
D:\pump\id_00\normal\00000816.wav,10.0,16000,160000,8,id_00,0,normal
D:\pump\id_00\normal\00000817.wav,10.0,16000,160000,8,id_00,0,normal
D:\pump\id_00\normal\00000818.wav,10.0,16000,160000,8,id_00,0,normal
D:\pump\id_00\normal\00000819.wav,10.0,16000,160000,8,id_00,0,normal
D:\pump\id_00\normal\00000820.wav,10.0,16000,160000,8,id_00,0,normal
D:\pump\id_00\normal\00000821.wav,10.0,16000,160000,8,id_00,0,normal
D:\pump\id_00\normal\00000822.wav,10.0,16000,160000,8,id_00,0,normal
D:\pump\id_00\normal\00000823.wav,10.0,16000,160000,8,id_00,0,normal
D:\pump\id_00\normal\00000824.wav,10.0,16000,160000,8,id_00,0,normal
D:\pump\id_00\normal\00000825.wav,10.0,16000,160000,8,id_00,0,normal
D:\pump\id_00\normal\00000826.wav,10.0,16000,160000,8,id_00,0,normal
D:\pump\id_00\normal\00000827.wav,10.0,16000,160000,8,id_00,0,normal
D:\pump\id_00\normal\00000828.wav,10.0,16000,160000,8,id_00,0,normal
D:\pump\id_00\normal\00000829.wav,10.0,16000,160000,8,id_00,0,normal
D:\pump\id_00\normal\00000830.wav,10.0,16000,160000,8,id_00,0,normal
D:\pump\id_00\normal\00000831.wav,10.0,16000,160000,8,id_00,0,normal
D:\pump\id_00\normal\00000832.wav,10.0,16000,160000,8,id_00,0,normal
D:\pump\id_00\normal\00000833.wav,10.0,16000,160000,8,id_00,0,normal
D:\pump\id_00\normal\00000834.wav,10.0,16000,160000,8,id_00,0,normal
D:\pump\id_00\normal\00000835.wav,10.0,16000,160000,8,id_00,0,normal
D:\pump\id_00\normal\00000836.wav,10.0,16000,160000,8,id_00,0,normal
D:\pump\id_00\normal\00000837.wav,10.0,16000,160000,8,id_00,0,normal
D:\pump\id_00\normal\00000838.wav,10.0,16000,160000,8,id_00,0,normal
D:\pump\id_00\normal\00000839.wav,10.0,16000,160000,8,id_00,0,normal
D:\pump\id_00\normal\00000840.wav,10.0,16000,160000,8,id_00,0,normal
D:\pump\id_00\normal\00000841.wav,10.0,16000,160000,8,id_00,0,normal
D:\pump\id_00\normal\00000842.wav,10.0,16000,160000,8,id_00,0,normal
D:\pump\id_00\normal\00000843.wav,10.0,16000,160000,8,id_00,0,normal
D:\pump\id_00\normal\00000844.wav,10.0,16000,160000,8,id_00,0,normal
D:\pump\id_00\normal\00000845.wav,10.0,16000,160000,8,id_00,0,normal
D:\pump\id_00\normal\00000846.wav,10.0,16000,160000,8,id_00,0,normal
D:\pump\id_00\normal\00000847.wav,10.0,16000,160000,8,id_00,0,normal
D:\pump\id_00\normal\00000848.wav,10.0,16000,160000,8,id_00,0,normal
D:\pump\id_00\normal\00000849.wav,10.0,16000,160000,8,id_00,0,normal
D:\pump\id_00\normal\00000850.wav,10.0,16000,160000,8,id_00,0,normal
D:\pump\id_00\normal\00000851.wav,10.0,16000,160000,8,id_00,0,normal
D:\pump\id_00\normal\00000852.wav,10.0,16000,160000,8,id_00,0,normal
D:\pump\id_00\normal\00000853.wav,10.0,16000,160000,8,id_00,0,normal
D:\pump\id_00\normal\00000854.wav,10.0,16000,160000,8,id_00,0,normal
D:\pump\id_00\normal\00000855.wav,10.0,16000,160000,8,id_00,0,normal
D:\pump\id_00\normal\00000856.wav,10.0,16000,160000,8,id_00,0,normal
D:\pump\id_00\normal\00000857.wav,10.0,16000,160000,8,id_00,0,normal
D:\pump\id_00\normal\00000858.wav,10.0,16000,160000,8,id_00,0,normal
D:\pump\id_00\normal\00000859.wav,10.0,16000,160000,8,id_00,0,normal
D:\pump\id_00\normal\00000860.wav,10.0,16000,160000,8,id_00,0,normal
D:\pump\id_00\normal\00000861.wav,10.0,16000,160000,8,id_00,0,normal
D:\pump\id_00\normal\00000862.wav,10.0,16000,160000,8,id_00,0,normal
D:\pump\id_00\normal\00000863.wav,10.0,16000,160000,8,id_00,0,normal
D:\pump\id_00\normal\00000864.wav,10.0,16000,160000,8,id_00,0,normal
D:\pump\id_00\normal\00000865.wav,10.0,16000,160000,8,id_00,0,normal
D:\pump\id_00\normal\00000866.wav,10.0,16000,160000,8,id_00,0,normal
D:\pump\id_00\normal\00000867.wav,10.0,16000,160000,8,id_00,0,normal
D:\pump\id_00\normal\00000868.wav,10.0,16000,160000,8,id_00,0,normal
D:\pump\id_00\normal\00000869.wav,10.0,16000,160000,8,id_00,0,normal
D:\pump\id_00\normal\00000870.wav,10.0,16000,160000,8,id_00,0,normal
D:\pump\id_00\normal\00000871.wav,10.0,16000,160000,8,id_00,0,normal
D:\pump\id_00\normal\00000872.wav,10.0,16000,160000,8,id_00,0,normal
D:\pump\id_00\normal\00000873.wav,10.0,16000,160000,8,id_00,0,normal
D:\pump\id_00\normal\00000874.wav,10.0,16000,160000,8,id_00,0,normal
D:\pump\id_00\normal\00000875.wav,10.0,16000,160000,8,id_00,0,normal
D:\pump\id_00\normal\00000876.wav,10.0,16000,160000,8,id_00,0,normal
D:\pump\id_00\normal\00000877.wav,10.0,16000,160000,8,id_00,0,normal
D:\pump\id_00\normal\00000878.wav,10.0,16000,160000,8,id_00,0,normal
D:\pump\id_00\normal\00000879.wav,10.0,16000,160000,8,id_00,0,normal
D:\pump\id_00\normal\00000880.wav,10.0,16000,160000,8,id_00,0,normal
D:\pump\id_00\normal\00000881.wav,10.0,16000,160000,8,id_00,0,normal
D:\pump\id_00\normal\00000882.wav,10.0,16000,160000,8,id_00,0,normal
D:\pump\id_00\normal\00000883.wav,10.0,16000,160000,8,id_00,0,normal
D:\pump\id_00\normal\00000884.wav,10.0,16000,160000,8,id_00,0,normal
D:\pump\id_00\normal\00000885.wav,10.0,16000,160000,8,id_00,0,normal
D:\pump\id_00\normal\00000886.wav,10.0,16000,160000,8,id_00,0,normal
D:\pump\id_00\normal\00000887.wav,10.0,16000,160000,8,id_00,0,normal
D:\pump\id_00\normal\00000888.wav,10.0,16000,160000,8,id_00,0,normal
D:\pump\id_00\normal\00000889.wav,10.0,16000,160000,8,id_00,0,normal
D:\pump\id_00\normal\00000890.wav,10.0,16000,160000,8,id_00,0,normal
D:\pump\id_00\normal\00000891.wav,10.0,16000,160000,8,id_00,0,normal
D:\pump\id_00\normal\00000892.wav,10.0,16000,160000,8,id_00,0,normal
D:\pump\id_00\normal\00000893.wav,10.0,16000,160000,8,id_00,0,normal
D:\pump\id_00\normal\00000894.wav,10.0,16000,160000,8,id_00,0,normal
D:\pump\id_00\normal\00000895.wav,10.0,16000,160000,8,id_00,0,normal
D:\pump\id_00\normal\00000896.wav,10.0,16000,160000,8,id_00,0,normal
D:\pump\id_00\normal\00000897.wav,10.0,16000,160000,8,id_00,0,normal
D:\pump\id_00\normal\00000898.wav,10.0,16000,160000,8,id_00,0,normal
D:\pump\id_00\normal\00000899.wav,10.0,16000,160000,8,id_00,0,normal
D:\pump\id_00\normal\00000900.wav,10.0,16000,160000,8,id_00,0,normal
D:\pump\id_00\normal\00000901.wav,10.0,16000,160000,8,id_00,0,normal
D:\pump\id_00\normal\00000902.wav,10.0,16000,160000,8,id_00,0,normal
D:\pump\id_00\normal\00000903.wav,10.0,16000,160000,8,id_00,0,normal
D:\pump\id_00\normal\00000904.wav,10.0,16000,160000,8,id_00,0,normal
D:\pump\id_00\normal\00000905.wav,10.0,16000,160000,8,id_00,0,normal
D:\pump\id_00\normal\00000906.wav,10.0,16000,160000,8,id_00,0,normal
D:\pump\id_00\normal\00000907.wav,10.0,16000,160000,8,id_00,0,normal
D:\pump\id_00\normal\00000908.wav,10.0,16000,160000,8,id_00,0,normal
D:\pump\id_00\normal\00000909.wav,10.0,16000,160000,8,id_00,0,normal
D:\pump\id_00\normal\00000910.wav,10.0,16000,160000,8,id_00,0,normal
D:\pump\id_00\normal\00000911.wav,10.0,16000,160000,8,id_00,0,normal
D:\pump\id_00\normal\00000912.wav,10.0,16000,160000,8,id_00,0,normal
D:\pump\id_00\normal\00000913.wav,10.0,16000,160000,8,id_00,0,normal
D:\pump\id_00\normal\00000914.wav,10.0,16000,160000,8,id_00,0,normal
D:\pump\id_00\normal\00000915.wav,10.0,16000,160000,8,id_00,0,normal
D:\pump\id_00\normal\00000916.wav,10.0,16000,160000,8,id_00,0,normal
D:\pump\id_00\normal\00000917.wav,10.0,16000,160000,8,id_00,0,normal
D:\pump\id_00\normal\00000918.wav,10.0,16000,160000,8,id_00,0,normal
D:\pump\id_00\normal\00000919.wav,10.0,16000,160000,8,id_00,0,normal
D:\pump\id_00\normal\00000920.wav,10.0,16000,160000,8,id_00,0,normal
D:\pump\id_00\normal\00000921.wav,10.0,16000,160000,8,id_00,0,normal
D:\pump\id_00\normal\00000922.wav,10.0,16000,160000,8,id_00,0,normal
D:\pump\id_00\normal\00000923.wav,10.0,16000,160000,8,id_00,0,normal
D:\pump\id_00\normal\00000924.wav,10.0,16000,160000,8,id_00,0,normal
D:\pump\id_00\normal\00000925.wav,10.0,16000,160000,8,id_00,0,normal
D:\pump\id_00\normal\00000926.wav,10.0,16000,160000,8,id_00,0,normal
D:\pump\id_00\normal\00000927.wav,10.0,16000,160000,8,id_00,0,normal
D:\pump\id_00\normal\00000928.wav,10.0,16000,160000,8,id_00,0,normal
D:\pump\id_00\normal\00000929.wav,10.0,16000,160000,8,id_00,0,normal
D:\pump\id_00\normal\00000930.wav,10.0,16000,160000,8,id_00,0,normal
D:\pump\id_00\normal\00000931.wav,10.0,16000,160000,8,id_00,0,normal
D:\pump\id_00\normal\00000932.wav,10.0,16000,160000,8,id_00,0,normal
D:\pump\id_00\normal\00000933.wav,10.0,16000,160000,8,id_00,0,normal
D:\pump\id_00\normal\00000934.wav,10.0,16000,160000,8,id_00,0,normal
D:\pump\id_00\normal\00000935.wav,10.0,16000,160000,8,id_00,0,normal
D:\pump\id_00\normal\00000936.wav,10.0,16000,160000,8,id_00,0,normal
D:\pump\id_00\normal\00000937.wav,10.0,16000,160000,8,id_00,0,normal
D:\pump\id_00\normal\00000938.wav,10.0,16000,160000,8,id_00,0,normal
D:\pump\id_00\normal\00000939.wav,10.0,16000,160000,8,id_00,0,normal
D:\pump\id_00\normal\00000940.wav,10.0,16000,160000,8,id_00,0,normal
D:\pump\id_00\normal\00000941.wav,10.0,16000,160000,8,id_00,0,normal
D:\pump\id_00\normal\00000942.wav,10.0,16000,160000,8,id_00,0,normal
D:\pump\id_00\normal\00000943.wav,10.0,16000,160000,8,id_00,0,normal
D:\pump\id_00\normal\00000944.wav,10.0,16000,160000,8,id_00,0,normal
D:\pump\id_00\normal\00000945.wav,10.0,16000,160000,8,id_00,0,normal
D:\pump\id_00\normal\00000946.wav,10.0,16000,160000,8,id_00,0,normal
D:\pump\id_00\normal\00000947.wav,10.0,16000,160000,8,id_00,0,normal
D:\pump\id_00\normal\00000948.wav,10.0,16000,160000,8,id_00,0,normal
D:\pump\id_00\normal\00000949.wav,10.0,16000,160000,8,id_00,0,normal
D:\pump\id_00\normal\00000950.wav,10.0,16000,160000,8,id_00,0,normal
D:\pump\id_00\normal\00000951.wav,10.0,16000,160000,8,id_00,0,normal
D:\pump\id_00\normal\00000952.wav,10.0,16000,160000,8,id_00,0,normal
D:\pump\id_00\normal\00000953.wav,10.0,16000,160000,8,id_00,0,normal
D:\pump\id_00\normal\00000954.wav,10.0,16000,160000,8,id_00,0,normal
D:\pump\id_00\normal\00000955.wav,10.0,16000,160000,8,id_00,0,normal
D:\pump\id_00\normal\00000956.wav,10.0,16000,160000,8,id_00,0,normal
D:\pump\id_00\normal\00000957.wav,10.0,16000,160000,8,id_00,0,normal
D:\pump\id_00\normal\00000958.wav,10.0,16000,160000,8,id_00,0,normal
D:\pump\id_00\normal\00000959.wav,10.0,16000,160000,8,id_00,0,normal
D:\pump\id_00\normal\00000960.wav,10.0,16000,160000,8,id_00,0,normal
D:\pump\id_00\normal\00000961.wav,10.0,16000,160000,8,id_00,0,normal
D:\pump\id_00\normal\00000962.wav,10.0,16000,160000,8,id_00,0,normal
D:\pump\id_00\normal\00000963.wav,10.0,16000,160000,8,id_00,0,normal
D:\pump\id_00\normal\00000964.wav,10.0,16000,160000,8,id_00,0,normal
D:\pump\id_00\normal\00000965.wav,10.0,16000,160000,8,id_00,0,normal
D:\pump\id_00\normal\00000966.wav,10.0,16000,160000,8,id_00,0,normal
D:\pump\id_00\normal\00000967.wav,10.0,16000,160000,8,id_00,0,normal
D:\pump\id_00\normal\00000968.wav,10.0,16000,160000,8,id_00,0,normal
D:\pump\id_00\normal\00000969.wav,10.0,16000,160000,8,id_00,0,normal
D:\pump\id_00\normal\00000970.wav,10.0,16000,160000,8,id_00,0,normal
D:\pump\id_00\normal\00000971.wav,10.0,16000,160000,8,id_00,0,normal
D:\pump\id_00\normal\00000972.wav,10.0,16000,160000,8,id_00,0,normal
D:\pump\id_00\normal\00000973.wav,10.0,16000,160000,8,id_00,0,normal
D:\pump\id_00\normal\00000974.wav,10.0,16000,160000,8,id_00,0,normal
D:\pump\id_00\normal\00000975.wav,10.0,16000,160000,8,id_00,0,normal
D:\pump\id_00\normal\00000976.wav,10.0,16000,160000,8,id_00,0,normal
D:\pump\id_00\normal\00000977.wav,10.0,16000,160000,8,id_00,0,normal
D:\pump\id_00\normal\00000978.wav,10.0,16000,160000,8,id_00,0,normal
D:\pump\id_00\normal\00000979.wav,10.0,16000,160000,8,id_00,0,normal
D:\pump\id_00\normal\00000980.wav,10.0,16000,160000,8,id_00,0,normal
D:\pump\id_00\normal\00000981.wav,10.0,16000,160000,8,id_00,0,normal
D:\pump\id_00\normal\00000982.wav,10.0,16000,160000,8,id_00,0,normal
D:\pump\id_00\normal\00000983.wav,10.0,16000,160000,8,id_00,0,normal
D:\pump\id_00\normal\00000984.wav,10.0,16000,160000,8,id_00,0,normal
D:\pump\id_00\normal\00000985.wav,10.0,16000,160000,8,id_00,0,normal
D:\pump\id_00\normal\00000986.wav,10.0,16000,160000,8,id_00,0,normal
D:\pump\id_00\normal\00000987.wav,10.0,16000,160000,8,id_00,0,normal
D:\pump\id_00\normal\00000988.wav,10.0,16000,160000,8,id_00,0,normal
D:\pump\id_00\normal\00000989.wav,10.0,16000,160000,8,id_00,0,normal
D:\pump\id_00\normal\00000990.wav,10.0,16000,160000,8,id_00,0,normal
D:\pump\id_00\normal\00000991.wav,10.0,16000,160000,8,id_00,0,normal
D:\pump\id_00\normal\00000992.wav,10.0,16000,160000,8,id_00,0,normal
D:\pump\id_00\normal\00000993.wav,10.0,16000,160000,8,id_00,0,normal
D:\pump\id_00\normal\00000994.wav,10.0,16000,160000,8,id_00,0,normal
D:\pump\id_00\normal\00000995.wav,10.0,16000,160000,8,id_00,0,normal
D:\pump\id_00\normal\00000996.wav,10.0,16000,160000,8,id_00,0,normal
D:\pump\id_00\normal\00000997.wav,10.0,16000,160000,8,id_00,0,normal
D:\pump\id_00\normal\00000998.wav,10.0,16000,160000,8,id_00,0,normal
D:\pump\id_00\normal\00000999.wav,10.0,16000,160000,8,id_00,0,normal
D:\pump\id_00\normal\00001000.wav,10.0,16000,160000,8,id_00,0,normal
D:\pump\id_00\normal\00001001.wav,10.0,16000,160000,8,id_00,0,normal
D:\pump\id_00\normal\00001002.wav,10.0,16000,160000,8,id_00,0,normal
D:\pump\id_00\normal\00001003.wav,10.0,16000,160000,8,id_00,0,normal
D:\pump\id_00\normal\00001004.wav,10.0,16000,160000,8,id_00,0,normal
D:\pump\id_00\normal\00001005.wav,10.0,16000,160000,8,id_00,0,normal
D:\pump\id_00\abnormal\00000000.wav,10.0,16000,160000,8,id_00,1,abnormal
D:\pump\id_00\abnormal\00000001.wav,10.0,16000,160000,8,id_00,1,abnormal
D:\pump\id_00\abnormal\00000002.wav,10.0,16000,160000,8,id_00,1,abnormal
D:\pump\id_00\abnormal\00000003.wav,10.0,16000,160000,8,id_00,1,abnormal
D:\pump\id_00\abnormal\00000004.wav,10.0,16000,160000,8,id_00,1,abnormal
D:\pump\id_00\abnormal\00000005.wav,10.0,16000,160000,8,id_00,1,abnormal
D:\pump\id_00\abnormal\00000006.wav,10.0,16000,160000,8,id_00,1,abnormal
D:\pump\id_00\abnormal\00000007.wav,10.0,16000,160000,8,id_00,1,abnormal
D:\pump\id_00\abnormal\00000008.wav,10.0,16000,160000,8,id_00,1,abnormal
D:\pump\id_00\abnormal\00000009.wav,10.0,16000,160000,8,id_00,1,abnormal
D:\pump\id_00\abnormal\00000010.wav,10.0,16000,160000,8,id_00,1,abnormal
D:\pump\id_00\abnormal\00000011.wav,10.0,16000,160000,8,id_00,1,abnormal
D:\pump\id_00\abnormal\00000012.wav,10.0,16000,160000,8,id_00,1,abnormal
D:\pump\id_00\abnormal\00000013.wav,10.0,16000,160000,8,id_00,1,abnormal
D:\pump\id_00\abnormal\00000014.wav,10.0,16000,160000,8,id_00,1,abnormal
D:\pump\id_00\abnormal\00000015.wav,10.0,16000,160000,8,id_00,1,abnormal
D:\pump\id_00\abnormal\00000016.wav,10.0,16000,160000,8,id_00,1,abnormal
D:\pump\id_00\abnormal\00000017.wav,10.0,16000,160000,8,id_00,1,abnormal
D:\pump\id_00\abnormal\00000018.wav,10.0,16000,160000,8,id_00,1,abnormal
D:\pump\id_00\abnormal\00000019.wav,10.0,16000,160000,8,id_00,1,abnormal
D:\pump\id_00\abnormal\00000020.wav,10.0,16000,160000,8,id_00,1,abnormal
D:\pump\id_00\abnormal\00000021.wav,10.0,16000,160000,8,id_00,1,abnormal
D:\pump\id_00\abnormal\00000022.wav,10.0,16000,160000,8,id_00,1,abnormal
D:\pump\id_00\abnormal\00000023.wav,10.0,16000,160000,8,id_00,1,abnormal
D:\pump\id_00\abnormal\00000024.wav,10.0,16000,160000,8,id_00,1,abnormal
D:\pump\id_00\abnormal\00000025.wav,10.0,16000,160000,8,id_00,1,abnormal
D:\pump\id_00\abnormal\00000026.wav,10.0,16000,160000,8,id_00,1,abnormal
D:\pump\id_00\abnormal\00000027.wav,10.0,16000,160000,8,id_00,1,abnormal
D:\pump\id_00\abnormal\00000028.wav,10.0,16000,160000,8,id_00,1,abnormal
D:\pump\id_00\abnormal\00000029.wav,10.0,16000,160000,8,id_00,1,abnormal
D:\pump\id_00\abnormal\00000030.wav,10.0,16000,160000,8,id_00,1,abnormal
D:\pump\id_00\abnormal\00000031.wav,10.0,16000,160000,8,id_00,1,abnormal
D:\pump\id_00\abnormal\00000032.wav,10.0,16000,160000,8,id_00,1,abnormal
D:\pump\id_00\abnormal\00000033.wav,10.0,16000,160000,8,id_00,1,abnormal
D:\pump\id_00\abnormal\00000034.wav,10.0,16000,160000,8,id_00,1,abnormal
D:\pump\id_00\abnormal\00000035.wav,10.0,16000,160000,8,id_00,1,abnormal
D:\pump\id_00\abnormal\00000036.wav,10.0,16000,160000,8,id_00,1,abnormal
D:\pump\id_00\abnormal\00000037.wav,10.0,16000,160000,8,id_00,1,abnormal
D:\pump\id_00\abnormal\00000038.wav,10.0,16000,160000,8,id_00,1,abnormal
D:\pump\id_00\abnormal\00000039.wav,10.0,16000,160000,8,id_00,1,abnormal
D:\pump\id_00\abnormal\00000040.wav,10.0,16000,160000,8,id_00,1,abnormal
D:\pump\id_00\abnormal\00000041.wav,10.0,16000,160000,8,id_00,1,abnormal
D:\pump\id_00\abnormal\00000042.wav,10.0,16000,160000,8,id_00,1,abnormal
D:\pump\id_00\abnormal\00000043.wav,10.0,16000,160000,8,id_00,1,abnormal
D:\pump\id_00\abnormal\00000044.wav,10.0,16000,160000,8,id_00,1,abnormal
D:\pump\id_00\abnormal\00000045.wav,10.0,16000,160000,8,id_00,1,abnormal
D:\pump\id_00\abnormal\00000046.wav,10.0,16000,160000,8,id_00,1,abnormal
D:\pump\id_00\abnormal\00000047.wav,10.0,16000,160000,8,id_00,1,abnormal
D:\pump\id_00\abnormal\00000048.wav,10.0,16000,160000,8,id_00,1,abnormal
D:\pump\id_00\abnormal\00000049.wav,10.0,16000,160000,8,id_00,1,abnormal
D:\pump\id_00\abnormal\00000050.wav,10.0,16000,160000,8,id_00,1,abnormal
D:\pump\id_00\abnormal\00000051.wav,10.0,16000,160000,8,id_00,1,abnormal
D:\pump\id_00\abnormal\00000052.wav,10.0,16000,160000,8,id_00,1,abnormal
D:\pump\id_00\abnormal\00000053.wav,10.0,16000,160000,8,id_00,1,abnormal
D:\pump\id_00\abnormal\00000054.wav,10.0,16000,160000,8,id_00,1,abnormal
D:\pump\id_00\abnormal\00000055.wav,10.0,16000,160000,8,id_00,1,abnormal
D:\pump\id_00\abnormal\00000056.wav,10.0,16000,160000,8,id_00,1,abnormal
D:\pump\id_00\abnormal\00000057.wav,10.0,16000,160000,8,id_00,1,abnormal
D:\pump\id_00\abnormal\00000058.wav,10.0,16000,160000,8,id_00,1,abnormal
D:\pump\id_00\abnormal\00000059.wav,10.0,16000,160000,8,id_00,1,abnormal
D:\pump\id_00\abnormal\00000060.wav,10.0,16000,160000,8,id_00,1,abnormal
D:\pump\id_00\abnormal\00000061.wav,10.0,16000,160000,8,id_00,1,abnormal
D:\pump\id_00\abnormal\00000062.wav,10.0,16000,160000,8,id_00,1,abnormal
D:\pump\id_00\abnormal\00000063.wav,10.0,16000,160000,8,id_00,1,abnormal
D:\pump\id_00\abnormal\00000064.wav,10.0,16000,160000,8,id_00,1,abnormal
D:\pump\id_00\abnormal\00000065.wav,10.0,16000,160000,8,id_00,1,abnormal
D:\pump\id_00\abnormal\00000066.wav,10.0,16000,160000,8,id_00,1,abnormal
D:\pump\id_00\abnormal\00000067.wav,10.0,16000,160000,8,id_00,1,abnormal
D:\pump\id_00\abnormal\00000068.wav,10.0,16000,160000,8,id_00,1,abnormal
D:\pump\id_00\abnormal\00000069.wav,10.0,16000,160000,8,id_00,1,abnormal
D:\pump\id_00\abnormal\00000070.wav,10.0,16000,160000,8,id_00,1,abnormal
D:\pump\id_00\abnormal\00000071.wav,10.0,16000,160000,8,id_00,1,abnormal
D:\pump\id_00\abnormal\00000072.wav,10.0,16000,160000,8,id_00,1,abnormal
D:\pump\id_00\abnormal\00000073.wav,10.0,16000,160000,8,id_00,1,abnormal
D:\pump\id_00\abnormal\00000074.wav,10.0,16000,160000,8,id_00,1,abnormal
D:\pump\id_00\abnormal\00000075.wav,10.0,16000,160000,8,id_00,1,abnormal
D:\pump\id_00\abnormal\00000076.wav,10.0,16000,160000,8,id_00,1,abnormal
D:\pump\id_00\abnormal\00000077.wav,10.0,16000,160000,8,id_00,1,abnormal
D:\pump\id_00\abnormal\00000078.wav,10.0,16000,160000,8,id_00,1,abnormal
D:\pump\id_00\abnormal\00000079.wav,10.0,16000,160000,8,id_00,1,abnormal
D:\pump\id_00\abnormal\00000080.wav,10.0,16000,160000,8,id_00,1,abnormal
D:\pump\id_00\abnormal\00000081.wav,10.0,16000,160000,8,id_00,1,abnormal
D:\pump\id_00\abnormal\00000082.wav,10.0,16000,160000,8,id_00,1,abnormal
D:\pump\id_00\abnormal\00000083.wav,10.0,16000,160000,8,id_00,1,abnormal
D:\pump\id_00\abnormal\00000084.wav,10.0,16000,160000,8,id_00,1,abnormal
D:\pump\id_00\abnormal\00000085.wav,10.0,16000,160000,8,id_00,1,abnormal
D:\pump\id_00\abnormal\00000086.wav,10.0,16000,160000,8,id_00,1,abnormal
D:\pump\id_00\abnormal\00000087.wav,10.0,16000,160000,8,id_00,1,abnormal
D:\pump\id_00\abnormal\00000088.wav,10.0,16000,160000,8,id_00,1,abnormal
D:\pump\id_00\abnormal\00000089.wav,10.0,16000,160000,8,id_00,1,abnormal
D:\pump\id_00\abnormal\00000090.wav,10.0,16000,160000,8,id_00,1,abnormal
D:\pump\id_00\abnormal\00000091.wav,10.0,16000,160000,8,id_00,1,abnormal
D:\pump\id_00\abnormal\00000092.wav,10.0,16000,160000,8,id_00,1,abnormal
D:\pump\id_00\abnormal\00000093.wav,10.0,16000,160000,8,id_00,1,abnormal
D:\pump\id_00\abnormal\00000094.wav,10.0,16000,160000,8,id_00,1,abnormal
D:\pump\id_00\abnormal\00000095.wav,10.0,16000,160000,8,id_00,1,abnormal
D:\pump\id_00\abnormal\00000096.wav,10.0,16000,160000,8,id_00,1,abnormal
D:\pump\id_00\abnormal\00000097.wav,10.0,16000,160000,8,id_00,1,abnormal
D:\pump\id_00\abnormal\00000098.wav,10.0,16000,160000,8,id_00,1,abnormal
D:\pump\id_00\abnormal\00000099.wav,10.0,16000,160000,8,id_00,1,abnormal
D:\pump\id_00\abnormal\00000100.wav,10.0,16000,160000,8,id_00,1,abnormal
D:\pump\id_00\abnormal\00000101.wav,10.0,16000,160000,8,id_00,1,abnormal
D:\pump\id_00\abnormal\00000102.wav,10.0,16000,160000,8,id_00,1,abnormal
D:\pump\id_00\abnormal\00000103.wav,10.0,16000,160000,8,id_00,1,abnormal
D:\pump\id_00\abnormal\00000104.wav,10.0,16000,160000,8,id_00,1,abnormal
D:\pump\id_00\abnormal\00000105.wav,10.0,16000,160000,8,id_00,1,abnormal
D:\pump\id_00\abnormal\00000106.wav,10.0,16000,160000,8,id_00,1,abnormal
D:\pump\id_00\abnormal\00000107.wav,10.0,16000,160000,8,id_00,1,abnormal
D:\pump\id_00\abnormal\00000108.wav,10.0,16000,160000,8,id_00,1,abnormal
D:\pump\id_00\abnormal\00000109.wav,10.0,16000,160000,8,id_00,1,abnormal
D:\pump\id_00\abnormal\00000110.wav,10.0,16000,160000,8,id_00,1,abnormal
D:\pump\id_00\abnormal\00000111.wav,10.0,16000,160000,8,id_00,1,abnormal
D:\pump\id_00\abnormal\00000112.wav,10.0,16000,160000,8,id_00,1,abnormal
D:\pump\id_00\abnormal\00000113.wav,10.0,16000,160000,8,id_00,1,abnormal
D:\pump\id_00\abnormal\00000114.wav,10.0,16000,160000,8,id_00,1,abnormal
D:\pump\id_00\abnormal\00000115.wav,10.0,16000,160000,8,id_00,1,abnormal
D:\pump\id_00\abnormal\00000116.wav,10.0,16000,160000,8,id_00,1,abnormal
D:\pump\id_00\abnormal\00000117.wav,10.0,16000,160000,8,id_00,1,abnormal
D:\pump\id_00\abnormal\00000118.wav,10.0,16000,160000,8,id_00,1,abnormal
D:\pump\id_00\abnormal\00000119.wav,10.0,16000,160000,8,id_00,1,abnormal
D:\pump\id_00\abnormal\00000120.wav,10.0,16000,160000,8,id_00,1,abnormal
D:\pump\id_00\abnormal\00000121.wav,10.0,16000,160000,8,id_00,1,abnormal
D:\pump\id_00\abnormal\00000122.wav,10.0,16000,160000,8,id_00,1,abnormal
D:\pump\id_00\abnormal\00000123.wav,10.0,16000,160000,8,id_00,1,abnormal
D:\pump\id_00\abnormal\00000124.wav,10.0,16000,160000,8,id_00,1,abnormal
D:\pump\id_00\abnormal\00000125.wav,10.0,16000,160000,8,id_00,1,abnormal
D:\pump\id_00\abnormal\00000126.wav,10.0,16000,160000,8,id_00,1,abnormal
D:\pump\id_00\abnormal\00000127.wav,10.0,16000,160000,8,id_00,1,abnormal
D:\pump\id_00\abnormal\00000128.wav,10.0,16000,160000,8,id_00,1,abnormal
D:\pump\id_00\abnormal\00000129.wav,10.0,16000,160000,8,id_00,1,abnormal
D:\pump\id_00\abnormal\00000130.wav,10.0,16000,160000,8,id_00,1,abnormal
D:\pump\id_00\abnormal\00000131.wav,10.0,16000,160000,8,id_00,1,abnormal
D:\pump\id_00\abnormal\00000132.wav,10.0,16000,160000,8,id_00,1,abnormal
D:\pump\id_00\abnormal\00000133.wav,10.0,16000,160000,8,id_00,1,abnormal
D:\pump\id_00\abnormal\00000134.wav,10.0,16000,160000,8,id_00,1,abnormal
D:\pump\id_00\abnormal\00000135.wav,10.0,16000,160000,8,id_00,1,abnormal
D:\pump\id_00\abnormal\00000136.wav,10.0,16000,160000,8,id_00,1,abnormal
D:\pump\id_00\abnormal\00000137.wav,10.0,16000,160000,8,id_00,1,abnormal
D:\pump\id_00\abnormal\00000138.wav,10.0,16000,160000,8,id_00,1,abnormal
D:\pump\id_00\abnormal\00000139.wav,10.0,16000,160000,8,id_00,1,abnormal
D:\pump\id_00\abnormal\00000140.wav,10.0,16000,160000,8,id_00,1,abnormal
D:\pump\id_00\abnormal\00000141.wav,10.0,16000,160000,8,id_00,1,abnormal
D:\pump\id_00\abnormal\00000142.wav,10.0,16000,160000,8,id_00,1,abnormal
D:\pump\id_02\normal\00000000.wav,10.0,16000,160000,8,id_02,0,normal
D:\pump\id_02\normal\00000001.wav,10.0,16000,160000,8,id_02,0,normal
D:\pump\id_02\normal\00000002.wav,10.0,16000,160000,8,id_02,0,normal
D:\pump\id_02\normal\00000003.wav,10.0,16000,160000,8,id_02,0,normal
D:\pump\id_02\normal\00000004.wav,10.0,16000,160000,8,id_02,0,normal
D:\pump\id_02\normal\00000005.wav,10.0,16000,160000,8,id_02,0,normal
D:\pump\id_02\normal\00000006.wav,10.0,16000,160000,8,id_02,0,normal
D:\pump\id_02\normal\00000007.wav,10.0,16000,160000,8,id_02,0,normal
D:\pump\id_02\normal\00000008.wav,10.0,16000,160000,8,id_02,0,normal
D:\pump\id_02\normal\00000009.wav,10.0,16000,160000,8,id_02,0,normal
D:\pump\id_02\normal\00000010.wav,10.0,16000,160000,8,id_02,0,normal
D:\pump\id_02\normal\00000011.wav,10.0,16000,160000,8,id_02,0,normal
D:\pump\id_02\normal\00000012.wav,10.0,16000,160000,8,id_02,0,normal
D:\pump\id_02\normal\00000013.wav,10.0,16000,160000,8,id_02,0,normal
D:\pump\id_02\normal\00000014.wav,10.0,16000,160000,8,id_02,0,normal
D:\pump\id_02\normal\00000015.wav,10.0,16000,160000,8,id_02,0,normal
D:\pump\id_02\normal\00000016.wav,10.0,16000,160000,8,id_02,0,normal
D:\pump\id_02\normal\00000017.wav,10.0,16000,160000,8,id_02,0,normal
D:\pump\id_02\normal\00000018.wav,10.0,16000,160000,8,id_02,0,normal
D:\pump\id_02\normal\00000019.wav,10.0,16000,160000,8,id_02,0,normal
D:\pump\id_02\normal\00000020.wav,10.0,16000,160000,8,id_02,0,normal
D:\pump\id_02\normal\00000021.wav,10.0,16000,160000,8,id_02,0,normal
D:\pump\id_02\normal\00000022.wav,10.0,16000,160000,8,id_02,0,normal
D:\pump\id_02\normal\00000023.wav,10.0,16000,160000,8,id_02,0,normal
D:\pump\id_02\normal\00000024.wav,10.0,16000,160000,8,id_02,0,normal
D:\pump\id_02\normal\00000025.wav,10.0,16000,160000,8,id_02,0,normal
D:\pump\id_02\normal\00000026.wav,10.0,16000,160000,8,id_02,0,normal
D:\pump\id_02\normal\00000027.wav,10.0,16000,160000,8,id_02,0,normal
D:\pump\id_02\normal\00000028.wav,10.0,16000,160000,8,id_02,0,normal
D:\pump\id_02\normal\00000029.wav,10.0,16000,160000,8,id_02,0,normal
D:\pump\id_02\normal\00000030.wav,10.0,16000,160000,8,id_02,0,normal
D:\pump\id_02\normal\00000031.wav,10.0,16000,160000,8,id_02,0,normal
D:\pump\id_02\normal\00000032.wav,10.0,16000,160000,8,id_02,0,normal
D:\pump\id_02\normal\00000033.wav,10.0,16000,160000,8,id_02,0,normal
D:\pump\id_02\normal\00000034.wav,10.0,16000,160000,8,id_02,0,normal
D:\pump\id_02\normal\00000035.wav,10.0,16000,160000,8,id_02,0,normal
D:\pump\id_02\normal\00000036.wav,10.0,16000,160000,8,id_02,0,normal
D:\pump\id_02\normal\00000037.wav,10.0,16000,160000,8,id_02,0,normal
D:\pump\id_02\normal\00000038.wav,10.0,16000,160000,8,id_02,0,normal
D:\pump\id_02\normal\00000039.wav,10.0,16000,160000,8,id_02,0,normal
D:\pump\id_02\normal\00000040.wav,10.0,16000,160000,8,id_02,0,normal
D:\pump\id_02\normal\00000041.wav,10.0,16000,160000,8,id_02,0,normal
D:\pump\id_02\normal\00000042.wav,10.0,16000,160000,8,id_02,0,normal
D:\pump\id_02\normal\00000043.wav,10.0,16000,160000,8,id_02,0,normal
D:\pump\id_02\normal\00000044.wav,10.0,16000,160000,8,id_02,0,normal
D:\pump\id_02\normal\00000045.wav,10.0,16000,160000,8,id_02,0,normal
D:\pump\id_02\normal\00000046.wav,10.0,16000,160000,8,id_02,0,normal
D:\pump\id_02\normal\00000047.wav,10.0,16000,160000,8,id_02,0,normal
D:\pump\id_02\normal\00000048.wav,10.0,16000,160000,8,id_02,0,normal
D:\pump\id_02\normal\00000049.wav,10.0,16000,160000,8,id_02,0,normal
D:\pump\id_02\normal\00000050.wav,10.0,16000,160000,8,id_02,0,normal
D:\pump\id_02\normal\00000051.wav,10.0,16000,160000,8,id_02,0,normal
D:\pump\id_02\normal\00000052.wav,10.0,16000,160000,8,id_02,0,normal
D:\pump\id_02\normal\00000053.wav,10.0,16000,160000,8,id_02,0,normal
D:\pump\id_02\normal\00000054.wav,10.0,16000,160000,8,id_02,0,normal
D:\pump\id_02\normal\00000055.wav,10.0,16000,160000,8,id_02,0,normal
D:\pump\id_02\normal\00000056.wav,10.0,16000,160000,8,id_02,0,normal
D:\pump\id_02\normal\00000057.wav,10.0,16000,160000,8,id_02,0,normal
D:\pump\id_02\normal\00000058.wav,10.0,16000,160000,8,id_02,0,normal
D:\pump\id_02\normal\00000059.wav,10.0,16000,160000,8,id_02,0,normal
D:\pump\id_02\normal\00000060.wav,10.0,16000,160000,8,id_02,0,normal
D:\pump\id_02\normal\00000061.wav,10.0,16000,160000,8,id_02,0,normal
D:\pump\id_02\normal\00000062.wav,10.0,16000,160000,8,id_02,0,normal
D:\pump\id_02\normal\00000063.wav,10.0,16000,160000,8,id_02,0,normal
D:\pump\id_02\normal\00000064.wav,10.0,16000,160000,8,id_02,0,normal
D:\pump\id_02\normal\00000065.wav,10.0,16000,160000,8,id_02,0,normal
D:\pump\id_02\normal\00000066.wav,10.0,16000,160000,8,id_02,0,normal
D:\pump\id_02\normal\00000067.wav,10.0,16000,160000,8,id_02,0,normal
D:\pump\id_02\normal\00000068.wav,10.0,16000,160000,8,id_02,0,normal
D:\pump\id_02\normal\00000069.wav,10.0,16000,160000,8,id_02,0,normal
D:\pump\id_02\normal\00000070.wav,10.0,16000,160000,8,id_02,0,normal
D:\pump\id_02\normal\00000071.wav,10.0,16000,160000,8,id_02,0,normal
D:\pump\id_02\normal\00000072.wav,10.0,16000,160000,8,id_02,0,normal
D:\pump\id_02\normal\00000073.wav,10.0,16000,160000,8,id_02,0,normal
D:\pump\id_02\normal\00000074.wav,10.0,16000,160000,8,id_02,0,normal
D:\pump\id_02\normal\00000075.wav,10.0,16000,160000,8,id_02,0,normal
D:\pump\id_02\normal\00000076.wav,10.0,16000,160000,8,id_02,0,normal
D:\pump\id_02\normal\00000077.wav,10.0,16000,160000,8,id_02,0,normal
D:\pump\id_02\normal\00000078.wav,10.0,16000,160000,8,id_02,0,normal
D:\pump\id_02\normal\00000079.wav,10.0,16000,160000,8,id_02,0,normal
D:\pump\id_02\normal\00000080.wav,10.0,16000,160000,8,id_02,0,normal
D:\pump\id_02\normal\00000081.wav,10.0,16000,160000,8,id_02,0,normal
D:\pump\id_02\normal\00000082.wav,10.0,16000,160000,8,id_02,0,normal
D:\pump\id_02\normal\00000083.wav,10.0,16000,160000,8,id_02,0,normal
D:\pump\id_02\normal\00000084.wav,10.0,16000,160000,8,id_02,0,normal
D:\pump\id_02\normal\00000085.wav,10.0,16000,160000,8,id_02,0,normal
D:\pump\id_02\normal\00000086.wav,10.0,16000,160000,8,id_02,0,normal
D:\pump\id_02\normal\00000087.wav,10.0,16000,160000,8,id_02,0,normal
D:\pump\id_02\normal\00000088.wav,10.0,16000,160000,8,id_02,0,normal
D:\pump\id_02\normal\00000089.wav,10.0,16000,160000,8,id_02,0,normal
D:\pump\id_02\normal\00000090.wav,10.0,16000,160000,8,id_02,0,normal
D:\pump\id_02\normal\00000091.wav,10.0,16000,160000,8,id_02,0,normal
D:\pump\id_02\normal\00000092.wav,10.0,16000,160000,8,id_02,0,normal
D:\pump\id_02\normal\00000093.wav,10.0,16000,160000,8,id_02,0,normal
D:\pump\id_02\normal\00000094.wav,10.0,16000,160000,8,id_02,0,normal
D:\pump\id_02\normal\00000095.wav,10.0,16000,160000,8,id_02,0,normal
D:\pump\id_02\normal\00000096.wav,10.0,16000,160000,8,id_02,0,normal
D:\pump\id_02\normal\00000097.wav,10.0,16000,160000,8,id_02,0,normal
D:\pump\id_02\normal\00000098.wav,10.0,16000,160000,8,id_02,0,normal
D:\pump\id_02\normal\00000099.wav,10.0,16000,160000,8,id_02,0,normal
D:\pump\id_02\normal\00000100.wav,10.0,16000,160000,8,id_02,0,normal
D:\pump\id_02\normal\00000101.wav,10.0,16000,160000,8,id_02,0,normal
D:\pump\id_02\normal\00000102.wav,10.0,16000,160000,8,id_02,0,normal
D:\pump\id_02\normal\00000103.wav,10.0,16000,160000,8,id_02,0,normal
D:\pump\id_02\normal\00000104.wav,10.0,16000,160000,8,id_02,0,normal
D:\pump\id_02\normal\00000105.wav,10.0,16000,160000,8,id_02,0,normal
D:\pump\id_02\normal\00000106.wav,10.0,16000,160000,8,id_02,0,normal
D:\pump\id_02\normal\00000107.wav,10.0,16000,160000,8,id_02,0,normal
D:\pump\id_02\normal\00000108.wav,10.0,16000,160000,8,id_02,0,normal
D:\pump\id_02\normal\00000109.wav,10.0,16000,160000,8,id_02,0,normal
D:\pump\id_02\normal\00000110.wav,10.0,16000,160000,8,id_02,0,normal
D:\pump\id_02\normal\00000111.wav,10.0,16000,160000,8,id_02,0,normal
D:\pump\id_02\normal\00000112.wav,10.0,16000,160000,8,id_02,0,normal
D:\pump\id_02\normal\00000113.wav,10.0,16000,160000,8,id_02,0,normal
D:\pump\id_02\normal\00000114.wav,10.0,16000,160000,8,id_02,0,normal
D:\pump\id_02\normal\00000115.wav,10.0,16000,160000,8,id_02,0,normal
D:\pump\id_02\normal\00000116.wav,10.0,16000,160000,8,id_02,0,normal
D:\pump\id_02\normal\00000117.wav,10.0,16000,160000,8,id_02,0,normal
D:\pump\id_02\normal\00000118.wav,10.0,16000,160000,8,id_02,0,normal
D:\pump\id_02\normal\00000119.wav,10.0,16000,160000,8,id_02,0,normal
D:\pump\id_02\normal\00000120.wav,10.0,16000,160000,8,id_02,0,normal
D:\pump\id_02\normal\00000121.wav,10.0,16000,160000,8,id_02,0,normal
D:\pump\id_02\normal\00000122.wav,10.0,16000,160000,8,id_02,0,normal
D:\pump\id_02\normal\00000123.wav,10.0,16000,160000,8,id_02,0,normal
D:\pump\id_02\normal\00000124.wav,10.0,16000,160000,8,id_02,0,normal
D:\pump\id_02\normal\00000125.wav,10.0,16000,160000,8,id_02,0,normal
D:\pump\id_02\normal\00000126.wav,10.0,16000,160000,8,id_02,0,normal
D:\pump\id_02\normal\00000127.wav,10.0,16000,160000,8,id_02,0,normal
D:\pump\id_02\normal\00000128.wav,10.0,16000,160000,8,id_02,0,normal
D:\pump\id_02\normal\00000129.wav,10.0,16000,160000,8,id_02,0,normal
D:\pump\id_02\normal\00000130.wav,10.0,16000,160000,8,id_02,0,normal
D:\pump\id_02\normal\00000131.wav,10.0,16000,160000,8,id_02,0,normal
D:\pump\id_02\normal\00000132.wav,10.0,16000,160000,8,id_02,0,normal
D:\pump\id_02\normal\00000133.wav,10.0,16000,160000,8,id_02,0,normal
D:\pump\id_02\normal\00000134.wav,10.0,16000,160000,8,id_02,0,normal
D:\pump\id_02\normal\00000135.wav,10.0,16000,160000,8,id_02,0,normal
D:\pump\id_02\normal\00000136.wav,10.0,16000,160000,8,id_02,0,normal
D:\pump\id_02\normal\00000137.wav,10.0,16000,160000,8,id_02,0,normal
D:\pump\id_02\normal\00000138.wav,10.0,16000,160000,8,id_02,0,normal
D:\pump\id_02\normal\00000139.wav,10.0,16000,160000,8,id_02,0,normal
D:\pump\id_02\normal\00000140.wav,10.0,16000,160000,8,id_02,0,normal
D:\pump\id_02\normal\00000141.wav,10.0,16000,160000,8,id_02,0,normal
D:\pump\id_02\normal\00000142.wav,10.0,16000,160000,8,id_02,0,normal
D:\pump\id_02\normal\00000143.wav,10.0,16000,160000,8,id_02,0,normal
D:\pump\id_02\normal\00000144.wav,10.0,16000,160000,8,id_02,0,normal
D:\pump\id_02\normal\00000145.wav,10.0,16000,160000,8,id_02,0,normal
D:\pump\id_02\normal\00000146.wav,10.0,16000,160000,8,id_02,0,normal
D:\pump\id_02\normal\00000147.wav,10.0,16000,160000,8,id_02,0,normal
D:\pump\id_02\normal\00000148.wav,10.0,16000,160000,8,id_02,0,normal
D:\pump\id_02\normal\00000149.wav,10.0,16000,160000,8,id_02,0,normal
D:\pump\id_02\normal\00000150.wav,10.0,16000,160000,8,id_02,0,normal
D:\pump\id_02\normal\00000151.wav,10.0,16000,160000,8,id_02,0,normal
D:\pump\id_02\normal\00000152.wav,10.0,16000,160000,8,id_02,0,normal
D:\pump\id_02\normal\00000153.wav,10.0,16000,160000,8,id_02,0,normal
D:\pump\id_02\normal\00000154.wav,10.0,16000,160000,8,id_02,0,normal
D:\pump\id_02\normal\00000155.wav,10.0,16000,160000,8,id_02,0,normal
D:\pump\id_02\normal\00000156.wav,10.0,16000,160000,8,id_02,0,normal
D:\pump\id_02\normal\00000157.wav,10.0,16000,160000,8,id_02,0,normal
D:\pump\id_02\normal\00000158.wav,10.0,16000,160000,8,id_02,0,normal
D:\pump\id_02\normal\00000159.wav,10.0,16000,160000,8,id_02,0,normal
D:\pump\id_02\normal\00000160.wav,10.0,16000,160000,8,id_02,0,normal
D:\pump\id_02\normal\00000161.wav,10.0,16000,160000,8,id_02,0,normal
D:\pump\id_02\normal\00000162.wav,10.0,16000,160000,8,id_02,0,normal
D:\pump\id_02\normal\00000163.wav,10.0,16000,160000,8,id_02,0,normal
D:\pump\id_02\normal\00000164.wav,10.0,16000,160000,8,id_02,0,normal
D:\pump\id_02\normal\00000165.wav,10.0,16000,160000,8,id_02,0,normal
D:\pump\id_02\normal\00000166.wav,10.0,16000,160000,8,id_02,0,normal
D:\pump\id_02\normal\00000167.wav,10.0,16000,160000,8,id_02,0,normal
D:\pump\id_02\normal\00000168.wav,10.0,16000,160000,8,id_02,0,normal
D:\pump\id_02\normal\00000169.wav,10.0,16000,160000,8,id_02,0,normal
D:\pump\id_02\normal\00000170.wav,10.0,16000,160000,8,id_02,0,normal
D:\pump\id_02\normal\00000171.wav,10.0,16000,160000,8,id_02,0,normal
D:\pump\id_02\normal\00000172.wav,10.0,16000,160000,8,id_02,0,normal
D:\pump\id_02\normal\00000173.wav,10.0,16000,160000,8,id_02,0,normal
D:\pump\id_02\normal\00000174.wav,10.0,16000,160000,8,id_02,0,normal
D:\pump\id_02\normal\00000175.wav,10.0,16000,160000,8,id_02,0,normal
D:\pump\id_02\normal\00000176.wav,10.0,16000,160000,8,id_02,0,normal
D:\pump\id_02\normal\00000177.wav,10.0,16000,160000,8,id_02,0,normal
D:\pump\id_02\normal\00000178.wav,10.0,16000,160000,8,id_02,0,normal
D:\pump\id_02\normal\00000179.wav,10.0,16000,160000,8,id_02,0,normal
D:\pump\id_02\normal\00000180.wav,10.0,16000,160000,8,id_02,0,normal
D:\pump\id_02\normal\00000181.wav,10.0,16000,160000,8,id_02,0,normal
D:\pump\id_02\normal\00000182.wav,10.0,16000,160000,8,id_02,0,normal
D:\pump\id_02\normal\00000183.wav,10.0,16000,160000,8,id_02,0,normal
D:\pump\id_02\normal\00000184.wav,10.0,16000,160000,8,id_02,0,normal
D:\pump\id_02\normal\00000185.wav,10.0,16000,160000,8,id_02,0,normal
D:\pump\id_02\normal\00000186.wav,10.0,16000,160000,8,id_02,0,normal
D:\pump\id_02\normal\00000187.wav,10.0,16000,160000,8,id_02,0,normal
D:\pump\id_02\normal\00000188.wav,10.0,16000,160000,8,id_02,0,normal
D:\pump\id_02\normal\00000189.wav,10.0,16000,160000,8,id_02,0,normal
D:\pump\id_02\normal\00000190.wav,10.0,16000,160000,8,id_02,0,normal
D:\pump\id_02\normal\00000191.wav,10.0,16000,160000,8,id_02,0,normal
D:\pump\id_02\normal\00000192.wav,10.0,16000,160000,8,id_02,0,normal
D:\pump\id_02\normal\00000193.wav,10.0,16000,160000,8,id_02,0,normal
D:\pump\id_02\normal\00000194.wav,10.0,16000,160000,8,id_02,0,normal
D:\pump\id_02\normal\00000195.wav,10.0,16000,160000,8,id_02,0,normal
D:\pump\id_02\normal\00000196.wav,10.0,16000,160000,8,id_02,0,normal
D:\pump\id_02\normal\00000197.wav,10.0,16000,160000,8,id_02,0,normal
D:\pump\id_02\normal\00000198.wav,10.0,16000,160000,8,id_02,0,normal
D:\pump\id_02\normal\00000199.wav,10.0,16000,160000,8,id_02,0,normal
D:\pump\id_02\normal\00000200.wav,10.0,16000,160000,8,id_02,0,normal
D:\pump\id_02\normal\00000201.wav,10.0,16000,160000,8,id_02,0,normal
D:\pump\id_02\normal\00000202.wav,10.0,16000,160000,8,id_02,0,normal
D:\pump\id_02\normal\00000203.wav,10.0,16000,160000,8,id_02,0,normal
D:\pump\id_02\normal\00000204.wav,10.0,16000,160000,8,id_02,0,normal
D:\pump\id_02\normal\00000205.wav,10.0,16000,160000,8,id_02,0,normal
D:\pump\id_02\normal\00000206.wav,10.0,16000,160000,8,id_02,0,normal
D:\pump\id_02\normal\00000207.wav,10.0,16000,160000,8,id_02,0,normal
D:\pump\id_02\normal\00000208.wav,10.0,16000,160000,8,id_02,0,normal
D:\pump\id_02\normal\00000209.wav,10.0,16000,160000,8,id_02,0,normal
D:\pump\id_02\normal\00000210.wav,10.0,16000,160000,8,id_02,0,normal
D:\pump\id_02\normal\00000211.wav,10.0,16000,160000,8,id_02,0,normal
D:\pump\id_02\normal\00000212.wav,10.0,16000,160000,8,id_02,0,normal
D:\pump\id_02\normal\00000213.wav,10.0,16000,160000,8,id_02,0,normal
D:\pump\id_02\normal\00000214.wav,10.0,16000,160000,8,id_02,0,normal
D:\pump\id_02\normal\00000215.wav,10.0,16000,160000,8,id_02,0,normal
D:\pump\id_02\normal\00000216.wav,10.0,16000,160000,8,id_02,0,normal
D:\pump\id_02\normal\00000217.wav,10.0,16000,160000,8,id_02,0,normal
D:\pump\id_02\normal\00000218.wav,10.0,16000,160000,8,id_02,0,normal
D:\pump\id_02\normal\00000219.wav,10.0,16000,160000,8,id_02,0,normal
D:\pump\id_02\normal\00000220.wav,10.0,16000,160000,8,id_02,0,normal
D:\pump\id_02\normal\00000221.wav,10.0,16000,160000,8,id_02,0,normal
D:\pump\id_02\normal\00000222.wav,10.0,16000,160000,8,id_02,0,normal
D:\pump\id_02\normal\00000223.wav,10.0,16000,160000,8,id_02,0,normal
D:\pump\id_02\normal\00000224.wav,10.0,16000,160000,8,id_02,0,normal
D:\pump\id_02\normal\00000225.wav,10.0,16000,160000,8,id_02,0,normal
D:\pump\id_02\normal\00000226.wav,10.0,16000,160000,8,id_02,0,normal
D:\pump\id_02\normal\00000227.wav,10.0,16000,160000,8,id_02,0,normal
D:\pump\id_02\normal\00000228.wav,10.0,16000,160000,8,id_02,0,normal
D:\pump\id_02\normal\00000229.wav,10.0,16000,160000,8,id_02,0,normal
D:\pump\id_02\normal\00000230.wav,10.0,16000,160000,8,id_02,0,normal
D:\pump\id_02\normal\00000231.wav,10.0,16000,160000,8,id_02,0,normal
D:\pump\id_02\normal\00000232.wav,10.0,16000,160000,8,id_02,0,normal
D:\pump\id_02\normal\00000233.wav,10.0,16000,160000,8,id_02,0,normal
D:\pump\id_02\normal\00000234.wav,10.0,16000,160000,8,id_02,0,normal
D:\pump\id_02\normal\00000235.wav,10.0,16000,160000,8,id_02,0,normal
D:\pump\id_02\normal\00000236.wav,10.0,16000,160000,8,id_02,0,normal
D:\pump\id_02\normal\00000237.wav,10.0,16000,160000,8,id_02,0,normal
D:\pump\id_02\normal\00000238.wav,10.0,16000,160000,8,id_02,0,normal
D:\pump\id_02\normal\00000239.wav,10.0,16000,160000,8,id_02,0,normal
D:\pump\id_02\normal\00000240.wav,10.0,16000,160000,8,id_02,0,normal
D:\pump\id_02\normal\00000241.wav,10.0,16000,160000,8,id_02,0,normal
D:\pump\id_02\normal\00000242.wav,10.0,16000,160000,8,id_02,0,normal
D:\pump\id_02\normal\00000243.wav,10.0,16000,160000,8,id_02,0,normal
D:\pump\id_02\normal\00000244.wav,10.0,16000,160000,8,id_02,0,normal
D:\pump\id_02\normal\00000245.wav,10.0,16000,160000,8,id_02,0,normal
D:\pump\id_02\normal\00000246.wav,10.0,16000,160000,8,id_02,0,normal
D:\pump\id_02\normal\00000247.wav,10.0,16000,160000,8,id_02,0,normal
D:\pump\id_02\normal\00000248.wav,10.0,16000,160000,8,id_02,0,normal
D:\pump\id_02\normal\00000249.wav,10.0,16000,160000,8,id_02,0,normal
D:\pump\id_02\normal\00000250.wav,10.0,16000,160000,8,id_02,0,normal
D:\pump\id_02\normal\00000251.wav,10.0,16000,160000,8,id_02,0,normal
D:\pump\id_02\normal\00000252.wav,10.0,16000,160000,8,id_02,0,normal
D:\pump\id_02\normal\00000253.wav,10.0,16000,160000,8,id_02,0,normal
D:\pump\id_02\normal\00000254.wav,10.0,16000,160000,8,id_02,0,normal
D:\pump\id_02\normal\00000255.wav,10.0,16000,160000,8,id_02,0,normal
D:\pump\id_02\normal\00000256.wav,10.0,16000,160000,8,id_02,0,normal
D:\pump\id_02\normal\00000257.wav,10.0,16000,160000,8,id_02,0,normal
D:\pump\id_02\normal\00000258.wav,10.0,16000,160000,8,id_02,0,normal
D:\pump\id_02\normal\00000259.wav,10.0,16000,160000,8,id_02,0,normal
D:\pump\id_02\normal\00000260.wav,10.0,16000,160000,8,id_02,0,normal
D:\pump\id_02\normal\00000261.wav,10.0,16000,160000,8,id_02,0,normal
D:\pump\id_02\normal\00000262.wav,10.0,16000,160000,8,id_02,0,normal
D:\pump\id_02\normal\00000263.wav,10.0,16000,160000,8,id_02,0,normal
D:\pump\id_02\normal\00000264.wav,10.0,16000,160000,8,id_02,0,normal
D:\pump\id_02\normal\00000265.wav,10.0,16000,160000,8,id_02,0,normal
D:\pump\id_02\normal\00000266.wav,10.0,16000,160000,8,id_02,0,normal
D:\pump\id_02\normal\00000267.wav,10.0,16000,160000,8,id_02,0,normal
D:\pump\id_02\normal\00000268.wav,10.0,16000,160000,8,id_02,0,normal
D:\pump\id_02\normal\00000269.wav,10.0,16000,160000,8,id_02,0,normal
D:\pump\id_02\normal\00000270.wav,10.0,16000,160000,8,id_02,0,normal
D:\pump\id_02\normal\00000271.wav,10.0,16000,160000,8,id_02,0,normal
D:\pump\id_02\normal\00000272.wav,10.0,16000,160000,8,id_02,0,normal
D:\pump\id_02\normal\00000273.wav,10.0,16000,160000,8,id_02,0,normal
D:\pump\id_02\normal\00000274.wav,10.0,16000,160000,8,id_02,0,normal
D:\pump\id_02\normal\00000275.wav,10.0,16000,160000,8,id_02,0,normal
D:\pump\id_02\normal\00000276.wav,10.0,16000,160000,8,id_02,0,normal
D:\pump\id_02\normal\00000277.wav,10.0,16000,160000,8,id_02,0,normal
D:\pump\id_02\normal\00000278.wav,10.0,16000,160000,8,id_02,0,normal
D:\pump\id_02\normal\00000279.wav,10.0,16000,160000,8,id_02,0,normal
D:\pump\id_02\normal\00000280.wav,10.0,16000,160000,8,id_02,0,normal
D:\pump\id_02\normal\00000281.wav,10.0,16000,160000,8,id_02,0,normal
D:\pump\id_02\normal\00000282.wav,10.0,16000,160000,8,id_02,0,normal
D:\pump\id_02\normal\00000283.wav,10.0,16000,160000,8,id_02,0,normal
D:\pump\id_02\normal\00000284.wav,10.0,16000,160000,8,id_02,0,normal
D:\pump\id_02\normal\00000285.wav,10.0,16000,160000,8,id_02,0,normal
D:\pump\id_02\normal\00000286.wav,10.0,16000,160000,8,id_02,0,normal
D:\pump\id_02\normal\00000287.wav,10.0,16000,160000,8,id_02,0,normal
D:\pump\id_02\normal\00000288.wav,10.0,16000,160000,8,id_02,0,normal
D:\pump\id_02\normal\00000289.wav,10.0,16000,160000,8,id_02,0,normal
D:\pump\id_02\normal\00000290.wav,10.0,16000,160000,8,id_02,0,normal
D:\pump\id_02\normal\00000291.wav,10.0,16000,160000,8,id_02,0,normal
D:\pump\id_02\normal\00000292.wav,10.0,16000,160000,8,id_02,0,normal
D:\pump\id_02\normal\00000293.wav,10.0,16000,160000,8,id_02,0,normal
D:\pump\id_02\normal\00000294.wav,10.0,16000,160000,8,id_02,0,normal
D:\pump\id_02\normal\00000295.wav,10.0,16000,160000,8,id_02,0,normal
D:\pump\id_02\normal\00000296.wav,10.0,16000,160000,8,id_02,0,normal
D:\pump\id_02\normal\00000297.wav,10.0,16000,160000,8,id_02,0,normal
D:\pump\id_02\normal\00000298.wav,10.0,16000,160000,8,id_02,0,normal
D:\pump\id_02\normal\00000299.wav,10.0,16000,160000,8,id_02,0,normal
D:\pump\id_02\normal\00000300.wav,10.0,16000,160000,8,id_02,0,normal
D:\pump\id_02\normal\00000301.wav,10.0,16000,160000,8,id_02,0,normal
D:\pump\id_02\normal\00000302.wav,10.0,16000,160000,8,id_02,0,normal
D:\pump\id_02\normal\00000303.wav,10.0,16000,160000,8,id_02,0,normal
D:\pump\id_02\normal\00000304.wav,10.0,16000,160000,8,id_02,0,normal
D:\pump\id_02\normal\00000305.wav,10.0,16000,160000,8,id_02,0,normal
D:\pump\id_02\normal\00000306.wav,10.0,16000,160000,8,id_02,0,normal
D:\pump\id_02\normal\00000307.wav,10.0,16000,160000,8,id_02,0,normal
D:\pump\id_02\normal\00000308.wav,10.0,16000,160000,8,id_02,0,normal
D:\pump\id_02\normal\00000309.wav,10.0,16000,160000,8,id_02,0,normal
D:\pump\id_02\normal\00000310.wav,10.0,16000,160000,8,id_02,0,normal
D:\pump\id_02\normal\00000311.wav,10.0,16000,160000,8,id_02,0,normal
D:\pump\id_02\normal\00000312.wav,10.0,16000,160000,8,id_02,0,normal
D:\pump\id_02\normal\00000313.wav,10.0,16000,160000,8,id_02,0,normal
D:\pump\id_02\normal\00000314.wav,10.0,16000,160000,8,id_02,0,normal
D:\pump\id_02\normal\00000315.wav,10.0,16000,160000,8,id_02,0,normal
D:\pump\id_02\normal\00000316.wav,10.0,16000,160000,8,id_02,0,normal
D:\pump\id_02\normal\00000317.wav,10.0,16000,160000,8,id_02,0,normal
D:\pump\id_02\normal\00000318.wav,10.0,16000,160000,8,id_02,0,normal
D:\pump\id_02\normal\00000319.wav,10.0,16000,160000,8,id_02,0,normal
D:\pump\id_02\normal\00000320.wav,10.0,16000,160000,8,id_02,0,normal
D:\pump\id_02\normal\00000321.wav,10.0,16000,160000,8,id_02,0,normal
D:\pump\id_02\normal\00000322.wav,10.0,16000,160000,8,id_02,0,normal
D:\pump\id_02\normal\00000323.wav,10.0,16000,160000,8,id_02,0,normal
D:\pump\id_02\normal\00000324.wav,10.0,16000,160000,8,id_02,0,normal
D:\pump\id_02\normal\00000325.wav,10.0,16000,160000,8,id_02,0,normal
D:\pump\id_02\normal\00000326.wav,10.0,16000,160000,8,id_02,0,normal
D:\pump\id_02\normal\00000327.wav,10.0,16000,160000,8,id_02,0,normal
D:\pump\id_02\normal\00000328.wav,10.0,16000,160000,8,id_02,0,normal
D:\pump\id_02\normal\00000329.wav,10.0,16000,160000,8,id_02,0,normal
D:\pump\id_02\normal\00000330.wav,10.0,16000,160000,8,id_02,0,normal
D:\pump\id_02\normal\00000331.wav,10.0,16000,160000,8,id_02,0,normal
D:\pump\id_02\normal\00000332.wav,10.0,16000,160000,8,id_02,0,normal
D:\pump\id_02\normal\00000333.wav,10.0,16000,160000,8,id_02,0,normal
D:\pump\id_02\normal\00000334.wav,10.0,16000,160000,8,id_02,0,normal
D:\pump\id_02\normal\00000335.wav,10.0,16000,160000,8,id_02,0,normal
D:\pump\id_02\normal\00000336.wav,10.0,16000,160000,8,id_02,0,normal
D:\pump\id_02\normal\00000337.wav,10.0,16000,160000,8,id_02,0,normal
D:\pump\id_02\normal\00000338.wav,10.0,16000,160000,8,id_02,0,normal
D:\pump\id_02\normal\00000339.wav,10.0,16000,160000,8,id_02,0,normal
D:\pump\id_02\normal\00000340.wav,10.0,16000,160000,8,id_02,0,normal
D:\pump\id_02\normal\00000341.wav,10.0,16000,160000,8,id_02,0,normal
D:\pump\id_02\normal\00000342.wav,10.0,16000,160000,8,id_02,0,normal
D:\pump\id_02\normal\00000343.wav,10.0,16000,160000,8,id_02,0,normal
D:\pump\id_02\normal\00000344.wav,10.0,16000,160000,8,id_02,0,normal
D:\pump\id_02\normal\00000345.wav,10.0,16000,160000,8,id_02,0,normal
D:\pump\id_02\normal\00000346.wav,10.0,16000,160000,8,id_02,0,normal
D:\pump\id_02\normal\00000347.wav,10.0,16000,160000,8,id_02,0,normal
D:\pump\id_02\normal\00000348.wav,10.0,16000,160000,8,id_02,0,normal
D:\pump\id_02\normal\00000349.wav,10.0,16000,160000,8,id_02,0,normal
D:\pump\id_02\normal\00000350.wav,10.0,16000,160000,8,id_02,0,normal
D:\pump\id_02\normal\00000351.wav,10.0,16000,160000,8,id_02,0,normal
D:\pump\id_02\normal\00000352.wav,10.0,16000,160000,8,id_02,0,normal
D:\pump\id_02\normal\00000353.wav,10.0,16000,160000,8,id_02,0,normal
D:\pump\id_02\normal\00000354.wav,10.0,16000,160000,8,id_02,0,normal
D:\pump\id_02\normal\00000355.wav,10.0,16000,160000,8,id_02,0,normal
D:\pump\id_02\normal\00000356.wav,10.0,16000,160000,8,id_02,0,normal
D:\pump\id_02\normal\00000357.wav,10.0,16000,160000,8,id_02,0,normal
D:\pump\id_02\normal\00000358.wav,10.0,16000,160000,8,id_02,0,normal
D:\pump\id_02\normal\00000359.wav,10.0,16000,160000,8,id_02,0,normal
D:\pump\id_02\normal\00000360.wav,10.0,16000,160000,8,id_02,0,normal
D:\pump\id_02\normal\00000361.wav,10.0,16000,160000,8,id_02,0,normal
D:\pump\id_02\normal\00000362.wav,10.0,16000,160000,8,id_02,0,normal
D:\pump\id_02\normal\00000363.wav,10.0,16000,160000,8,id_02,0,normal
D:\pump\id_02\normal\00000364.wav,10.0,16000,160000,8,id_02,0,normal
D:\pump\id_02\normal\00000365.wav,10.0,16000,160000,8,id_02,0,normal
D:\pump\id_02\normal\00000366.wav,10.0,16000,160000,8,id_02,0,normal
D:\pump\id_02\normal\00000367.wav,10.0,16000,160000,8,id_02,0,normal
D:\pump\id_02\normal\00000368.wav,10.0,16000,160000,8,id_02,0,normal
D:\pump\id_02\normal\00000369.wav,10.0,16000,160000,8,id_02,0,normal
D:\pump\id_02\normal\00000370.wav,10.0,16000,160000,8,id_02,0,normal
D:\pump\id_02\normal\00000371.wav,10.0,16000,160000,8,id_02,0,normal
D:\pump\id_02\normal\00000372.wav,10.0,16000,160000,8,id_02,0,normal
D:\pump\id_02\normal\00000373.wav,10.0,16000,160000,8,id_02,0,normal
D:\pump\id_02\normal\00000374.wav,10.0,16000,160000,8,id_02,0,normal
D:\pump\id_02\normal\00000375.wav,10.0,16000,160000,8,id_02,0,normal
D:\pump\id_02\normal\00000376.wav,10.0,16000,160000,8,id_02,0,normal
D:\pump\id_02\normal\00000377.wav,10.0,16000,160000,8,id_02,0,normal
D:\pump\id_02\normal\00000378.wav,10.0,16000,160000,8,id_02,0,normal
D:\pump\id_02\normal\00000379.wav,10.0,16000,160000,8,id_02,0,normal
D:\pump\id_02\normal\00000380.wav,10.0,16000,160000,8,id_02,0,normal
D:\pump\id_02\normal\00000381.wav,10.0,16000,160000,8,id_02,0,normal
D:\pump\id_02\normal\00000382.wav,10.0,16000,160000,8,id_02,0,normal
D:\pump\id_02\normal\00000383.wav,10.0,16000,160000,8,id_02,0,normal
D:\pump\id_02\normal\00000384.wav,10.0,16000,160000,8,id_02,0,normal
D:\pump\id_02\normal\00000385.wav,10.0,16000,160000,8,id_02,0,normal
D:\pump\id_02\normal\00000386.wav,10.0,16000,160000,8,id_02,0,normal
D:\pump\id_02\normal\00000387.wav,10.0,16000,160000,8,id_02,0,normal
D:\pump\id_02\normal\00000388.wav,10.0,16000,160000,8,id_02,0,normal
D:\pump\id_02\normal\00000389.wav,10.0,16000,160000,8,id_02,0,normal
D:\pump\id_02\normal\00000390.wav,10.0,16000,160000,8,id_02,0,normal
D:\pump\id_02\normal\00000391.wav,10.0,16000,160000,8,id_02,0,normal
D:\pump\id_02\normal\00000392.wav,10.0,16000,160000,8,id_02,0,normal
D:\pump\id_02\normal\00000393.wav,10.0,16000,160000,8,id_02,0,normal
D:\pump\id_02\normal\00000394.wav,10.0,16000,160000,8,id_02,0,normal
D:\pump\id_02\normal\00000395.wav,10.0,16000,160000,8,id_02,0,normal
D:\pump\id_02\normal\00000396.wav,10.0,16000,160000,8,id_02,0,normal
D:\pump\id_02\normal\00000397.wav,10.0,16000,160000,8,id_02,0,normal
D:\pump\id_02\normal\00000398.wav,10.0,16000,160000,8,id_02,0,normal
D:\pump\id_02\normal\00000399.wav,10.0,16000,160000,8,id_02,0,normal
D:\pump\id_02\normal\00000400.wav,10.0,16000,160000,8,id_02,0,normal
D:\pump\id_02\normal\00000401.wav,10.0,16000,160000,8,id_02,0,normal
D:\pump\id_02\normal\00000402.wav,10.0,16000,160000,8,id_02,0,normal
D:\pump\id_02\normal\00000403.wav,10.0,16000,160000,8,id_02,0,normal
D:\pump\id_02\normal\00000404.wav,10.0,16000,160000,8,id_02,0,normal
D:\pump\id_02\normal\00000405.wav,10.0,16000,160000,8,id_02,0,normal
D:\pump\id_02\normal\00000406.wav,10.0,16000,160000,8,id_02,0,normal
D:\pump\id_02\normal\00000407.wav,10.0,16000,160000,8,id_02,0,normal
D:\pump\id_02\normal\00000408.wav,10.0,16000,160000,8,id_02,0,normal
D:\pump\id_02\normal\00000409.wav,10.0,16000,160000,8,id_02,0,normal
D:\pump\id_02\normal\00000410.wav,10.0,16000,160000,8,id_02,0,normal
D:\pump\id_02\normal\00000411.wav,10.0,16000,160000,8,id_02,0,normal
D:\pump\id_02\normal\00000412.wav,10.0,16000,160000,8,id_02,0,normal
D:\pump\id_02\normal\00000413.wav,10.0,16000,160000,8,id_02,0,normal
D:\pump\id_02\normal\00000414.wav,10.0,16000,160000,8,id_02,0,normal
D:\pump\id_02\normal\00000415.wav,10.0,16000,160000,8,id_02,0,normal
D:\pump\id_02\normal\00000416.wav,10.0,16000,160000,8,id_02,0,normal
D:\pump\id_02\normal\00000417.wav,10.0,16000,160000,8,id_02,0,normal
D:\pump\id_02\normal\00000418.wav,10.0,16000,160000,8,id_02,0,normal
D:\pump\id_02\normal\00000419.wav,10.0,16000,160000,8,id_02,0,normal
D:\pump\id_02\normal\00000420.wav,10.0,16000,160000,8,id_02,0,normal
D:\pump\id_02\normal\00000421.wav,10.0,16000,160000,8,id_02,0,normal
D:\pump\id_02\normal\00000422.wav,10.0,16000,160000,8,id_02,0,normal
D:\pump\id_02\normal\00000423.wav,10.0,16000,160000,8,id_02,0,normal
D:\pump\id_02\normal\00000424.wav,10.0,16000,160000,8,id_02,0,normal
D:\pump\id_02\normal\00000425.wav,10.0,16000,160000,8,id_02,0,normal
D:\pump\id_02\normal\00000426.wav,10.0,16000,160000,8,id_02,0,normal
D:\pump\id_02\normal\00000427.wav,10.0,16000,160000,8,id_02,0,normal
D:\pump\id_02\normal\00000428.wav,10.0,16000,160000,8,id_02,0,normal
D:\pump\id_02\normal\00000429.wav,10.0,16000,160000,8,id_02,0,normal
D:\pump\id_02\normal\00000430.wav,10.0,16000,160000,8,id_02,0,normal
D:\pump\id_02\normal\00000431.wav,10.0,16000,160000,8,id_02,0,normal
D:\pump\id_02\normal\00000432.wav,10.0,16000,160000,8,id_02,0,normal
D:\pump\id_02\normal\00000433.wav,10.0,16000,160000,8,id_02,0,normal
D:\pump\id_02\normal\00000434.wav,10.0,16000,160000,8,id_02,0,normal
D:\pump\id_02\normal\00000435.wav,10.0,16000,160000,8,id_02,0,normal
D:\pump\id_02\normal\00000436.wav,10.0,16000,160000,8,id_02,0,normal
D:\pump\id_02\normal\00000437.wav,10.0,16000,160000,8,id_02,0,normal
D:\pump\id_02\normal\00000438.wav,10.0,16000,160000,8,id_02,0,normal
D:\pump\id_02\normal\00000439.wav,10.0,16000,160000,8,id_02,0,normal
D:\pump\id_02\normal\00000440.wav,10.0,16000,160000,8,id_02,0,normal
D:\pump\id_02\normal\00000441.wav,10.0,16000,160000,8,id_02,0,normal
D:\pump\id_02\normal\00000442.wav,10.0,16000,160000,8,id_02,0,normal
D:\pump\id_02\normal\00000443.wav,10.0,16000,160000,8,id_02,0,normal
D:\pump\id_02\normal\00000444.wav,10.0,16000,160000,8,id_02,0,normal
D:\pump\id_02\normal\00000445.wav,10.0,16000,160000,8,id_02,0,normal
D:\pump\id_02\normal\00000446.wav,10.0,16000,160000,8,id_02,0,normal
D:\pump\id_02\normal\00000447.wav,10.0,16000,160000,8,id_02,0,normal
D:\pump\id_02\normal\00000448.wav,10.0,16000,160000,8,id_02,0,normal
D:\pump\id_02\normal\00000449.wav,10.0,16000,160000,8,id_02,0,normal
D:\pump\id_02\normal\00000450.wav,10.0,16000,160000,8,id_02,0,normal
D:\pump\id_02\normal\00000451.wav,10.0,16000,160000,8,id_02,0,normal
D:\pump\id_02\normal\00000452.wav,10.0,16000,160000,8,id_02,0,normal
D:\pump\id_02\normal\00000453.wav,10.0,16000,160000,8,id_02,0,normal
D:\pump\id_02\normal\00000454.wav,10.0,16000,160000,8,id_02,0,normal
D:\pump\id_02\normal\00000455.wav,10.0,16000,160000,8,id_02,0,normal
D:\pump\id_02\normal\00000456.wav,10.0,16000,160000,8,id_02,0,normal
D:\pump\id_02\normal\00000457.wav,10.0,16000,160000,8,id_02,0,normal
D:\pump\id_02\normal\00000458.wav,10.0,16000,160000,8,id_02,0,normal
D:\pump\id_02\normal\00000459.wav,10.0,16000,160000,8,id_02,0,normal
D:\pump\id_02\normal\00000460.wav,10.0,16000,160000,8,id_02,0,normal
D:\pump\id_02\normal\00000461.wav,10.0,16000,160000,8,id_02,0,normal
D:\pump\id_02\normal\00000462.wav,10.0,16000,160000,8,id_02,0,normal
D:\pump\id_02\normal\00000463.wav,10.0,16000,160000,8,id_02,0,normal
D:\pump\id_02\normal\00000464.wav,10.0,16000,160000,8,id_02,0,normal
D:\pump\id_02\normal\00000465.wav,10.0,16000,160000,8,id_02,0,normal
D:\pump\id_02\normal\00000466.wav,10.0,16000,160000,8,id_02,0,normal
D:\pump\id_02\normal\00000467.wav,10.0,16000,160000,8,id_02,0,normal
D:\pump\id_02\normal\00000468.wav,10.0,16000,160000,8,id_02,0,normal
D:\pump\id_02\normal\00000469.wav,10.0,16000,160000,8,id_02,0,normal
D:\pump\id_02\normal\00000470.wav,10.0,16000,160000,8,id_02,0,normal
D:\pump\id_02\normal\00000471.wav,10.0,16000,160000,8,id_02,0,normal
D:\pump\id_02\normal\00000472.wav,10.0,16000,160000,8,id_02,0,normal
D:\pump\id_02\normal\00000473.wav,10.0,16000,160000,8,id_02,0,normal
D:\pump\id_02\normal\00000474.wav,10.0,16000,160000,8,id_02,0,normal
D:\pump\id_02\normal\00000475.wav,10.0,16000,160000,8,id_02,0,normal
D:\pump\id_02\normal\00000476.wav,10.0,16000,160000,8,id_02,0,normal
D:\pump\id_02\normal\00000477.wav,10.0,16000,160000,8,id_02,0,normal
D:\pump\id_02\normal\00000478.wav,10.0,16000,160000,8,id_02,0,normal
D:\pump\id_02\normal\00000479.wav,10.0,16000,160000,8,id_02,0,normal
D:\pump\id_02\normal\00000480.wav,10.0,16000,160000,8,id_02,0,normal
D:\pump\id_02\normal\00000481.wav,10.0,16000,160000,8,id_02,0,normal
D:\pump\id_02\normal\00000482.wav,10.0,16000,160000,8,id_02,0,normal
D:\pump\id_02\normal\00000483.wav,10.0,16000,160000,8,id_02,0,normal
D:\pump\id_02\normal\00000484.wav,10.0,16000,160000,8,id_02,0,normal
D:\pump\id_02\normal\00000485.wav,10.0,16000,160000,8,id_02,0,normal
D:\pump\id_02\normal\00000486.wav,10.0,16000,160000,8,id_02,0,normal
D:\pump\id_02\normal\00000487.wav,10.0,16000,160000,8,id_02,0,normal
D:\pump\id_02\normal\00000488.wav,10.0,16000,160000,8,id_02,0,normal
D:\pump\id_02\normal\00000489.wav,10.0,16000,160000,8,id_02,0,normal
D:\pump\id_02\normal\00000490.wav,10.0,16000,160000,8,id_02,0,normal
D:\pump\id_02\normal\00000491.wav,10.0,16000,160000,8,id_02,0,normal
D:\pump\id_02\normal\00000492.wav,10.0,16000,160000,8,id_02,0,normal
D:\pump\id_02\normal\00000493.wav,10.0,16000,160000,8,id_02,0,normal
D:\pump\id_02\normal\00000494.wav,10.0,16000,160000,8,id_02,0,normal
D:\pump\id_02\normal\00000495.wav,10.0,16000,160000,8,id_02,0,normal
D:\pump\id_02\normal\00000496.wav,10.0,16000,160000,8,id_02,0,normal
D:\pump\id_02\normal\00000497.wav,10.0,16000,160000,8,id_02,0,normal
D:\pump\id_02\normal\00000498.wav,10.0,16000,160000,8,id_02,0,normal
D:\pump\id_02\normal\00000499.wav,10.0,16000,160000,8,id_02,0,normal
D:\pump\id_02\normal\00000500.wav,10.0,16000,160000,8,id_02,0,normal
D:\pump\id_02\normal\00000501.wav,10.0,16000,160000,8,id_02,0,normal
D:\pump\id_02\normal\00000502.wav,10.0,16000,160000,8,id_02,0,normal
D:\pump\id_02\normal\00000503.wav,10.0,16000,160000,8,id_02,0,normal
D:\pump\id_02\normal\00000504.wav,10.0,16000,160000,8,id_02,0,normal
D:\pump\id_02\normal\00000505.wav,10.0,16000,160000,8,id_02,0,normal
D:\pump\id_02\normal\00000506.wav,10.0,16000,160000,8,id_02,0,normal
D:\pump\id_02\normal\00000507.wav,10.0,16000,160000,8,id_02,0,normal
D:\pump\id_02\normal\00000508.wav,10.0,16000,160000,8,id_02,0,normal
D:\pump\id_02\normal\00000509.wav,10.0,16000,160000,8,id_02,0,normal
D:\pump\id_02\normal\00000510.wav,10.0,16000,160000,8,id_02,0,normal
D:\pump\id_02\normal\00000511.wav,10.0,16000,160000,8,id_02,0,normal
D:\pump\id_02\normal\00000512.wav,10.0,16000,160000,8,id_02,0,normal
D:\pump\id_02\normal\00000513.wav,10.0,16000,160000,8,id_02,0,normal
D:\pump\id_02\normal\00000514.wav,10.0,16000,160000,8,id_02,0,normal
D:\pump\id_02\normal\00000515.wav,10.0,16000,160000,8,id_02,0,normal
D:\pump\id_02\normal\00000516.wav,10.0,16000,160000,8,id_02,0,normal
D:\pump\id_02\normal\00000517.wav,10.0,16000,160000,8,id_02,0,normal
D:\pump\id_02\normal\00000518.wav,10.0,16000,160000,8,id_02,0,normal
D:\pump\id_02\normal\00000519.wav,10.0,16000,160000,8,id_02,0,normal
D:\pump\id_02\normal\00000520.wav,10.0,16000,160000,8,id_02,0,normal
D:\pump\id_02\normal\00000521.wav,10.0,16000,160000,8,id_02,0,normal
D:\pump\id_02\normal\00000522.wav,10.0,16000,160000,8,id_02,0,normal
D:\pump\id_02\normal\00000523.wav,10.0,16000,160000,8,id_02,0,normal
D:\pump\id_02\normal\00000524.wav,10.0,16000,160000,8,id_02,0,normal
D:\pump\id_02\normal\00000525.wav,10.0,16000,160000,8,id_02,0,normal
D:\pump\id_02\normal\00000526.wav,10.0,16000,160000,8,id_02,0,normal
D:\pump\id_02\normal\00000527.wav,10.0,16000,160000,8,id_02,0,normal
D:\pump\id_02\normal\00000528.wav,10.0,16000,160000,8,id_02,0,normal
D:\pump\id_02\normal\00000529.wav,10.0,16000,160000,8,id_02,0,normal
D:\pump\id_02\normal\00000530.wav,10.0,16000,160000,8,id_02,0,normal
D:\pump\id_02\normal\00000531.wav,10.0,16000,160000,8,id_02,0,normal
D:\pump\id_02\normal\00000532.wav,10.0,16000,160000,8,id_02,0,normal
D:\pump\id_02\normal\00000533.wav,10.0,16000,160000,8,id_02,0,normal
D:\pump\id_02\normal\00000534.wav,10.0,16000,160000,8,id_02,0,normal
D:\pump\id_02\normal\00000535.wav,10.0,16000,160000,8,id_02,0,normal
D:\pump\id_02\normal\00000536.wav,10.0,16000,160000,8,id_02,0,normal
D:\pump\id_02\normal\00000537.wav,10.0,16000,160000,8,id_02,0,normal
D:\pump\id_02\normal\00000538.wav,10.0,16000,160000,8,id_02,0,normal
D:\pump\id_02\normal\00000539.wav,10.0,16000,160000,8,id_02,0,normal
D:\pump\id_02\normal\00000540.wav,10.0,16000,160000,8,id_02,0,normal
D:\pump\id_02\normal\00000541.wav,10.0,16000,160000,8,id_02,0,normal
D:\pump\id_02\normal\00000542.wav,10.0,16000,160000,8,id_02,0,normal
D:\pump\id_02\normal\00000543.wav,10.0,16000,160000,8,id_02,0,normal
D:\pump\id_02\normal\00000544.wav,10.0,16000,160000,8,id_02,0,normal
D:\pump\id_02\normal\00000545.wav,10.0,16000,160000,8,id_02,0,normal
D:\pump\id_02\normal\00000546.wav,10.0,16000,160000,8,id_02,0,normal
D:\pump\id_02\normal\00000547.wav,10.0,16000,160000,8,id_02,0,normal
D:\pump\id_02\normal\00000548.wav,10.0,16000,160000,8,id_02,0,normal
D:\pump\id_02\normal\00000549.wav,10.0,16000,160000,8,id_02,0,normal
D:\pump\id_02\normal\00000550.wav,10.0,16000,160000,8,id_02,0,normal
D:\pump\id_02\normal\00000551.wav,10.0,16000,160000,8,id_02,0,normal
D:\pump\id_02\normal\00000552.wav,10.0,16000,160000,8,id_02,0,normal
D:\pump\id_02\normal\00000553.wav,10.0,16000,160000,8,id_02,0,normal
D:\pump\id_02\normal\00000554.wav,10.0,16000,160000,8,id_02,0,normal
D:\pump\id_02\normal\00000555.wav,10.0,16000,160000,8,id_02,0,normal
D:\pump\id_02\normal\00000556.wav,10.0,16000,160000,8,id_02,0,normal
D:\pump\id_02\normal\00000557.wav,10.0,16000,160000,8,id_02,0,normal
D:\pump\id_02\normal\00000558.wav,10.0,16000,160000,8,id_02,0,normal
D:\pump\id_02\normal\00000559.wav,10.0,16000,160000,8,id_02,0,normal
D:\pump\id_02\normal\00000560.wav,10.0,16000,160000,8,id_02,0,normal
D:\pump\id_02\normal\00000561.wav,10.0,16000,160000,8,id_02,0,normal
D:\pump\id_02\normal\00000562.wav,10.0,16000,160000,8,id_02,0,normal
D:\pump\id_02\normal\00000563.wav,10.0,16000,160000,8,id_02,0,normal
D:\pump\id_02\normal\00000564.wav,10.0,16000,160000,8,id_02,0,normal
D:\pump\id_02\normal\00000565.wav,10.0,16000,160000,8,id_02,0,normal
D:\pump\id_02\normal\00000566.wav,10.0,16000,160000,8,id_02,0,normal
D:\pump\id_02\normal\00000567.wav,10.0,16000,160000,8,id_02,0,normal
D:\pump\id_02\normal\00000568.wav,10.0,16000,160000,8,id_02,0,normal
D:\pump\id_02\normal\00000569.wav,10.0,16000,160000,8,id_02,0,normal
D:\pump\id_02\normal\00000570.wav,10.0,16000,160000,8,id_02,0,normal
D:\pump\id_02\normal\00000571.wav,10.0,16000,160000,8,id_02,0,normal
D:\pump\id_02\normal\00000572.wav,10.0,16000,160000,8,id_02,0,normal
D:\pump\id_02\normal\00000573.wav,10.0,16000,160000,8,id_02,0,normal
D:\pump\id_02\normal\00000574.wav,10.0,16000,160000,8,id_02,0,normal
D:\pump\id_02\normal\00000575.wav,10.0,16000,160000,8,id_02,0,normal
D:\pump\id_02\normal\00000576.wav,10.0,16000,160000,8,id_02,0,normal
D:\pump\id_02\normal\00000577.wav,10.0,16000,160000,8,id_02,0,normal
D:\pump\id_02\normal\00000578.wav,10.0,16000,160000,8,id_02,0,normal
D:\pump\id_02\normal\00000579.wav,10.0,16000,160000,8,id_02,0,normal
D:\pump\id_02\normal\00000580.wav,10.0,16000,160000,8,id_02,0,normal
D:\pump\id_02\normal\00000581.wav,10.0,16000,160000,8,id_02,0,normal
D:\pump\id_02\normal\00000582.wav,10.0,16000,160000,8,id_02,0,normal
D:\pump\id_02\normal\00000583.wav,10.0,16000,160000,8,id_02,0,normal
D:\pump\id_02\normal\00000584.wav,10.0,16000,160000,8,id_02,0,normal
D:\pump\id_02\normal\00000585.wav,10.0,16000,160000,8,id_02,0,normal
D:\pump\id_02\normal\00000586.wav,10.0,16000,160000,8,id_02,0,normal
D:\pump\id_02\normal\00000587.wav,10.0,16000,160000,8,id_02,0,normal
D:\pump\id_02\normal\00000588.wav,10.0,16000,160000,8,id_02,0,normal
D:\pump\id_02\normal\00000589.wav,10.0,16000,160000,8,id_02,0,normal
D:\pump\id_02\normal\00000590.wav,10.0,16000,160000,8,id_02,0,normal
D:\pump\id_02\normal\00000591.wav,10.0,16000,160000,8,id_02,0,normal
D:\pump\id_02\normal\00000592.wav,10.0,16000,160000,8,id_02,0,normal
D:\pump\id_02\normal\00000593.wav,10.0,16000,160000,8,id_02,0,normal
D:\pump\id_02\normal\00000594.wav,10.0,16000,160000,8,id_02,0,normal
D:\pump\id_02\normal\00000595.wav,10.0,16000,160000,8,id_02,0,normal
D:\pump\id_02\normal\00000596.wav,10.0,16000,160000,8,id_02,0,normal
D:\pump\id_02\normal\00000597.wav,10.0,16000,160000,8,id_02,0,normal
D:\pump\id_02\normal\00000598.wav,10.0,16000,160000,8,id_02,0,normal
D:\pump\id_02\normal\00000599.wav,10.0,16000,160000,8,id_02,0,normal
D:\pump\id_02\normal\00000600.wav,10.0,16000,160000,8,id_02,0,normal
D:\pump\id_02\normal\00000601.wav,10.0,16000,160000,8,id_02,0,normal
D:\pump\id_02\normal\00000602.wav,10.0,16000,160000,8,id_02,0,normal
D:\pump\id_02\normal\00000603.wav,10.0,16000,160000,8,id_02,0,normal
D:\pump\id_02\normal\00000604.wav,10.0,16000,160000,8,id_02,0,normal
D:\pump\id_02\normal\00000605.wav,10.0,16000,160000,8,id_02,0,normal
D:\pump\id_02\normal\00000606.wav,10.0,16000,160000,8,id_02,0,normal
D:\pump\id_02\normal\00000607.wav,10.0,16000,160000,8,id_02,0,normal
D:\pump\id_02\normal\00000608.wav,10.0,16000,160000,8,id_02,0,normal
D:\pump\id_02\normal\00000609.wav,10.0,16000,160000,8,id_02,0,normal
D:\pump\id_02\normal\00000610.wav,10.0,16000,160000,8,id_02,0,normal
D:\pump\id_02\normal\00000611.wav,10.0,16000,160000,8,id_02,0,normal
D:\pump\id_02\normal\00000612.wav,10.0,16000,160000,8,id_02,0,normal
D:\pump\id_02\normal\00000613.wav,10.0,16000,160000,8,id_02,0,normal
D:\pump\id_02\normal\00000614.wav,10.0,16000,160000,8,id_02,0,normal
D:\pump\id_02\normal\00000615.wav,10.0,16000,160000,8,id_02,0,normal
D:\pump\id_02\normal\00000616.wav,10.0,16000,160000,8,id_02,0,normal
D:\pump\id_02\normal\00000617.wav,10.0,16000,160000,8,id_02,0,normal
D:\pump\id_02\normal\00000618.wav,10.0,16000,160000,8,id_02,0,normal
D:\pump\id_02\normal\00000619.wav,10.0,16000,160000,8,id_02,0,normal
D:\pump\id_02\normal\00000620.wav,10.0,16000,160000,8,id_02,0,normal
D:\pump\id_02\normal\00000621.wav,10.0,16000,160000,8,id_02,0,normal
D:\pump\id_02\normal\00000622.wav,10.0,16000,160000,8,id_02,0,normal
D:\pump\id_02\normal\00000623.wav,10.0,16000,160000,8,id_02,0,normal
D:\pump\id_02\normal\00000624.wav,10.0,16000,160000,8,id_02,0,normal
D:\pump\id_02\normal\00000625.wav,10.0,16000,160000,8,id_02,0,normal
D:\pump\id_02\normal\00000626.wav,10.0,16000,160000,8,id_02,0,normal
D:\pump\id_02\normal\00000627.wav,10.0,16000,160000,8,id_02,0,normal
D:\pump\id_02\normal\00000628.wav,10.0,16000,160000,8,id_02,0,normal
D:\pump\id_02\normal\00000629.wav,10.0,16000,160000,8,id_02,0,normal
D:\pump\id_02\normal\00000630.wav,10.0,16000,160000,8,id_02,0,normal
D:\pump\id_02\normal\00000631.wav,10.0,16000,160000,8,id_02,0,normal
D:\pump\id_02\normal\00000632.wav,10.0,16000,160000,8,id_02,0,normal
D:\pump\id_02\normal\00000633.wav,10.0,16000,160000,8,id_02,0,normal
D:\pump\id_02\normal\00000634.wav,10.0,16000,160000,8,id_02,0,normal
D:\pump\id_02\normal\00000635.wav,10.0,16000,160000,8,id_02,0,normal
D:\pump\id_02\normal\00000636.wav,10.0,16000,160000,8,id_02,0,normal
D:\pump\id_02\normal\00000637.wav,10.0,16000,160000,8,id_02,0,normal
D:\pump\id_02\normal\00000638.wav,10.0,16000,160000,8,id_02,0,normal
D:\pump\id_02\normal\00000639.wav,10.0,16000,160000,8,id_02,0,normal
D:\pump\id_02\normal\00000640.wav,10.0,16000,160000,8,id_02,0,normal
D:\pump\id_02\normal\00000641.wav,10.0,16000,160000,8,id_02,0,normal
D:\pump\id_02\normal\00000642.wav,10.0,16000,160000,8,id_02,0,normal
D:\pump\id_02\normal\00000643.wav,10.0,16000,160000,8,id_02,0,normal
D:\pump\id_02\normal\00000644.wav,10.0,16000,160000,8,id_02,0,normal
D:\pump\id_02\normal\00000645.wav,10.0,16000,160000,8,id_02,0,normal
D:\pump\id_02\normal\00000646.wav,10.0,16000,160000,8,id_02,0,normal
D:\pump\id_02\normal\00000647.wav,10.0,16000,160000,8,id_02,0,normal
D:\pump\id_02\normal\00000648.wav,10.0,16000,160000,8,id_02,0,normal
D:\pump\id_02\normal\00000649.wav,10.0,16000,160000,8,id_02,0,normal
D:\pump\id_02\normal\00000650.wav,10.0,16000,160000,8,id_02,0,normal
D:\pump\id_02\normal\00000651.wav,10.0,16000,160000,8,id_02,0,normal
D:\pump\id_02\normal\00000652.wav,10.0,16000,160000,8,id_02,0,normal
D:\pump\id_02\normal\00000653.wav,10.0,16000,160000,8,id_02,0,normal
D:\pump\id_02\normal\00000654.wav,10.0,16000,160000,8,id_02,0,normal
D:\pump\id_02\normal\00000655.wav,10.0,16000,160000,8,id_02,0,normal
D:\pump\id_02\normal\00000656.wav,10.0,16000,160000,8,id_02,0,normal
D:\pump\id_02\normal\00000657.wav,10.0,16000,160000,8,id_02,0,normal
D:\pump\id_02\normal\00000658.wav,10.0,16000,160000,8,id_02,0,normal
D:\pump\id_02\normal\00000659.wav,10.0,16000,160000,8,id_02,0,normal
D:\pump\id_02\normal\00000660.wav,10.0,16000,160000,8,id_02,0,normal
D:\pump\id_02\normal\00000661.wav,10.0,16000,160000,8,id_02,0,normal
D:\pump\id_02\normal\00000662.wav,10.0,16000,160000,8,id_02,0,normal
D:\pump\id_02\normal\00000663.wav,10.0,16000,160000,8,id_02,0,normal
D:\pump\id_02\normal\00000664.wav,10.0,16000,160000,8,id_02,0,normal
D:\pump\id_02\normal\00000665.wav,10.0,16000,160000,8,id_02,0,normal
D:\pump\id_02\normal\00000666.wav,10.0,16000,160000,8,id_02,0,normal
D:\pump\id_02\normal\00000667.wav,10.0,16000,160000,8,id_02,0,normal
D:\pump\id_02\normal\00000668.wav,10.0,16000,160000,8,id_02,0,normal
D:\pump\id_02\normal\00000669.wav,10.0,16000,160000,8,id_02,0,normal
D:\pump\id_02\normal\00000670.wav,10.0,16000,160000,8,id_02,0,normal
D:\pump\id_02\normal\00000671.wav,10.0,16000,160000,8,id_02,0,normal
D:\pump\id_02\normal\00000672.wav,10.0,16000,160000,8,id_02,0,normal
D:\pump\id_02\normal\00000673.wav,10.0,16000,160000,8,id_02,0,normal
D:\pump\id_02\normal\00000674.wav,10.0,16000,160000,8,id_02,0,normal
D:\pump\id_02\normal\00000675.wav,10.0,16000,160000,8,id_02,0,normal
D:\pump\id_02\normal\00000676.wav,10.0,16000,160000,8,id_02,0,normal
D:\pump\id_02\normal\00000677.wav,10.0,16000,160000,8,id_02,0,normal
D:\pump\id_02\normal\00000678.wav,10.0,16000,160000,8,id_02,0,normal
D:\pump\id_02\normal\00000679.wav,10.0,16000,160000,8,id_02,0,normal
D:\pump\id_02\normal\00000680.wav,10.0,16000,160000,8,id_02,0,normal
D:\pump\id_02\normal\00000681.wav,10.0,16000,160000,8,id_02,0,normal
D:\pump\id_02\normal\00000682.wav,10.0,16000,160000,8,id_02,0,normal
D:\pump\id_02\normal\00000683.wav,10.0,16000,160000,8,id_02,0,normal
D:\pump\id_02\normal\00000684.wav,10.0,16000,160000,8,id_02,0,normal
D:\pump\id_02\normal\00000685.wav,10.0,16000,160000,8,id_02,0,normal
D:\pump\id_02\normal\00000686.wav,10.0,16000,160000,8,id_02,0,normal
D:\pump\id_02\normal\00000687.wav,10.0,16000,160000,8,id_02,0,normal
D:\pump\id_02\normal\00000688.wav,10.0,16000,160000,8,id_02,0,normal
D:\pump\id_02\normal\00000689.wav,10.0,16000,160000,8,id_02,0,normal
D:\pump\id_02\normal\00000690.wav,10.0,16000,160000,8,id_02,0,normal
D:\pump\id_02\normal\00000691.wav,10.0,16000,160000,8,id_02,0,normal
D:\pump\id_02\normal\00000692.wav,10.0,16000,160000,8,id_02,0,normal
D:\pump\id_02\normal\00000693.wav,10.0,16000,160000,8,id_02,0,normal
D:\pump\id_02\normal\00000694.wav,10.0,16000,160000,8,id_02,0,normal
D:\pump\id_02\normal\00000695.wav,10.0,16000,160000,8,id_02,0,normal
D:\pump\id_02\normal\00000696.wav,10.0,16000,160000,8,id_02,0,normal
D:\pump\id_02\normal\00000697.wav,10.0,16000,160000,8,id_02,0,normal
D:\pump\id_02\normal\00000698.wav,10.0,16000,160000,8,id_02,0,normal
D:\pump\id_02\normal\00000699.wav,10.0,16000,160000,8,id_02,0,normal
D:\pump\id_02\normal\00000700.wav,10.0,16000,160000,8,id_02,0,normal
D:\pump\id_02\normal\00000701.wav,10.0,16000,160000,8,id_02,0,normal
D:\pump\id_02\normal\00000702.wav,10.0,16000,160000,8,id_02,0,normal
D:\pump\id_02\normal\00000703.wav,10.0,16000,160000,8,id_02,0,normal
D:\pump\id_02\normal\00000704.wav,10.0,16000,160000,8,id_02,0,normal
D:\pump\id_02\normal\00000705.wav,10.0,16000,160000,8,id_02,0,normal
D:\pump\id_02\normal\00000706.wav,10.0,16000,160000,8,id_02,0,normal
D:\pump\id_02\normal\00000707.wav,10.0,16000,160000,8,id_02,0,normal
D:\pump\id_02\normal\00000708.wav,10.0,16000,160000,8,id_02,0,normal
D:\pump\id_02\normal\00000709.wav,10.0,16000,160000,8,id_02,0,normal
D:\pump\id_02\normal\00000710.wav,10.0,16000,160000,8,id_02,0,normal
D:\pump\id_02\normal\00000711.wav,10.0,16000,160000,8,id_02,0,normal
D:\pump\id_02\normal\00000712.wav,10.0,16000,160000,8,id_02,0,normal
D:\pump\id_02\normal\00000713.wav,10.0,16000,160000,8,id_02,0,normal
D:\pump\id_02\normal\00000714.wav,10.0,16000,160000,8,id_02,0,normal
D:\pump\id_02\normal\00000715.wav,10.0,16000,160000,8,id_02,0,normal
D:\pump\id_02\normal\00000716.wav,10.0,16000,160000,8,id_02,0,normal
D:\pump\id_02\normal\00000717.wav,10.0,16000,160000,8,id_02,0,normal
D:\pump\id_02\normal\00000718.wav,10.0,16000,160000,8,id_02,0,normal
D:\pump\id_02\normal\00000719.wav,10.0,16000,160000,8,id_02,0,normal
D:\pump\id_02\normal\00000720.wav,10.0,16000,160000,8,id_02,0,normal
D:\pump\id_02\normal\00000721.wav,10.0,16000,160000,8,id_02,0,normal
D:\pump\id_02\normal\00000722.wav,10.0,16000,160000,8,id_02,0,normal
D:\pump\id_02\normal\00000723.wav,10.0,16000,160000,8,id_02,0,normal
D:\pump\id_02\normal\00000724.wav,10.0,16000,160000,8,id_02,0,normal
D:\pump\id_02\normal\00000725.wav,10.0,16000,160000,8,id_02,0,normal
D:\pump\id_02\normal\00000726.wav,10.0,16000,160000,8,id_02,0,normal
D:\pump\id_02\normal\00000727.wav,10.0,16000,160000,8,id_02,0,normal
D:\pump\id_02\normal\00000728.wav,10.0,16000,160000,8,id_02,0,normal
D:\pump\id_02\normal\00000729.wav,10.0,16000,160000,8,id_02,0,normal
D:\pump\id_02\normal\00000730.wav,10.0,16000,160000,8,id_02,0,normal
D:\pump\id_02\normal\00000731.wav,10.0,16000,160000,8,id_02,0,normal
D:\pump\id_02\normal\00000732.wav,10.0,16000,160000,8,id_02,0,normal
D:\pump\id_02\normal\00000733.wav,10.0,16000,160000,8,id_02,0,normal
D:\pump\id_02\normal\00000734.wav,10.0,16000,160000,8,id_02,0,normal
D:\pump\id_02\normal\00000735.wav,10.0,16000,160000,8,id_02,0,normal
D:\pump\id_02\normal\00000736.wav,10.0,16000,160000,8,id_02,0,normal
D:\pump\id_02\normal\00000737.wav,10.0,16000,160000,8,id_02,0,normal
D:\pump\id_02\normal\00000738.wav,10.0,16000,160000,8,id_02,0,normal
D:\pump\id_02\normal\00000739.wav,10.0,16000,160000,8,id_02,0,normal
D:\pump\id_02\normal\00000740.wav,10.0,16000,160000,8,id_02,0,normal
D:\pump\id_02\normal\00000741.wav,10.0,16000,160000,8,id_02,0,normal
D:\pump\id_02\normal\00000742.wav,10.0,16000,160000,8,id_02,0,normal
D:\pump\id_02\normal\00000743.wav,10.0,16000,160000,8,id_02,0,normal
D:\pump\id_02\normal\00000744.wav,10.0,16000,160000,8,id_02,0,normal
D:\pump\id_02\normal\00000745.wav,10.0,16000,160000,8,id_02,0,normal
D:\pump\id_02\normal\00000746.wav,10.0,16000,160000,8,id_02,0,normal
D:\pump\id_02\normal\00000747.wav,10.0,16000,160000,8,id_02,0,normal
D:\pump\id_02\normal\00000748.wav,10.0,16000,160000,8,id_02,0,normal
D:\pump\id_02\normal\00000749.wav,10.0,16000,160000,8,id_02,0,normal
D:\pump\id_02\normal\00000750.wav,10.0,16000,160000,8,id_02,0,normal
D:\pump\id_02\normal\00000751.wav,10.0,16000,160000,8,id_02,0,normal
D:\pump\id_02\normal\00000752.wav,10.0,16000,160000,8,id_02,0,normal
D:\pump\id_02\normal\00000753.wav,10.0,16000,160000,8,id_02,0,normal
D:\pump\id_02\normal\00000754.wav,10.0,16000,160000,8,id_02,0,normal
D:\pump\id_02\normal\00000755.wav,10.0,16000,160000,8,id_02,0,normal
D:\pump\id_02\normal\00000756.wav,10.0,16000,160000,8,id_02,0,normal
D:\pump\id_02\normal\00000757.wav,10.0,16000,160000,8,id_02,0,normal
D:\pump\id_02\normal\00000758.wav,10.0,16000,160000,8,id_02,0,normal
D:\pump\id_02\normal\00000759.wav,10.0,16000,160000,8,id_02,0,normal
D:\pump\id_02\normal\00000760.wav,10.0,16000,160000,8,id_02,0,normal
D:\pump\id_02\normal\00000761.wav,10.0,16000,160000,8,id_02,0,normal
D:\pump\id_02\normal\00000762.wav,10.0,16000,160000,8,id_02,0,normal
D:\pump\id_02\normal\00000763.wav,10.0,16000,160000,8,id_02,0,normal
D:\pump\id_02\normal\00000764.wav,10.0,16000,160000,8,id_02,0,normal
D:\pump\id_02\normal\00000765.wav,10.0,16000,160000,8,id_02,0,normal
D:\pump\id_02\normal\00000766.wav,10.0,16000,160000,8,id_02,0,normal
D:\pump\id_02\normal\00000767.wav,10.0,16000,160000,8,id_02,0,normal
D:\pump\id_02\normal\00000768.wav,10.0,16000,160000,8,id_02,0,normal
D:\pump\id_02\normal\00000769.wav,10.0,16000,160000,8,id_02,0,normal
D:\pump\id_02\normal\00000770.wav,10.0,16000,160000,8,id_02,0,normal
D:\pump\id_02\normal\00000771.wav,10.0,16000,160000,8,id_02,0,normal
D:\pump\id_02\normal\00000772.wav,10.0,16000,160000,8,id_02,0,normal
D:\pump\id_02\normal\00000773.wav,10.0,16000,160000,8,id_02,0,normal
D:\pump\id_02\normal\00000774.wav,10.0,16000,160000,8,id_02,0,normal
D:\pump\id_02\normal\00000775.wav,10.0,16000,160000,8,id_02,0,normal
D:\pump\id_02\normal\00000776.wav,10.0,16000,160000,8,id_02,0,normal
D:\pump\id_02\normal\00000777.wav,10.0,16000,160000,8,id_02,0,normal
D:\pump\id_02\normal\00000778.wav,10.0,16000,160000,8,id_02,0,normal
D:\pump\id_02\normal\00000779.wav,10.0,16000,160000,8,id_02,0,normal
D:\pump\id_02\normal\00000780.wav,10.0,16000,160000,8,id_02,0,normal
D:\pump\id_02\normal\00000781.wav,10.0,16000,160000,8,id_02,0,normal
D:\pump\id_02\normal\00000782.wav,10.0,16000,160000,8,id_02,0,normal
D:\pump\id_02\normal\00000783.wav,10.0,16000,160000,8,id_02,0,normal
D:\pump\id_02\normal\00000784.wav,10.0,16000,160000,8,id_02,0,normal
D:\pump\id_02\normal\00000785.wav,10.0,16000,160000,8,id_02,0,normal
D:\pump\id_02\normal\00000786.wav,10.0,16000,160000,8,id_02,0,normal
D:\pump\id_02\normal\00000787.wav,10.0,16000,160000,8,id_02,0,normal
D:\pump\id_02\normal\00000788.wav,10.0,16000,160000,8,id_02,0,normal
D:\pump\id_02\normal\00000789.wav,10.0,16000,160000,8,id_02,0,normal
D:\pump\id_02\normal\00000790.wav,10.0,16000,160000,8,id_02,0,normal
D:\pump\id_02\normal\00000791.wav,10.0,16000,160000,8,id_02,0,normal
D:\pump\id_02\normal\00000792.wav,10.0,16000,160000,8,id_02,0,normal
D:\pump\id_02\normal\00000793.wav,10.0,16000,160000,8,id_02,0,normal
D:\pump\id_02\normal\00000794.wav,10.0,16000,160000,8,id_02,0,normal
D:\pump\id_02\normal\00000795.wav,10.0,16000,160000,8,id_02,0,normal
D:\pump\id_02\normal\00000796.wav,10.0,16000,160000,8,id_02,0,normal
D:\pump\id_02\normal\00000797.wav,10.0,16000,160000,8,id_02,0,normal
D:\pump\id_02\normal\00000798.wav,10.0,16000,160000,8,id_02,0,normal
D:\pump\id_02\normal\00000799.wav,10.0,16000,160000,8,id_02,0,normal
D:\pump\id_02\normal\00000800.wav,10.0,16000,160000,8,id_02,0,normal
D:\pump\id_02\normal\00000801.wav,10.0,16000,160000,8,id_02,0,normal
D:\pump\id_02\normal\00000802.wav,10.0,16000,160000,8,id_02,0,normal
D:\pump\id_02\normal\00000803.wav,10.0,16000,160000,8,id_02,0,normal
D:\pump\id_02\normal\00000804.wav,10.0,16000,160000,8,id_02,0,normal
D:\pump\id_02\normal\00000805.wav,10.0,16000,160000,8,id_02,0,normal
D:\pump\id_02\normal\00000806.wav,10.0,16000,160000,8,id_02,0,normal
D:\pump\id_02\normal\00000807.wav,10.0,16000,160000,8,id_02,0,normal
D:\pump\id_02\normal\00000808.wav,10.0,16000,160000,8,id_02,0,normal
D:\pump\id_02\normal\00000809.wav,10.0,16000,160000,8,id_02,0,normal
D:\pump\id_02\normal\00000810.wav,10.0,16000,160000,8,id_02,0,normal
D:\pump\id_02\normal\00000811.wav,10.0,16000,160000,8,id_02,0,normal
D:\pump\id_02\normal\00000812.wav,10.0,16000,160000,8,id_02,0,normal
D:\pump\id_02\normal\00000813.wav,10.0,16000,160000,8,id_02,0,normal
D:\pump\id_02\normal\00000814.wav,10.0,16000,160000,8,id_02,0,normal
D:\pump\id_02\normal\00000815.wav,10.0,16000,160000,8,id_02,0,normal
D:\pump\id_02\normal\00000816.wav,10.0,16000,160000,8,id_02,0,normal
D:\pump\id_02\normal\00000817.wav,10.0,16000,160000,8,id_02,0,normal
D:\pump\id_02\normal\00000818.wav,10.0,16000,160000,8,id_02,0,normal
D:\pump\id_02\normal\00000819.wav,10.0,16000,160000,8,id_02,0,normal
D:\pump\id_02\normal\00000820.wav,10.0,16000,160000,8,id_02,0,normal
D:\pump\id_02\normal\00000821.wav,10.0,16000,160000,8,id_02,0,normal
D:\pump\id_02\normal\00000822.wav,10.0,16000,160000,8,id_02,0,normal
D:\pump\id_02\normal\00000823.wav,10.0,16000,160000,8,id_02,0,normal
D:\pump\id_02\normal\00000824.wav,10.0,16000,160000,8,id_02,0,normal
D:\pump\id_02\normal\00000825.wav,10.0,16000,160000,8,id_02,0,normal
D:\pump\id_02\normal\00000826.wav,10.0,16000,160000,8,id_02,0,normal
D:\pump\id_02\normal\00000827.wav,10.0,16000,160000,8,id_02,0,normal
D:\pump\id_02\normal\00000828.wav,10.0,16000,160000,8,id_02,0,normal
D:\pump\id_02\normal\00000829.wav,10.0,16000,160000,8,id_02,0,normal
D:\pump\id_02\normal\00000830.wav,10.0,16000,160000,8,id_02,0,normal
D:\pump\id_02\normal\00000831.wav,10.0,16000,160000,8,id_02,0,normal
D:\pump\id_02\normal\00000832.wav,10.0,16000,160000,8,id_02,0,normal
D:\pump\id_02\normal\00000833.wav,10.0,16000,160000,8,id_02,0,normal
D:\pump\id_02\normal\00000834.wav,10.0,16000,160000,8,id_02,0,normal
D:\pump\id_02\normal\00000835.wav,10.0,16000,160000,8,id_02,0,normal
D:\pump\id_02\normal\00000836.wav,10.0,16000,160000,8,id_02,0,normal
D:\pump\id_02\normal\00000837.wav,10.0,16000,160000,8,id_02,0,normal
D:\pump\id_02\normal\00000838.wav,10.0,16000,160000,8,id_02,0,normal
D:\pump\id_02\normal\00000839.wav,10.0,16000,160000,8,id_02,0,normal
D:\pump\id_02\normal\00000840.wav,10.0,16000,160000,8,id_02,0,normal
D:\pump\id_02\normal\00000841.wav,10.0,16000,160000,8,id_02,0,normal
D:\pump\id_02\normal\00000842.wav,10.0,16000,160000,8,id_02,0,normal
D:\pump\id_02\normal\00000843.wav,10.0,16000,160000,8,id_02,0,normal
D:\pump\id_02\normal\00000844.wav,10.0,16000,160000,8,id_02,0,normal
D:\pump\id_02\normal\00000845.wav,10.0,16000,160000,8,id_02,0,normal
D:\pump\id_02\normal\00000846.wav,10.0,16000,160000,8,id_02,0,normal
D:\pump\id_02\normal\00000847.wav,10.0,16000,160000,8,id_02,0,normal
D:\pump\id_02\normal\00000848.wav,10.0,16000,160000,8,id_02,0,normal
D:\pump\id_02\normal\00000849.wav,10.0,16000,160000,8,id_02,0,normal
D:\pump\id_02\normal\00000850.wav,10.0,16000,160000,8,id_02,0,normal
D:\pump\id_02\normal\00000851.wav,10.0,16000,160000,8,id_02,0,normal
D:\pump\id_02\normal\00000852.wav,10.0,16000,160000,8,id_02,0,normal
D:\pump\id_02\normal\00000853.wav,10.0,16000,160000,8,id_02,0,normal
D:\pump\id_02\normal\00000854.wav,10.0,16000,160000,8,id_02,0,normal
D:\pump\id_02\normal\00000855.wav,10.0,16000,160000,8,id_02,0,normal
D:\pump\id_02\normal\00000856.wav,10.0,16000,160000,8,id_02,0,normal
D:\pump\id_02\normal\00000857.wav,10.0,16000,160000,8,id_02,0,normal
D:\pump\id_02\normal\00000858.wav,10.0,16000,160000,8,id_02,0,normal
D:\pump\id_02\normal\00000859.wav,10.0,16000,160000,8,id_02,0,normal
D:\pump\id_02\normal\00000860.wav,10.0,16000,160000,8,id_02,0,normal
D:\pump\id_02\normal\00000861.wav,10.0,16000,160000,8,id_02,0,normal
D:\pump\id_02\normal\00000862.wav,10.0,16000,160000,8,id_02,0,normal
D:\pump\id_02\normal\00000863.wav,10.0,16000,160000,8,id_02,0,normal
D:\pump\id_02\normal\00000864.wav,10.0,16000,160000,8,id_02,0,normal
D:\pump\id_02\normal\00000865.wav,10.0,16000,160000,8,id_02,0,normal
D:\pump\id_02\normal\00000866.wav,10.0,16000,160000,8,id_02,0,normal
D:\pump\id_02\normal\00000867.wav,10.0,16000,160000,8,id_02,0,normal
D:\pump\id_02\normal\00000868.wav,10.0,16000,160000,8,id_02,0,normal
D:\pump\id_02\normal\00000869.wav,10.0,16000,160000,8,id_02,0,normal
D:\pump\id_02\normal\00000870.wav,10.0,16000,160000,8,id_02,0,normal
D:\pump\id_02\normal\00000871.wav,10.0,16000,160000,8,id_02,0,normal
D:\pump\id_02\normal\00000872.wav,10.0,16000,160000,8,id_02,0,normal
D:\pump\id_02\normal\00000873.wav,10.0,16000,160000,8,id_02,0,normal
D:\pump\id_02\normal\00000874.wav,10.0,16000,160000,8,id_02,0,normal
D:\pump\id_02\normal\00000875.wav,10.0,16000,160000,8,id_02,0,normal
D:\pump\id_02\normal\00000876.wav,10.0,16000,160000,8,id_02,0,normal
D:\pump\id_02\normal\00000877.wav,10.0,16000,160000,8,id_02,0,normal
D:\pump\id_02\normal\00000878.wav,10.0,16000,160000,8,id_02,0,normal
D:\pump\id_02\normal\00000879.wav,10.0,16000,160000,8,id_02,0,normal
D:\pump\id_02\normal\00000880.wav,10.0,16000,160000,8,id_02,0,normal
D:\pump\id_02\normal\00000881.wav,10.0,16000,160000,8,id_02,0,normal
D:\pump\id_02\normal\00000882.wav,10.0,16000,160000,8,id_02,0,normal
D:\pump\id_02\normal\00000883.wav,10.0,16000,160000,8,id_02,0,normal
D:\pump\id_02\normal\00000884.wav,10.0,16000,160000,8,id_02,0,normal
D:\pump\id_02\normal\00000885.wav,10.0,16000,160000,8,id_02,0,normal
D:\pump\id_02\normal\00000886.wav,10.0,16000,160000,8,id_02,0,normal
D:\pump\id_02\normal\00000887.wav,10.0,16000,160000,8,id_02,0,normal
D:\pump\id_02\normal\00000888.wav,10.0,16000,160000,8,id_02,0,normal
D:\pump\id_02\normal\00000889.wav,10.0,16000,160000,8,id_02,0,normal
D:\pump\id_02\normal\00000890.wav,10.0,16000,160000,8,id_02,0,normal
D:\pump\id_02\normal\00000891.wav,10.0,16000,160000,8,id_02,0,normal
D:\pump\id_02\normal\00000892.wav,10.0,16000,160000,8,id_02,0,normal
D:\pump\id_02\normal\00000893.wav,10.0,16000,160000,8,id_02,0,normal
D:\pump\id_02\normal\00000894.wav,10.0,16000,160000,8,id_02,0,normal
D:\pump\id_02\normal\00000895.wav,10.0,16000,160000,8,id_02,0,normal
D:\pump\id_02\normal\00000896.wav,10.0,16000,160000,8,id_02,0,normal
D:\pump\id_02\normal\00000897.wav,10.0,16000,160000,8,id_02,0,normal
D:\pump\id_02\normal\00000898.wav,10.0,16000,160000,8,id_02,0,normal
D:\pump\id_02\normal\00000899.wav,10.0,16000,160000,8,id_02,0,normal
D:\pump\id_02\normal\00000900.wav,10.0,16000,160000,8,id_02,0,normal
D:\pump\id_02\normal\00000901.wav,10.0,16000,160000,8,id_02,0,normal
D:\pump\id_02\normal\00000902.wav,10.0,16000,160000,8,id_02,0,normal
D:\pump\id_02\normal\00000903.wav,10.0,16000,160000,8,id_02,0,normal
D:\pump\id_02\normal\00000904.wav,10.0,16000,160000,8,id_02,0,normal
D:\pump\id_02\normal\00000905.wav,10.0,16000,160000,8,id_02,0,normal
D:\pump\id_02\normal\00000906.wav,10.0,16000,160000,8,id_02,0,normal
D:\pump\id_02\normal\00000907.wav,10.0,16000,160000,8,id_02,0,normal
D:\pump\id_02\normal\00000908.wav,10.0,16000,160000,8,id_02,0,normal
D:\pump\id_02\normal\00000909.wav,10.0,16000,160000,8,id_02,0,normal
D:\pump\id_02\normal\00000910.wav,10.0,16000,160000,8,id_02,0,normal
D:\pump\id_02\normal\00000911.wav,10.0,16000,160000,8,id_02,0,normal
D:\pump\id_02\normal\00000912.wav,10.0,16000,160000,8,id_02,0,normal
D:\pump\id_02\normal\00000913.wav,10.0,16000,160000,8,id_02,0,normal
D:\pump\id_02\normal\00000914.wav,10.0,16000,160000,8,id_02,0,normal
D:\pump\id_02\normal\00000915.wav,10.0,16000,160000,8,id_02,0,normal
D:\pump\id_02\normal\00000916.wav,10.0,16000,160000,8,id_02,0,normal
D:\pump\id_02\normal\00000917.wav,10.0,16000,160000,8,id_02,0,normal
D:\pump\id_02\normal\00000918.wav,10.0,16000,160000,8,id_02,0,normal
D:\pump\id_02\normal\00000919.wav,10.0,16000,160000,8,id_02,0,normal
D:\pump\id_02\normal\00000920.wav,10.0,16000,160000,8,id_02,0,normal
D:\pump\id_02\normal\00000921.wav,10.0,16000,160000,8,id_02,0,normal
D:\pump\id_02\normal\00000922.wav,10.0,16000,160000,8,id_02,0,normal
D:\pump\id_02\normal\00000923.wav,10.0,16000,160000,8,id_02,0,normal
D:\pump\id_02\normal\00000924.wav,10.0,16000,160000,8,id_02,0,normal
D:\pump\id_02\normal\00000925.wav,10.0,16000,160000,8,id_02,0,normal
D:\pump\id_02\normal\00000926.wav,10.0,16000,160000,8,id_02,0,normal
D:\pump\id_02\normal\00000927.wav,10.0,16000,160000,8,id_02,0,normal
D:\pump\id_02\normal\00000928.wav,10.0,16000,160000,8,id_02,0,normal
D:\pump\id_02\normal\00000929.wav,10.0,16000,160000,8,id_02,0,normal
D:\pump\id_02\normal\00000930.wav,10.0,16000,160000,8,id_02,0,normal
D:\pump\id_02\normal\00000931.wav,10.0,16000,160000,8,id_02,0,normal
D:\pump\id_02\normal\00000932.wav,10.0,16000,160000,8,id_02,0,normal
D:\pump\id_02\normal\00000933.wav,10.0,16000,160000,8,id_02,0,normal
D:\pump\id_02\normal\00000934.wav,10.0,16000,160000,8,id_02,0,normal
D:\pump\id_02\normal\00000935.wav,10.0,16000,160000,8,id_02,0,normal
D:\pump\id_02\normal\00000936.wav,10.0,16000,160000,8,id_02,0,normal
D:\pump\id_02\normal\00000937.wav,10.0,16000,160000,8,id_02,0,normal
D:\pump\id_02\normal\00000938.wav,10.0,16000,160000,8,id_02,0,normal
D:\pump\id_02\normal\00000939.wav,10.0,16000,160000,8,id_02,0,normal
D:\pump\id_02\normal\00000940.wav,10.0,16000,160000,8,id_02,0,normal
D:\pump\id_02\normal\00000941.wav,10.0,16000,160000,8,id_02,0,normal
D:\pump\id_02\normal\00000942.wav,10.0,16000,160000,8,id_02,0,normal
D:\pump\id_02\normal\00000943.wav,10.0,16000,160000,8,id_02,0,normal
D:\pump\id_02\normal\00000944.wav,10.0,16000,160000,8,id_02,0,normal
D:\pump\id_02\normal\00000945.wav,10.0,16000,160000,8,id_02,0,normal
D:\pump\id_02\normal\00000946.wav,10.0,16000,160000,8,id_02,0,normal
D:\pump\id_02\normal\00000947.wav,10.0,16000,160000,8,id_02,0,normal
D:\pump\id_02\normal\00000948.wav,10.0,16000,160000,8,id_02,0,normal
D:\pump\id_02\normal\00000949.wav,10.0,16000,160000,8,id_02,0,normal
D:\pump\id_02\normal\00000950.wav,10.0,16000,160000,8,id_02,0,normal
D:\pump\id_02\normal\00000951.wav,10.0,16000,160000,8,id_02,0,normal
D:\pump\id_02\normal\00000952.wav,10.0,16000,160000,8,id_02,0,normal
D:\pump\id_02\normal\00000953.wav,10.0,16000,160000,8,id_02,0,normal
D:\pump\id_02\normal\00000954.wav,10.0,16000,160000,8,id_02,0,normal
D:\pump\id_02\normal\00000955.wav,10.0,16000,160000,8,id_02,0,normal
D:\pump\id_02\normal\00000956.wav,10.0,16000,160000,8,id_02,0,normal
D:\pump\id_02\normal\00000957.wav,10.0,16000,160000,8,id_02,0,normal
D:\pump\id_02\normal\00000958.wav,10.0,16000,160000,8,id_02,0,normal
D:\pump\id_02\normal\00000959.wav,10.0,16000,160000,8,id_02,0,normal
D:\pump\id_02\normal\00000960.wav,10.0,16000,160000,8,id_02,0,normal
D:\pump\id_02\normal\00000961.wav,10.0,16000,160000,8,id_02,0,normal
D:\pump\id_02\normal\00000962.wav,10.0,16000,160000,8,id_02,0,normal
D:\pump\id_02\normal\00000963.wav,10.0,16000,160000,8,id_02,0,normal
D:\pump\id_02\normal\00000964.wav,10.0,16000,160000,8,id_02,0,normal
D:\pump\id_02\normal\00000965.wav,10.0,16000,160000,8,id_02,0,normal
D:\pump\id_02\normal\00000966.wav,10.0,16000,160000,8,id_02,0,normal
D:\pump\id_02\normal\00000967.wav,10.0,16000,160000,8,id_02,0,normal
D:\pump\id_02\normal\00000968.wav,10.0,16000,160000,8,id_02,0,normal
D:\pump\id_02\normal\00000969.wav,10.0,16000,160000,8,id_02,0,normal
D:\pump\id_02\normal\00000970.wav,10.0,16000,160000,8,id_02,0,normal
D:\pump\id_02\normal\00000971.wav,10.0,16000,160000,8,id_02,0,normal
D:\pump\id_02\normal\00000972.wav,10.0,16000,160000,8,id_02,0,normal
D:\pump\id_02\normal\00000973.wav,10.0,16000,160000,8,id_02,0,normal
D:\pump\id_02\normal\00000974.wav,10.0,16000,160000,8,id_02,0,normal
D:\pump\id_02\normal\00000975.wav,10.0,16000,160000,8,id_02,0,normal
D:\pump\id_02\normal\00000976.wav,10.0,16000,160000,8,id_02,0,normal
D:\pump\id_02\normal\00000977.wav,10.0,16000,160000,8,id_02,0,normal
D:\pump\id_02\normal\00000978.wav,10.0,16000,160000,8,id_02,0,normal
D:\pump\id_02\normal\00000979.wav,10.0,16000,160000,8,id_02,0,normal
D:\pump\id_02\normal\00000980.wav,10.0,16000,160000,8,id_02,0,normal
D:\pump\id_02\normal\00000981.wav,10.0,16000,160000,8,id_02,0,normal
D:\pump\id_02\normal\00000982.wav,10.0,16000,160000,8,id_02,0,normal
D:\pump\id_02\normal\00000983.wav,10.0,16000,160000,8,id_02,0,normal
D:\pump\id_02\normal\00000984.wav,10.0,16000,160000,8,id_02,0,normal
D:\pump\id_02\normal\00000985.wav,10.0,16000,160000,8,id_02,0,normal
D:\pump\id_02\normal\00000986.wav,10.0,16000,160000,8,id_02,0,normal
D:\pump\id_02\normal\00000987.wav,10.0,16000,160000,8,id_02,0,normal
D:\pump\id_02\normal\00000988.wav,10.0,16000,160000,8,id_02,0,normal
D:\pump\id_02\normal\00000989.wav,10.0,16000,160000,8,id_02,0,normal
D:\pump\id_02\normal\00000990.wav,10.0,16000,160000,8,id_02,0,normal
D:\pump\id_02\normal\00000991.wav,10.0,16000,160000,8,id_02,0,normal
D:\pump\id_02\normal\00000992.wav,10.0,16000,160000,8,id_02,0,normal
D:\pump\id_02\normal\00000993.wav,10.0,16000,160000,8,id_02,0,normal
D:\pump\id_02\normal\00000994.wav,10.0,16000,160000,8,id_02,0,normal
D:\pump\id_02\normal\00000995.wav,10.0,16000,160000,8,id_02,0,normal
D:\pump\id_02\normal\00000996.wav,10.0,16000,160000,8,id_02,0,normal
D:\pump\id_02\normal\00000997.wav,10.0,16000,160000,8,id_02,0,normal
D:\pump\id_02\normal\00000998.wav,10.0,16000,160000,8,id_02,0,normal
D:\pump\id_02\normal\00000999.wav,10.0,16000,160000,8,id_02,0,normal
D:\pump\id_02\normal\00001000.wav,10.0,16000,160000,8,id_02,0,normal
D:\pump\id_02\normal\00001001.wav,10.0,16000,160000,8,id_02,0,normal
D:\pump\id_02\normal\00001002.wav,10.0,16000,160000,8,id_02,0,normal
D:\pump\id_02\normal\00001003.wav,10.0,16000,160000,8,id_02,0,normal
D:\pump\id_02\normal\00001004.wav,10.0,16000,160000,8,id_02,0,normal
D:\pump\id_02\abnormal\00000000.wav,10.0,16000,160000,8,id_02,1,abnormal
D:\pump\id_02\abnormal\00000001.wav,10.0,16000,160000,8,id_02,1,abnormal
D:\pump\id_02\abnormal\00000002.wav,10.0,16000,160000,8,id_02,1,abnormal
D:\pump\id_02\abnormal\00000003.wav,10.0,16000,160000,8,id_02,1,abnormal
D:\pump\id_02\abnormal\00000004.wav,10.0,16000,160000,8,id_02,1,abnormal
D:\pump\id_02\abnormal\00000005.wav,10.0,16000,160000,8,id_02,1,abnormal
D:\pump\id_02\abnormal\00000006.wav,10.0,16000,160000,8,id_02,1,abnormal
D:\pump\id_02\abnormal\00000007.wav,10.0,16000,160000,8,id_02,1,abnormal
D:\pump\id_02\abnormal\00000008.wav,10.0,16000,160000,8,id_02,1,abnormal
D:\pump\id_02\abnormal\00000009.wav,10.0,16000,160000,8,id_02,1,abnormal
D:\pump\id_02\abnormal\00000010.wav,10.0,16000,160000,8,id_02,1,abnormal
D:\pump\id_02\abnormal\00000011.wav,10.0,16000,160000,8,id_02,1,abnormal
D:\pump\id_02\abnormal\00000012.wav,10.0,16000,160000,8,id_02,1,abnormal
D:\pump\id_02\abnormal\00000013.wav,10.0,16000,160000,8,id_02,1,abnormal
D:\pump\id_02\abnormal\00000014.wav,10.0,16000,160000,8,id_02,1,abnormal
D:\pump\id_02\abnormal\00000015.wav,10.0,16000,160000,8,id_02,1,abnormal
D:\pump\id_02\abnormal\00000016.wav,10.0,16000,160000,8,id_02,1,abnormal
D:\pump\id_02\abnormal\00000017.wav,10.0,16000,160000,8,id_02,1,abnormal
D:\pump\id_02\abnormal\00000018.wav,10.0,16000,160000,8,id_02,1,abnormal
D:\pump\id_02\abnormal\00000019.wav,10.0,16000,160000,8,id_02,1,abnormal
D:\pump\id_02\abnormal\00000020.wav,10.0,16000,160000,8,id_02,1,abnormal
D:\pump\id_02\abnormal\00000021.wav,10.0,16000,160000,8,id_02,1,abnormal
D:\pump\id_02\abnormal\00000022.wav,10.0,16000,160000,8,id_02,1,abnormal
D:\pump\id_02\abnormal\00000023.wav,10.0,16000,160000,8,id_02,1,abnormal
D:\pump\id_02\abnormal\00000024.wav,10.0,16000,160000,8,id_02,1,abnormal
D:\pump\id_02\abnormal\00000025.wav,10.0,16000,160000,8,id_02,1,abnormal
D:\pump\id_02\abnormal\00000026.wav,10.0,16000,160000,8,id_02,1,abnormal
D:\pump\id_02\abnormal\00000027.wav,10.0,16000,160000,8,id_02,1,abnormal
D:\pump\id_02\abnormal\00000028.wav,10.0,16000,160000,8,id_02,1,abnormal
D:\pump\id_02\abnormal\00000029.wav,10.0,16000,160000,8,id_02,1,abnormal
D:\pump\id_02\abnormal\00000030.wav,10.0,16000,160000,8,id_02,1,abnormal
D:\pump\id_02\abnormal\00000031.wav,10.0,16000,160000,8,id_02,1,abnormal
D:\pump\id_02\abnormal\00000032.wav,10.0,16000,160000,8,id_02,1,abnormal
D:\pump\id_02\abnormal\00000033.wav,10.0,16000,160000,8,id_02,1,abnormal
D:\pump\id_02\abnormal\00000034.wav,10.0,16000,160000,8,id_02,1,abnormal
D:\pump\id_02\abnormal\00000035.wav,10.0,16000,160000,8,id_02,1,abnormal
D:\pump\id_02\abnormal\00000036.wav,10.0,16000,160000,8,id_02,1,abnormal
D:\pump\id_02\abnormal\00000037.wav,10.0,16000,160000,8,id_02,1,abnormal
D:\pump\id_02\abnormal\00000038.wav,10.0,16000,160000,8,id_02,1,abnormal
D:\pump\id_02\abnormal\00000039.wav,10.0,16000,160000,8,id_02,1,abnormal
D:\pump\id_02\abnormal\00000040.wav,10.0,16000,160000,8,id_02,1,abnormal
D:\pump\id_02\abnormal\00000041.wav,10.0,16000,160000,8,id_02,1,abnormal
D:\pump\id_02\abnormal\00000042.wav,10.0,16000,160000,8,id_02,1,abnormal
D:\pump\id_02\abnormal\00000043.wav,10.0,16000,160000,8,id_02,1,abnormal
D:\pump\id_02\abnormal\00000044.wav,10.0,16000,160000,8,id_02,1,abnormal
D:\pump\id_02\abnormal\00000045.wav,10.0,16000,160000,8,id_02,1,abnormal
D:\pump\id_02\abnormal\00000046.wav,10.0,16000,160000,8,id_02,1,abnormal
D:\pump\id_02\abnormal\00000047.wav,10.0,16000,160000,8,id_02,1,abnormal
D:\pump\id_02\abnormal\00000048.wav,10.0,16000,160000,8,id_02,1,abnormal
D:\pump\id_02\abnormal\00000049.wav,10.0,16000,160000,8,id_02,1,abnormal
D:\pump\id_02\abnormal\00000050.wav,10.0,16000,160000,8,id_02,1,abnormal
D:\pump\id_02\abnormal\00000051.wav,10.0,16000,160000,8,id_02,1,abnormal
D:\pump\id_02\abnormal\00000052.wav,10.0,16000,160000,8,id_02,1,abnormal
D:\pump\id_02\abnormal\00000053.wav,10.0,16000,160000,8,id_02,1,abnormal
D:\pump\id_02\abnormal\00000054.wav,10.0,16000,160000,8,id_02,1,abnormal
D:\pump\id_02\abnormal\00000055.wav,10.0,16000,160000,8,id_02,1,abnormal
D:\pump\id_02\abnormal\00000056.wav,10.0,16000,160000,8,id_02,1,abnormal
D:\pump\id_02\abnormal\00000057.wav,10.0,16000,160000,8,id_02,1,abnormal
D:\pump\id_02\abnormal\00000058.wav,10.0,16000,160000,8,id_02,1,abnormal
D:\pump\id_02\abnormal\00000059.wav,10.0,16000,160000,8,id_02,1,abnormal
D:\pump\id_02\abnormal\00000060.wav,10.0,16000,160000,8,id_02,1,abnormal
D:\pump\id_02\abnormal\00000061.wav,10.0,16000,160000,8,id_02,1,abnormal
D:\pump\id_02\abnormal\00000062.wav,10.0,16000,160000,8,id_02,1,abnormal
D:\pump\id_02\abnormal\00000063.wav,10.0,16000,160000,8,id_02,1,abnormal
D:\pump\id_02\abnormal\00000064.wav,10.0,16000,160000,8,id_02,1,abnormal
D:\pump\id_02\abnormal\00000065.wav,10.0,16000,160000,8,id_02,1,abnormal
D:\pump\id_02\abnormal\00000066.wav,10.0,16000,160000,8,id_02,1,abnormal
D:\pump\id_02\abnormal\00000067.wav,10.0,16000,160000,8,id_02,1,abnormal
D:\pump\id_02\abnormal\00000068.wav,10.0,16000,160000,8,id_02,1,abnormal
D:\pump\id_02\abnormal\00000069.wav,10.0,16000,160000,8,id_02,1,abnormal
D:\pump\id_02\abnormal\00000070.wav,10.0,16000,160000,8,id_02,1,abnormal
D:\pump\id_02\abnormal\00000071.wav,10.0,16000,160000,8,id_02,1,abnormal
D:\pump\id_02\abnormal\00000072.wav,10.0,16000,160000,8,id_02,1,abnormal
D:\pump\id_02\abnormal\00000073.wav,10.0,16000,160000,8,id_02,1,abnormal
D:\pump\id_02\abnormal\00000074.wav,10.0,16000,160000,8,id_02,1,abnormal
D:\pump\id_02\abnormal\00000075.wav,10.0,16000,160000,8,id_02,1,abnormal
D:\pump\id_02\abnormal\00000076.wav,10.0,16000,160000,8,id_02,1,abnormal
D:\pump\id_02\abnormal\00000077.wav,10.0,16000,160000,8,id_02,1,abnormal
D:\pump\id_02\abnormal\00000078.wav,10.0,16000,160000,8,id_02,1,abnormal
D:\pump\id_02\abnormal\00000079.wav,10.0,16000,160000,8,id_02,1,abnormal
D:\pump\id_02\abnormal\00000080.wav,10.0,16000,160000,8,id_02,1,abnormal
D:\pump\id_02\abnormal\00000081.wav,10.0,16000,160000,8,id_02,1,abnormal
D:\pump\id_02\abnormal\00000082.wav,10.0,16000,160000,8,id_02,1,abnormal
D:\pump\id_02\abnormal\00000083.wav,10.0,16000,160000,8,id_02,1,abnormal
D:\pump\id_02\abnormal\00000084.wav,10.0,16000,160000,8,id_02,1,abnormal
D:\pump\id_02\abnormal\00000085.wav,10.0,16000,160000,8,id_02,1,abnormal
D:\pump\id_02\abnormal\00000086.wav,10.0,16000,160000,8,id_02,1,abnormal
D:\pump\id_02\abnormal\00000087.wav,10.0,16000,160000,8,id_02,1,abnormal
D:\pump\id_02\abnormal\00000088.wav,10.0,16000,160000,8,id_02,1,abnormal
D:\pump\id_02\abnormal\00000089.wav,10.0,16000,160000,8,id_02,1,abnormal
D:\pump\id_02\abnormal\00000090.wav,10.0,16000,160000,8,id_02,1,abnormal
D:\pump\id_02\abnormal\00000091.wav,10.0,16000,160000,8,id_02,1,abnormal
D:\pump\id_02\abnormal\00000092.wav,10.0,16000,160000,8,id_02,1,abnormal
D:\pump\id_02\abnormal\00000093.wav,10.0,16000,160000,8,id_02,1,abnormal
D:\pump\id_02\abnormal\00000094.wav,10.0,16000,160000,8,id_02,1,abnormal
D:\pump\id_02\abnormal\00000095.wav,10.0,16000,160000,8,id_02,1,abnormal
D:\pump\id_02\abnormal\00000096.wav,10.0,16000,160000,8,id_02,1,abnormal
D:\pump\id_02\abnormal\00000097.wav,10.0,16000,160000,8,id_02,1,abnormal
D:\pump\id_02\abnormal\00000098.wav,10.0,16000,160000,8,id_02,1,abnormal
D:\pump\id_02\abnormal\00000099.wav,10.0,16000,160000,8,id_02,1,abnormal
D:\pump\id_02\abnormal\00000100.wav,10.0,16000,160000,8,id_02,1,abnormal
D:\pump\id_02\abnormal\00000101.wav,10.0,16000,160000,8,id_02,1,abnormal
D:\pump\id_02\abnormal\00000102.wav,10.0,16000,160000,8,id_02,1,abnormal
D:\pump\id_02\abnormal\00000103.wav,10.0,16000,160000,8,id_02,1,abnormal
D:\pump\id_02\abnormal\00000104.wav,10.0,16000,160000,8,id_02,1,abnormal
D:\pump\id_02\abnormal\00000105.wav,10.0,16000,160000,8,id_02,1,abnormal
D:\pump\id_02\abnormal\00000106.wav,10.0,16000,160000,8,id_02,1,abnormal
D:\pump\id_02\abnormal\00000107.wav,10.0,16000,160000,8,id_02,1,abnormal
D:\pump\id_02\abnormal\00000108.wav,10.0,16000,160000,8,id_02,1,abnormal
D:\pump\id_02\abnormal\00000109.wav,10.0,16000,160000,8,id_02,1,abnormal
D:\pump\id_02\abnormal\00000110.wav,10.0,16000,160000,8,id_02,1,abnormal
D:\pump\id_04\normal\00000000.wav,10.0,16000,160000,8,id_04,0,normal
D:\pump\id_04\normal\00000001.wav,10.0,16000,160000,8,id_04,0,normal
D:\pump\id_04\normal\00000002.wav,10.0,16000,160000,8,id_04,0,normal
D:\pump\id_04\normal\00000003.wav,10.0,16000,160000,8,id_04,0,normal
D:\pump\id_04\normal\00000004.wav,10.0,16000,160000,8,id_04,0,normal
D:\pump\id_04\normal\00000005.wav,10.0,16000,160000,8,id_04,0,normal
D:\pump\id_04\normal\00000006.wav,10.0,16000,160000,8,id_04,0,normal
D:\pump\id_04\normal\00000007.wav,10.0,16000,160000,8,id_04,0,normal
D:\pump\id_04\normal\00000008.wav,10.0,16000,160000,8,id_04,0,normal
D:\pump\id_04\normal\00000009.wav,10.0,16000,160000,8,id_04,0,normal
D:\pump\id_04\normal\00000010.wav,10.0,16000,160000,8,id_04,0,normal
D:\pump\id_04\normal\00000011.wav,10.0,16000,160000,8,id_04,0,normal
D:\pump\id_04\normal\00000012.wav,10.0,16000,160000,8,id_04,0,normal
D:\pump\id_04\normal\00000013.wav,10.0,16000,160000,8,id_04,0,normal
D:\pump\id_04\normal\00000014.wav,10.0,16000,160000,8,id_04,0,normal
D:\pump\id_04\normal\00000015.wav,10.0,16000,160000,8,id_04,0,normal
D:\pump\id_04\normal\00000016.wav,10.0,16000,160000,8,id_04,0,normal
D:\pump\id_04\normal\00000017.wav,10.0,16000,160000,8,id_04,0,normal
D:\pump\id_04\normal\00000018.wav,10.0,16000,160000,8,id_04,0,normal
D:\pump\id_04\normal\00000019.wav,10.0,16000,160000,8,id_04,0,normal
D:\pump\id_04\normal\00000020.wav,10.0,16000,160000,8,id_04,0,normal
D:\pump\id_04\normal\00000021.wav,10.0,16000,160000,8,id_04,0,normal
D:\pump\id_04\normal\00000022.wav,10.0,16000,160000,8,id_04,0,normal
D:\pump\id_04\normal\00000023.wav,10.0,16000,160000,8,id_04,0,normal
D:\pump\id_04\normal\00000024.wav,10.0,16000,160000,8,id_04,0,normal
D:\pump\id_04\normal\00000025.wav,10.0,16000,160000,8,id_04,0,normal
D:\pump\id_04\normal\00000026.wav,10.0,16000,160000,8,id_04,0,normal
D:\pump\id_04\normal\00000027.wav,10.0,16000,160000,8,id_04,0,normal
D:\pump\id_04\normal\00000028.wav,10.0,16000,160000,8,id_04,0,normal
D:\pump\id_04\normal\00000029.wav,10.0,16000,160000,8,id_04,0,normal
D:\pump\id_04\normal\00000030.wav,10.0,16000,160000,8,id_04,0,normal
D:\pump\id_04\normal\00000031.wav,10.0,16000,160000,8,id_04,0,normal
D:\pump\id_04\normal\00000032.wav,10.0,16000,160000,8,id_04,0,normal
D:\pump\id_04\normal\00000033.wav,10.0,16000,160000,8,id_04,0,normal
D:\pump\id_04\normal\00000034.wav,10.0,16000,160000,8,id_04,0,normal
D:\pump\id_04\normal\00000035.wav,10.0,16000,160000,8,id_04,0,normal
D:\pump\id_04\normal\00000036.wav,10.0,16000,160000,8,id_04,0,normal
D:\pump\id_04\normal\00000037.wav,10.0,16000,160000,8,id_04,0,normal
D:\pump\id_04\normal\00000038.wav,10.0,16000,160000,8,id_04,0,normal
D:\pump\id_04\normal\00000039.wav,10.0,16000,160000,8,id_04,0,normal
D:\pump\id_04\normal\00000040.wav,10.0,16000,160000,8,id_04,0,normal
D:\pump\id_04\normal\00000041.wav,10.0,16000,160000,8,id_04,0,normal
D:\pump\id_04\normal\00000042.wav,10.0,16000,160000,8,id_04,0,normal
D:\pump\id_04\normal\00000043.wav,10.0,16000,160000,8,id_04,0,normal
D:\pump\id_04\normal\00000044.wav,10.0,16000,160000,8,id_04,0,normal
D:\pump\id_04\normal\00000045.wav,10.0,16000,160000,8,id_04,0,normal
D:\pump\id_04\normal\00000046.wav,10.0,16000,160000,8,id_04,0,normal
D:\pump\id_04\normal\00000047.wav,10.0,16000,160000,8,id_04,0,normal
D:\pump\id_04\normal\00000048.wav,10.0,16000,160000,8,id_04,0,normal
D:\pump\id_04\normal\00000049.wav,10.0,16000,160000,8,id_04,0,normal
D:\pump\id_04\normal\00000050.wav,10.0,16000,160000,8,id_04,0,normal
D:\pump\id_04\normal\00000051.wav,10.0,16000,160000,8,id_04,0,normal
D:\pump\id_04\normal\00000052.wav,10.0,16000,160000,8,id_04,0,normal
D:\pump\id_04\normal\00000053.wav,10.0,16000,160000,8,id_04,0,normal
D:\pump\id_04\normal\00000054.wav,10.0,16000,160000,8,id_04,0,normal
D:\pump\id_04\normal\00000055.wav,10.0,16000,160000,8,id_04,0,normal
D:\pump\id_04\normal\00000056.wav,10.0,16000,160000,8,id_04,0,normal
D:\pump\id_04\normal\00000057.wav,10.0,16000,160000,8,id_04,0,normal
D:\pump\id_04\normal\00000058.wav,10.0,16000,160000,8,id_04,0,normal
D:\pump\id_04\normal\00000059.wav,10.0,16000,160000,8,id_04,0,normal
D:\pump\id_04\normal\00000060.wav,10.0,16000,160000,8,id_04,0,normal
D:\pump\id_04\normal\00000061.wav,10.0,16000,160000,8,id_04,0,normal
D:\pump\id_04\normal\00000062.wav,10.0,16000,160000,8,id_04,0,normal
D:\pump\id_04\normal\00000063.wav,10.0,16000,160000,8,id_04,0,normal
D:\pump\id_04\normal\00000064.wav,10.0,16000,160000,8,id_04,0,normal
D:\pump\id_04\normal\00000065.wav,10.0,16000,160000,8,id_04,0,normal
D:\pump\id_04\normal\00000066.wav,10.0,16000,160000,8,id_04,0,normal
D:\pump\id_04\normal\00000067.wav,10.0,16000,160000,8,id_04,0,normal
D:\pump\id_04\normal\00000068.wav,10.0,16000,160000,8,id_04,0,normal
D:\pump\id_04\normal\00000069.wav,10.0,16000,160000,8,id_04,0,normal
D:\pump\id_04\normal\00000070.wav,10.0,16000,160000,8,id_04,0,normal
D:\pump\id_04\normal\00000071.wav,10.0,16000,160000,8,id_04,0,normal
D:\pump\id_04\normal\00000072.wav,10.0,16000,160000,8,id_04,0,normal
D:\pump\id_04\normal\00000073.wav,10.0,16000,160000,8,id_04,0,normal
D:\pump\id_04\normal\00000074.wav,10.0,16000,160000,8,id_04,0,normal
D:\pump\id_04\normal\00000075.wav,10.0,16000,160000,8,id_04,0,normal
D:\pump\id_04\normal\00000076.wav,10.0,16000,160000,8,id_04,0,normal
D:\pump\id_04\normal\00000077.wav,10.0,16000,160000,8,id_04,0,normal
D:\pump\id_04\normal\00000078.wav,10.0,16000,160000,8,id_04,0,normal
D:\pump\id_04\normal\00000079.wav,10.0,16000,160000,8,id_04,0,normal
D:\pump\id_04\normal\00000080.wav,10.0,16000,160000,8,id_04,0,normal
D:\pump\id_04\normal\00000081.wav,10.0,16000,160000,8,id_04,0,normal
D:\pump\id_04\normal\00000082.wav,10.0,16000,160000,8,id_04,0,normal
D:\pump\id_04\normal\00000083.wav,10.0,16000,160000,8,id_04,0,normal
D:\pump\id_04\normal\00000084.wav,10.0,16000,160000,8,id_04,0,normal
D:\pump\id_04\normal\00000085.wav,10.0,16000,160000,8,id_04,0,normal
D:\pump\id_04\normal\00000086.wav,10.0,16000,160000,8,id_04,0,normal
D:\pump\id_04\normal\00000087.wav,10.0,16000,160000,8,id_04,0,normal
D:\pump\id_04\normal\00000088.wav,10.0,16000,160000,8,id_04,0,normal
D:\pump\id_04\normal\00000089.wav,10.0,16000,160000,8,id_04,0,normal
D:\pump\id_04\normal\00000090.wav,10.0,16000,160000,8,id_04,0,normal
D:\pump\id_04\normal\00000091.wav,10.0,16000,160000,8,id_04,0,normal
D:\pump\id_04\normal\00000092.wav,10.0,16000,160000,8,id_04,0,normal
D:\pump\id_04\normal\00000093.wav,10.0,16000,160000,8,id_04,0,normal
D:\pump\id_04\normal\00000094.wav,10.0,16000,160000,8,id_04,0,normal
D:\pump\id_04\normal\00000095.wav,10.0,16000,160000,8,id_04,0,normal
D:\pump\id_04\normal\00000096.wav,10.0,16000,160000,8,id_04,0,normal
D:\pump\id_04\normal\00000097.wav,10.0,16000,160000,8,id_04,0,normal
D:\pump\id_04\normal\00000098.wav,10.0,16000,160000,8,id_04,0,normal
D:\pump\id_04\normal\00000099.wav,10.0,16000,160000,8,id_04,0,normal
D:\pump\id_04\normal\00000100.wav,10.0,16000,160000,8,id_04,0,normal
D:\pump\id_04\normal\00000101.wav,10.0,16000,160000,8,id_04,0,normal
D:\pump\id_04\normal\00000102.wav,10.0,16000,160000,8,id_04,0,normal
D:\pump\id_04\normal\00000103.wav,10.0,16000,160000,8,id_04,0,normal
D:\pump\id_04\normal\00000104.wav,10.0,16000,160000,8,id_04,0,normal
D:\pump\id_04\normal\00000105.wav,10.0,16000,160000,8,id_04,0,normal
D:\pump\id_04\normal\00000106.wav,10.0,16000,160000,8,id_04,0,normal
D:\pump\id_04\normal\00000107.wav,10.0,16000,160000,8,id_04,0,normal
D:\pump\id_04\normal\00000108.wav,10.0,16000,160000,8,id_04,0,normal
D:\pump\id_04\normal\00000109.wav,10.0,16000,160000,8,id_04,0,normal
D:\pump\id_04\normal\00000110.wav,10.0,16000,160000,8,id_04,0,normal
D:\pump\id_04\normal\00000111.wav,10.0,16000,160000,8,id_04,0,normal
D:\pump\id_04\normal\00000112.wav,10.0,16000,160000,8,id_04,0,normal
D:\pump\id_04\normal\00000113.wav,10.0,16000,160000,8,id_04,0,normal
D:\pump\id_04\normal\00000114.wav,10.0,16000,160000,8,id_04,0,normal
D:\pump\id_04\normal\00000115.wav,10.0,16000,160000,8,id_04,0,normal
D:\pump\id_04\normal\00000116.wav,10.0,16000,160000,8,id_04,0,normal
D:\pump\id_04\normal\00000117.wav,10.0,16000,160000,8,id_04,0,normal
D:\pump\id_04\normal\00000118.wav,10.0,16000,160000,8,id_04,0,normal
D:\pump\id_04\normal\00000119.wav,10.0,16000,160000,8,id_04,0,normal
D:\pump\id_04\normal\00000120.wav,10.0,16000,160000,8,id_04,0,normal
D:\pump\id_04\normal\00000121.wav,10.0,16000,160000,8,id_04,0,normal
D:\pump\id_04\normal\00000122.wav,10.0,16000,160000,8,id_04,0,normal
D:\pump\id_04\normal\00000123.wav,10.0,16000,160000,8,id_04,0,normal
D:\pump\id_04\normal\00000124.wav,10.0,16000,160000,8,id_04,0,normal
D:\pump\id_04\normal\00000125.wav,10.0,16000,160000,8,id_04,0,normal
D:\pump\id_04\normal\00000126.wav,10.0,16000,160000,8,id_04,0,normal
D:\pump\id_04\normal\00000127.wav,10.0,16000,160000,8,id_04,0,normal
D:\pump\id_04\normal\00000128.wav,10.0,16000,160000,8,id_04,0,normal
D:\pump\id_04\normal\00000129.wav,10.0,16000,160000,8,id_04,0,normal
D:\pump\id_04\normal\00000130.wav,10.0,16000,160000,8,id_04,0,normal
D:\pump\id_04\normal\00000131.wav,10.0,16000,160000,8,id_04,0,normal
D:\pump\id_04\normal\00000132.wav,10.0,16000,160000,8,id_04,0,normal
D:\pump\id_04\normal\00000133.wav,10.0,16000,160000,8,id_04,0,normal
D:\pump\id_04\normal\00000134.wav,10.0,16000,160000,8,id_04,0,normal
D:\pump\id_04\normal\00000135.wav,10.0,16000,160000,8,id_04,0,normal
D:\pump\id_04\normal\00000136.wav,10.0,16000,160000,8,id_04,0,normal
D:\pump\id_04\normal\00000137.wav,10.0,16000,160000,8,id_04,0,normal
D:\pump\id_04\normal\00000138.wav,10.0,16000,160000,8,id_04,0,normal
D:\pump\id_04\normal\00000139.wav,10.0,16000,160000,8,id_04,0,normal
D:\pump\id_04\normal\00000140.wav,10.0,16000,160000,8,id_04,0,normal
D:\pump\id_04\normal\00000141.wav,10.0,16000,160000,8,id_04,0,normal
D:\pump\id_04\normal\00000142.wav,10.0,16000,160000,8,id_04,0,normal
D:\pump\id_04\normal\00000143.wav,10.0,16000,160000,8,id_04,0,normal
D:\pump\id_04\normal\00000144.wav,10.0,16000,160000,8,id_04,0,normal
D:\pump\id_04\normal\00000145.wav,10.0,16000,160000,8,id_04,0,normal
D:\pump\id_04\normal\00000146.wav,10.0,16000,160000,8,id_04,0,normal
D:\pump\id_04\normal\00000147.wav,10.0,16000,160000,8,id_04,0,normal
D:\pump\id_04\normal\00000148.wav,10.0,16000,160000,8,id_04,0,normal
D:\pump\id_04\normal\00000149.wav,10.0,16000,160000,8,id_04,0,normal
D:\pump\id_04\normal\00000150.wav,10.0,16000,160000,8,id_04,0,normal
D:\pump\id_04\normal\00000151.wav,10.0,16000,160000,8,id_04,0,normal
D:\pump\id_04\normal\00000152.wav,10.0,16000,160000,8,id_04,0,normal
D:\pump\id_04\normal\00000153.wav,10.0,16000,160000,8,id_04,0,normal
D:\pump\id_04\normal\00000154.wav,10.0,16000,160000,8,id_04,0,normal
D:\pump\id_04\normal\00000155.wav,10.0,16000,160000,8,id_04,0,normal
D:\pump\id_04\normal\00000156.wav,10.0,16000,160000,8,id_04,0,normal
D:\pump\id_04\normal\00000157.wav,10.0,16000,160000,8,id_04,0,normal
D:\pump\id_04\normal\00000158.wav,10.0,16000,160000,8,id_04,0,normal
D:\pump\id_04\normal\00000159.wav,10.0,16000,160000,8,id_04,0,normal
D:\pump\id_04\normal\00000160.wav,10.0,16000,160000,8,id_04,0,normal
D:\pump\id_04\normal\00000161.wav,10.0,16000,160000,8,id_04,0,normal
D:\pump\id_04\normal\00000162.wav,10.0,16000,160000,8,id_04,0,normal
D:\pump\id_04\normal\00000163.wav,10.0,16000,160000,8,id_04,0,normal
D:\pump\id_04\normal\00000164.wav,10.0,16000,160000,8,id_04,0,normal
D:\pump\id_04\normal\00000165.wav,10.0,16000,160000,8,id_04,0,normal
D:\pump\id_04\normal\00000166.wav,10.0,16000,160000,8,id_04,0,normal
D:\pump\id_04\normal\00000167.wav,10.0,16000,160000,8,id_04,0,normal
D:\pump\id_04\normal\00000168.wav,10.0,16000,160000,8,id_04,0,normal
D:\pump\id_04\normal\00000169.wav,10.0,16000,160000,8,id_04,0,normal
D:\pump\id_04\normal\00000170.wav,10.0,16000,160000,8,id_04,0,normal
D:\pump\id_04\normal\00000171.wav,10.0,16000,160000,8,id_04,0,normal
D:\pump\id_04\normal\00000172.wav,10.0,16000,160000,8,id_04,0,normal
D:\pump\id_04\normal\00000173.wav,10.0,16000,160000,8,id_04,0,normal
D:\pump\id_04\normal\00000174.wav,10.0,16000,160000,8,id_04,0,normal
D:\pump\id_04\normal\00000175.wav,10.0,16000,160000,8,id_04,0,normal
D:\pump\id_04\normal\00000176.wav,10.0,16000,160000,8,id_04,0,normal
D:\pump\id_04\normal\00000177.wav,10.0,16000,160000,8,id_04,0,normal
D:\pump\id_04\normal\00000178.wav,10.0,16000,160000,8,id_04,0,normal
D:\pump\id_04\normal\00000179.wav,10.0,16000,160000,8,id_04,0,normal
D:\pump\id_04\normal\00000180.wav,10.0,16000,160000,8,id_04,0,normal
D:\pump\id_04\normal\00000181.wav,10.0,16000,160000,8,id_04,0,normal
D:\pump\id_04\normal\00000182.wav,10.0,16000,160000,8,id_04,0,normal
D:\pump\id_04\normal\00000183.wav,10.0,16000,160000,8,id_04,0,normal
D:\pump\id_04\normal\00000184.wav,10.0,16000,160000,8,id_04,0,normal
D:\pump\id_04\normal\00000185.wav,10.0,16000,160000,8,id_04,0,normal
D:\pump\id_04\normal\00000186.wav,10.0,16000,160000,8,id_04,0,normal
D:\pump\id_04\normal\00000187.wav,10.0,16000,160000,8,id_04,0,normal
D:\pump\id_04\normal\00000188.wav,10.0,16000,160000,8,id_04,0,normal
D:\pump\id_04\normal\00000189.wav,10.0,16000,160000,8,id_04,0,normal
D:\pump\id_04\normal\00000190.wav,10.0,16000,160000,8,id_04,0,normal
D:\pump\id_04\normal\00000191.wav,10.0,16000,160000,8,id_04,0,normal
D:\pump\id_04\normal\00000192.wav,10.0,16000,160000,8,id_04,0,normal
D:\pump\id_04\normal\00000193.wav,10.0,16000,160000,8,id_04,0,normal
D:\pump\id_04\normal\00000194.wav,10.0,16000,160000,8,id_04,0,normal
D:\pump\id_04\normal\00000195.wav,10.0,16000,160000,8,id_04,0,normal
D:\pump\id_04\normal\00000196.wav,10.0,16000,160000,8,id_04,0,normal
D:\pump\id_04\normal\00000197.wav,10.0,16000,160000,8,id_04,0,normal
D:\pump\id_04\normal\00000198.wav,10.0,16000,160000,8,id_04,0,normal
D:\pump\id_04\normal\00000199.wav,10.0,16000,160000,8,id_04,0,normal
D:\pump\id_04\normal\00000200.wav,10.0,16000,160000,8,id_04,0,normal
D:\pump\id_04\normal\00000201.wav,10.0,16000,160000,8,id_04,0,normal
D:\pump\id_04\normal\00000202.wav,10.0,16000,160000,8,id_04,0,normal
D:\pump\id_04\normal\00000203.wav,10.0,16000,160000,8,id_04,0,normal
D:\pump\id_04\normal\00000204.wav,10.0,16000,160000,8,id_04,0,normal
D:\pump\id_04\normal\00000205.wav,10.0,16000,160000,8,id_04,0,normal
D:\pump\id_04\normal\00000206.wav,10.0,16000,160000,8,id_04,0,normal
D:\pump\id_04\normal\00000207.wav,10.0,16000,160000,8,id_04,0,normal
D:\pump\id_04\normal\00000208.wav,10.0,16000,160000,8,id_04,0,normal
D:\pump\id_04\normal\00000209.wav,10.0,16000,160000,8,id_04,0,normal
D:\pump\id_04\normal\00000210.wav,10.0,16000,160000,8,id_04,0,normal
D:\pump\id_04\normal\00000211.wav,10.0,16000,160000,8,id_04,0,normal
D:\pump\id_04\normal\00000212.wav,10.0,16000,160000,8,id_04,0,normal
D:\pump\id_04\normal\00000213.wav,10.0,16000,160000,8,id_04,0,normal
D:\pump\id_04\normal\00000214.wav,10.0,16000,160000,8,id_04,0,normal
D:\pump\id_04\normal\00000215.wav,10.0,16000,160000,8,id_04,0,normal
D:\pump\id_04\normal\00000216.wav,10.0,16000,160000,8,id_04,0,normal
D:\pump\id_04\normal\00000217.wav,10.0,16000,160000,8,id_04,0,normal
D:\pump\id_04\normal\00000218.wav,10.0,16000,160000,8,id_04,0,normal
D:\pump\id_04\normal\00000219.wav,10.0,16000,160000,8,id_04,0,normal
D:\pump\id_04\normal\00000220.wav,10.0,16000,160000,8,id_04,0,normal
D:\pump\id_04\normal\00000221.wav,10.0,16000,160000,8,id_04,0,normal
D:\pump\id_04\normal\00000222.wav,10.0,16000,160000,8,id_04,0,normal
D:\pump\id_04\normal\00000223.wav,10.0,16000,160000,8,id_04,0,normal
D:\pump\id_04\normal\00000224.wav,10.0,16000,160000,8,id_04,0,normal
D:\pump\id_04\normal\00000225.wav,10.0,16000,160000,8,id_04,0,normal
D:\pump\id_04\normal\00000226.wav,10.0,16000,160000,8,id_04,0,normal
D:\pump\id_04\normal\00000227.wav,10.0,16000,160000,8,id_04,0,normal
D:\pump\id_04\normal\00000228.wav,10.0,16000,160000,8,id_04,0,normal
D:\pump\id_04\normal\00000229.wav,10.0,16000,160000,8,id_04,0,normal
D:\pump\id_04\normal\00000230.wav,10.0,16000,160000,8,id_04,0,normal
D:\pump\id_04\normal\00000231.wav,10.0,16000,160000,8,id_04,0,normal
D:\pump\id_04\normal\00000232.wav,10.0,16000,160000,8,id_04,0,normal
D:\pump\id_04\normal\00000233.wav,10.0,16000,160000,8,id_04,0,normal
D:\pump\id_04\normal\00000234.wav,10.0,16000,160000,8,id_04,0,normal
D:\pump\id_04\normal\00000235.wav,10.0,16000,160000,8,id_04,0,normal
D:\pump\id_04\normal\00000236.wav,10.0,16000,160000,8,id_04,0,normal
D:\pump\id_04\normal\00000237.wav,10.0,16000,160000,8,id_04,0,normal
D:\pump\id_04\normal\00000238.wav,10.0,16000,160000,8,id_04,0,normal
D:\pump\id_04\normal\00000239.wav,10.0,16000,160000,8,id_04,0,normal
D:\pump\id_04\normal\00000240.wav,10.0,16000,160000,8,id_04,0,normal
D:\pump\id_04\normal\00000241.wav,10.0,16000,160000,8,id_04,0,normal
D:\pump\id_04\normal\00000242.wav,10.0,16000,160000,8,id_04,0,normal
D:\pump\id_04\normal\00000243.wav,10.0,16000,160000,8,id_04,0,normal
D:\pump\id_04\normal\00000244.wav,10.0,16000,160000,8,id_04,0,normal
D:\pump\id_04\normal\00000245.wav,10.0,16000,160000,8,id_04,0,normal
D:\pump\id_04\normal\00000246.wav,10.0,16000,160000,8,id_04,0,normal
D:\pump\id_04\normal\00000247.wav,10.0,16000,160000,8,id_04,0,normal
D:\pump\id_04\normal\00000248.wav,10.0,16000,160000,8,id_04,0,normal
D:\pump\id_04\normal\00000249.wav,10.0,16000,160000,8,id_04,0,normal
D:\pump\id_04\normal\00000250.wav,10.0,16000,160000,8,id_04,0,normal
D:\pump\id_04\normal\00000251.wav,10.0,16000,160000,8,id_04,0,normal
D:\pump\id_04\normal\00000252.wav,10.0,16000,160000,8,id_04,0,normal
D:\pump\id_04\normal\00000253.wav,10.0,16000,160000,8,id_04,0,normal
D:\pump\id_04\normal\00000254.wav,10.0,16000,160000,8,id_04,0,normal
D:\pump\id_04\normal\00000255.wav,10.0,16000,160000,8,id_04,0,normal
D:\pump\id_04\normal\00000256.wav,10.0,16000,160000,8,id_04,0,normal
D:\pump\id_04\normal\00000257.wav,10.0,16000,160000,8,id_04,0,normal
D:\pump\id_04\normal\00000258.wav,10.0,16000,160000,8,id_04,0,normal
D:\pump\id_04\normal\00000259.wav,10.0,16000,160000,8,id_04,0,normal
D:\pump\id_04\normal\00000260.wav,10.0,16000,160000,8,id_04,0,normal
D:\pump\id_04\normal\00000261.wav,10.0,16000,160000,8,id_04,0,normal
D:\pump\id_04\normal\00000262.wav,10.0,16000,160000,8,id_04,0,normal
D:\pump\id_04\normal\00000263.wav,10.0,16000,160000,8,id_04,0,normal
D:\pump\id_04\normal\00000264.wav,10.0,16000,160000,8,id_04,0,normal
D:\pump\id_04\normal\00000265.wav,10.0,16000,160000,8,id_04,0,normal
D:\pump\id_04\normal\00000266.wav,10.0,16000,160000,8,id_04,0,normal
D:\pump\id_04\normal\00000267.wav,10.0,16000,160000,8,id_04,0,normal
D:\pump\id_04\normal\00000268.wav,10.0,16000,160000,8,id_04,0,normal
D:\pump\id_04\normal\00000269.wav,10.0,16000,160000,8,id_04,0,normal
D:\pump\id_04\normal\00000270.wav,10.0,16000,160000,8,id_04,0,normal
D:\pump\id_04\normal\00000271.wav,10.0,16000,160000,8,id_04,0,normal
D:\pump\id_04\normal\00000272.wav,10.0,16000,160000,8,id_04,0,normal
D:\pump\id_04\normal\00000273.wav,10.0,16000,160000,8,id_04,0,normal
D:\pump\id_04\normal\00000274.wav,10.0,16000,160000,8,id_04,0,normal
D:\pump\id_04\normal\00000275.wav,10.0,16000,160000,8,id_04,0,normal
D:\pump\id_04\normal\00000276.wav,10.0,16000,160000,8,id_04,0,normal
D:\pump\id_04\normal\00000277.wav,10.0,16000,160000,8,id_04,0,normal
D:\pump\id_04\normal\00000278.wav,10.0,16000,160000,8,id_04,0,normal
D:\pump\id_04\normal\00000279.wav,10.0,16000,160000,8,id_04,0,normal
D:\pump\id_04\normal\00000280.wav,10.0,16000,160000,8,id_04,0,normal
D:\pump\id_04\normal\00000281.wav,10.0,16000,160000,8,id_04,0,normal
D:\pump\id_04\normal\00000282.wav,10.0,16000,160000,8,id_04,0,normal
D:\pump\id_04\normal\00000283.wav,10.0,16000,160000,8,id_04,0,normal
D:\pump\id_04\normal\00000284.wav,10.0,16000,160000,8,id_04,0,normal
D:\pump\id_04\normal\00000285.wav,10.0,16000,160000,8,id_04,0,normal
D:\pump\id_04\normal\00000286.wav,10.0,16000,160000,8,id_04,0,normal
D:\pump\id_04\normal\00000287.wav,10.0,16000,160000,8,id_04,0,normal
D:\pump\id_04\normal\00000288.wav,10.0,16000,160000,8,id_04,0,normal
D:\pump\id_04\normal\00000289.wav,10.0,16000,160000,8,id_04,0,normal
D:\pump\id_04\normal\00000290.wav,10.0,16000,160000,8,id_04,0,normal
D:\pump\id_04\normal\00000291.wav,10.0,16000,160000,8,id_04,0,normal
D:\pump\id_04\normal\00000292.wav,10.0,16000,160000,8,id_04,0,normal
D:\pump\id_04\normal\00000293.wav,10.0,16000,160000,8,id_04,0,normal
D:\pump\id_04\normal\00000294.wav,10.0,16000,160000,8,id_04,0,normal
D:\pump\id_04\normal\00000295.wav,10.0,16000,160000,8,id_04,0,normal
D:\pump\id_04\normal\00000296.wav,10.0,16000,160000,8,id_04,0,normal
D:\pump\id_04\normal\00000297.wav,10.0,16000,160000,8,id_04,0,normal
D:\pump\id_04\normal\00000298.wav,10.0,16000,160000,8,id_04,0,normal
D:\pump\id_04\normal\00000299.wav,10.0,16000,160000,8,id_04,0,normal
D:\pump\id_04\normal\00000300.wav,10.0,16000,160000,8,id_04,0,normal
D:\pump\id_04\normal\00000301.wav,10.0,16000,160000,8,id_04,0,normal
D:\pump\id_04\normal\00000302.wav,10.0,16000,160000,8,id_04,0,normal
D:\pump\id_04\normal\00000303.wav,10.0,16000,160000,8,id_04,0,normal
D:\pump\id_04\normal\00000304.wav,10.0,16000,160000,8,id_04,0,normal
D:\pump\id_04\normal\00000305.wav,10.0,16000,160000,8,id_04,0,normal
D:\pump\id_04\normal\00000306.wav,10.0,16000,160000,8,id_04,0,normal
D:\pump\id_04\normal\00000307.wav,10.0,16000,160000,8,id_04,0,normal
D:\pump\id_04\normal\00000308.wav,10.0,16000,160000,8,id_04,0,normal
D:\pump\id_04\normal\00000309.wav,10.0,16000,160000,8,id_04,0,normal
D:\pump\id_04\normal\00000310.wav,10.0,16000,160000,8,id_04,0,normal
D:\pump\id_04\normal\00000311.wav,10.0,16000,160000,8,id_04,0,normal
D:\pump\id_04\normal\00000312.wav,10.0,16000,160000,8,id_04,0,normal
D:\pump\id_04\normal\00000313.wav,10.0,16000,160000,8,id_04,0,normal
D:\pump\id_04\normal\00000314.wav,10.0,16000,160000,8,id_04,0,normal
D:\pump\id_04\normal\00000315.wav,10.0,16000,160000,8,id_04,0,normal
D:\pump\id_04\normal\00000316.wav,10.0,16000,160000,8,id_04,0,normal
D:\pump\id_04\normal\00000317.wav,10.0,16000,160000,8,id_04,0,normal
D:\pump\id_04\normal\00000318.wav,10.0,16000,160000,8,id_04,0,normal
D:\pump\id_04\normal\00000319.wav,10.0,16000,160000,8,id_04,0,normal
D:\pump\id_04\normal\00000320.wav,10.0,16000,160000,8,id_04,0,normal
D:\pump\id_04\normal\00000321.wav,10.0,16000,160000,8,id_04,0,normal
D:\pump\id_04\normal\00000322.wav,10.0,16000,160000,8,id_04,0,normal
D:\pump\id_04\normal\00000323.wav,10.0,16000,160000,8,id_04,0,normal
D:\pump\id_04\normal\00000324.wav,10.0,16000,160000,8,id_04,0,normal
D:\pump\id_04\normal\00000325.wav,10.0,16000,160000,8,id_04,0,normal
D:\pump\id_04\normal\00000326.wav,10.0,16000,160000,8,id_04,0,normal
D:\pump\id_04\normal\00000327.wav,10.0,16000,160000,8,id_04,0,normal
D:\pump\id_04\normal\00000328.wav,10.0,16000,160000,8,id_04,0,normal
D:\pump\id_04\normal\00000329.wav,10.0,16000,160000,8,id_04,0,normal
D:\pump\id_04\normal\00000330.wav,10.0,16000,160000,8,id_04,0,normal
D:\pump\id_04\normal\00000331.wav,10.0,16000,160000,8,id_04,0,normal
D:\pump\id_04\normal\00000332.wav,10.0,16000,160000,8,id_04,0,normal
D:\pump\id_04\normal\00000333.wav,10.0,16000,160000,8,id_04,0,normal
D:\pump\id_04\normal\00000334.wav,10.0,16000,160000,8,id_04,0,normal
D:\pump\id_04\normal\00000335.wav,10.0,16000,160000,8,id_04,0,normal
D:\pump\id_04\normal\00000336.wav,10.0,16000,160000,8,id_04,0,normal
D:\pump\id_04\normal\00000337.wav,10.0,16000,160000,8,id_04,0,normal
D:\pump\id_04\normal\00000338.wav,10.0,16000,160000,8,id_04,0,normal
D:\pump\id_04\normal\00000339.wav,10.0,16000,160000,8,id_04,0,normal
D:\pump\id_04\normal\00000340.wav,10.0,16000,160000,8,id_04,0,normal
D:\pump\id_04\normal\00000341.wav,10.0,16000,160000,8,id_04,0,normal
D:\pump\id_04\normal\00000342.wav,10.0,16000,160000,8,id_04,0,normal
D:\pump\id_04\normal\00000343.wav,10.0,16000,160000,8,id_04,0,normal
D:\pump\id_04\normal\00000344.wav,10.0,16000,160000,8,id_04,0,normal
D:\pump\id_04\normal\00000345.wav,10.0,16000,160000,8,id_04,0,normal
D:\pump\id_04\normal\00000346.wav,10.0,16000,160000,8,id_04,0,normal
D:\pump\id_04\normal\00000347.wav,10.0,16000,160000,8,id_04,0,normal
D:\pump\id_04\normal\00000348.wav,10.0,16000,160000,8,id_04,0,normal
D:\pump\id_04\normal\00000349.wav,10.0,16000,160000,8,id_04,0,normal
D:\pump\id_04\normal\00000350.wav,10.0,16000,160000,8,id_04,0,normal
D:\pump\id_04\normal\00000351.wav,10.0,16000,160000,8,id_04,0,normal
D:\pump\id_04\normal\00000352.wav,10.0,16000,160000,8,id_04,0,normal
D:\pump\id_04\normal\00000353.wav,10.0,16000,160000,8,id_04,0,normal
D:\pump\id_04\normal\00000354.wav,10.0,16000,160000,8,id_04,0,normal
D:\pump\id_04\normal\00000355.wav,10.0,16000,160000,8,id_04,0,normal
D:\pump\id_04\normal\00000356.wav,10.0,16000,160000,8,id_04,0,normal
D:\pump\id_04\normal\00000357.wav,10.0,16000,160000,8,id_04,0,normal
D:\pump\id_04\normal\00000358.wav,10.0,16000,160000,8,id_04,0,normal
D:\pump\id_04\normal\00000359.wav,10.0,16000,160000,8,id_04,0,normal
D:\pump\id_04\normal\00000360.wav,10.0,16000,160000,8,id_04,0,normal
D:\pump\id_04\normal\00000361.wav,10.0,16000,160000,8,id_04,0,normal
D:\pump\id_04\normal\00000362.wav,10.0,16000,160000,8,id_04,0,normal
D:\pump\id_04\normal\00000363.wav,10.0,16000,160000,8,id_04,0,normal
D:\pump\id_04\normal\00000364.wav,10.0,16000,160000,8,id_04,0,normal
D:\pump\id_04\normal\00000365.wav,10.0,16000,160000,8,id_04,0,normal
D:\pump\id_04\normal\00000366.wav,10.0,16000,160000,8,id_04,0,normal
D:\pump\id_04\normal\00000367.wav,10.0,16000,160000,8,id_04,0,normal
D:\pump\id_04\normal\00000368.wav,10.0,16000,160000,8,id_04,0,normal
D:\pump\id_04\normal\00000369.wav,10.0,16000,160000,8,id_04,0,normal
D:\pump\id_04\normal\00000370.wav,10.0,16000,160000,8,id_04,0,normal
D:\pump\id_04\normal\00000371.wav,10.0,16000,160000,8,id_04,0,normal
D:\pump\id_04\normal\00000372.wav,10.0,16000,160000,8,id_04,0,normal
D:\pump\id_04\normal\00000373.wav,10.0,16000,160000,8,id_04,0,normal
D:\pump\id_04\normal\00000374.wav,10.0,16000,160000,8,id_04,0,normal
D:\pump\id_04\normal\00000375.wav,10.0,16000,160000,8,id_04,0,normal
D:\pump\id_04\normal\00000376.wav,10.0,16000,160000,8,id_04,0,normal
D:\pump\id_04\normal\00000377.wav,10.0,16000,160000,8,id_04,0,normal
D:\pump\id_04\normal\00000378.wav,10.0,16000,160000,8,id_04,0,normal
D:\pump\id_04\normal\00000379.wav,10.0,16000,160000,8,id_04,0,normal
D:\pump\id_04\normal\00000380.wav,10.0,16000,160000,8,id_04,0,normal
D:\pump\id_04\normal\00000381.wav,10.0,16000,160000,8,id_04,0,normal
D:\pump\id_04\normal\00000382.wav,10.0,16000,160000,8,id_04,0,normal
D:\pump\id_04\normal\00000383.wav,10.0,16000,160000,8,id_04,0,normal
D:\pump\id_04\normal\00000384.wav,10.0,16000,160000,8,id_04,0,normal
D:\pump\id_04\normal\00000385.wav,10.0,16000,160000,8,id_04,0,normal
D:\pump\id_04\normal\00000386.wav,10.0,16000,160000,8,id_04,0,normal
D:\pump\id_04\normal\00000387.wav,10.0,16000,160000,8,id_04,0,normal
D:\pump\id_04\normal\00000388.wav,10.0,16000,160000,8,id_04,0,normal
D:\pump\id_04\normal\00000389.wav,10.0,16000,160000,8,id_04,0,normal
D:\pump\id_04\normal\00000390.wav,10.0,16000,160000,8,id_04,0,normal
D:\pump\id_04\normal\00000391.wav,10.0,16000,160000,8,id_04,0,normal
D:\pump\id_04\normal\00000392.wav,10.0,16000,160000,8,id_04,0,normal
D:\pump\id_04\normal\00000393.wav,10.0,16000,160000,8,id_04,0,normal
D:\pump\id_04\normal\00000394.wav,10.0,16000,160000,8,id_04,0,normal
D:\pump\id_04\normal\00000395.wav,10.0,16000,160000,8,id_04,0,normal
D:\pump\id_04\normal\00000396.wav,10.0,16000,160000,8,id_04,0,normal
D:\pump\id_04\normal\00000397.wav,10.0,16000,160000,8,id_04,0,normal
D:\pump\id_04\normal\00000398.wav,10.0,16000,160000,8,id_04,0,normal
D:\pump\id_04\normal\00000399.wav,10.0,16000,160000,8,id_04,0,normal
D:\pump\id_04\normal\00000400.wav,10.0,16000,160000,8,id_04,0,normal
D:\pump\id_04\normal\00000401.wav,10.0,16000,160000,8,id_04,0,normal
D:\pump\id_04\normal\00000402.wav,10.0,16000,160000,8,id_04,0,normal
D:\pump\id_04\normal\00000403.wav,10.0,16000,160000,8,id_04,0,normal
D:\pump\id_04\normal\00000404.wav,10.0,16000,160000,8,id_04,0,normal
D:\pump\id_04\normal\00000405.wav,10.0,16000,160000,8,id_04,0,normal
D:\pump\id_04\normal\00000406.wav,10.0,16000,160000,8,id_04,0,normal
D:\pump\id_04\normal\00000407.wav,10.0,16000,160000,8,id_04,0,normal
D:\pump\id_04\normal\00000408.wav,10.0,16000,160000,8,id_04,0,normal
D:\pump\id_04\normal\00000409.wav,10.0,16000,160000,8,id_04,0,normal
D:\pump\id_04\normal\00000410.wav,10.0,16000,160000,8,id_04,0,normal
D:\pump\id_04\normal\00000411.wav,10.0,16000,160000,8,id_04,0,normal
D:\pump\id_04\normal\00000412.wav,10.0,16000,160000,8,id_04,0,normal
D:\pump\id_04\normal\00000413.wav,10.0,16000,160000,8,id_04,0,normal
D:\pump\id_04\normal\00000414.wav,10.0,16000,160000,8,id_04,0,normal
D:\pump\id_04\normal\00000415.wav,10.0,16000,160000,8,id_04,0,normal
D:\pump\id_04\normal\00000416.wav,10.0,16000,160000,8,id_04,0,normal
D:\pump\id_04\normal\00000417.wav,10.0,16000,160000,8,id_04,0,normal
D:\pump\id_04\normal\00000418.wav,10.0,16000,160000,8,id_04,0,normal
D:\pump\id_04\normal\00000419.wav,10.0,16000,160000,8,id_04,0,normal
D:\pump\id_04\normal\00000420.wav,10.0,16000,160000,8,id_04,0,normal
D:\pump\id_04\normal\00000421.wav,10.0,16000,160000,8,id_04,0,normal
D:\pump\id_04\normal\00000422.wav,10.0,16000,160000,8,id_04,0,normal
D:\pump\id_04\normal\00000423.wav,10.0,16000,160000,8,id_04,0,normal
D:\pump\id_04\normal\00000424.wav,10.0,16000,160000,8,id_04,0,normal
D:\pump\id_04\normal\00000425.wav,10.0,16000,160000,8,id_04,0,normal
D:\pump\id_04\normal\00000426.wav,10.0,16000,160000,8,id_04,0,normal
D:\pump\id_04\normal\00000427.wav,10.0,16000,160000,8,id_04,0,normal
D:\pump\id_04\normal\00000428.wav,10.0,16000,160000,8,id_04,0,normal
D:\pump\id_04\normal\00000429.wav,10.0,16000,160000,8,id_04,0,normal
D:\pump\id_04\normal\00000430.wav,10.0,16000,160000,8,id_04,0,normal
D:\pump\id_04\normal\00000431.wav,10.0,16000,160000,8,id_04,0,normal
D:\pump\id_04\normal\00000432.wav,10.0,16000,160000,8,id_04,0,normal
D:\pump\id_04\normal\00000433.wav,10.0,16000,160000,8,id_04,0,normal
D:\pump\id_04\normal\00000434.wav,10.0,16000,160000,8,id_04,0,normal
D:\pump\id_04\normal\00000435.wav,10.0,16000,160000,8,id_04,0,normal
D:\pump\id_04\normal\00000436.wav,10.0,16000,160000,8,id_04,0,normal
D:\pump\id_04\normal\00000437.wav,10.0,16000,160000,8,id_04,0,normal
D:\pump\id_04\normal\00000438.wav,10.0,16000,160000,8,id_04,0,normal
D:\pump\id_04\normal\00000439.wav,10.0,16000,160000,8,id_04,0,normal
D:\pump\id_04\normal\00000440.wav,10.0,16000,160000,8,id_04,0,normal
D:\pump\id_04\normal\00000441.wav,10.0,16000,160000,8,id_04,0,normal
D:\pump\id_04\normal\00000442.wav,10.0,16000,160000,8,id_04,0,normal
D:\pump\id_04\normal\00000443.wav,10.0,16000,160000,8,id_04,0,normal
D:\pump\id_04\normal\00000444.wav,10.0,16000,160000,8,id_04,0,normal
D:\pump\id_04\normal\00000445.wav,10.0,16000,160000,8,id_04,0,normal
D:\pump\id_04\normal\00000446.wav,10.0,16000,160000,8,id_04,0,normal
D:\pump\id_04\normal\00000447.wav,10.0,16000,160000,8,id_04,0,normal
D:\pump\id_04\normal\00000448.wav,10.0,16000,160000,8,id_04,0,normal
D:\pump\id_04\normal\00000449.wav,10.0,16000,160000,8,id_04,0,normal
D:\pump\id_04\normal\00000450.wav,10.0,16000,160000,8,id_04,0,normal
D:\pump\id_04\normal\00000451.wav,10.0,16000,160000,8,id_04,0,normal
D:\pump\id_04\normal\00000452.wav,10.0,16000,160000,8,id_04,0,normal
D:\pump\id_04\normal\00000453.wav,10.0,16000,160000,8,id_04,0,normal
D:\pump\id_04\normal\00000454.wav,10.0,16000,160000,8,id_04,0,normal
D:\pump\id_04\normal\00000455.wav,10.0,16000,160000,8,id_04,0,normal
D:\pump\id_04\normal\00000456.wav,10.0,16000,160000,8,id_04,0,normal
D:\pump\id_04\normal\00000457.wav,10.0,16000,160000,8,id_04,0,normal
D:\pump\id_04\normal\00000458.wav,10.0,16000,160000,8,id_04,0,normal
D:\pump\id_04\normal\00000459.wav,10.0,16000,160000,8,id_04,0,normal
D:\pump\id_04\normal\00000460.wav,10.0,16000,160000,8,id_04,0,normal
D:\pump\id_04\normal\00000461.wav,10.0,16000,160000,8,id_04,0,normal
D:\pump\id_04\normal\00000462.wav,10.0,16000,160000,8,id_04,0,normal
D:\pump\id_04\normal\00000463.wav,10.0,16000,160000,8,id_04,0,normal
D:\pump\id_04\normal\00000464.wav,10.0,16000,160000,8,id_04,0,normal
D:\pump\id_04\normal\00000465.wav,10.0,16000,160000,8,id_04,0,normal
D:\pump\id_04\normal\00000466.wav,10.0,16000,160000,8,id_04,0,normal
D:\pump\id_04\normal\00000467.wav,10.0,16000,160000,8,id_04,0,normal
D:\pump\id_04\normal\00000468.wav,10.0,16000,160000,8,id_04,0,normal
D:\pump\id_04\normal\00000469.wav,10.0,16000,160000,8,id_04,0,normal
D:\pump\id_04\normal\00000470.wav,10.0,16000,160000,8,id_04,0,normal
D:\pump\id_04\normal\00000471.wav,10.0,16000,160000,8,id_04,0,normal
D:\pump\id_04\normal\00000472.wav,10.0,16000,160000,8,id_04,0,normal
D:\pump\id_04\normal\00000473.wav,10.0,16000,160000,8,id_04,0,normal
D:\pump\id_04\normal\00000474.wav,10.0,16000,160000,8,id_04,0,normal
D:\pump\id_04\normal\00000475.wav,10.0,16000,160000,8,id_04,0,normal
D:\pump\id_04\normal\00000476.wav,10.0,16000,160000,8,id_04,0,normal
D:\pump\id_04\normal\00000477.wav,10.0,16000,160000,8,id_04,0,normal
D:\pump\id_04\normal\00000478.wav,10.0,16000,160000,8,id_04,0,normal
D:\pump\id_04\normal\00000479.wav,10.0,16000,160000,8,id_04,0,normal
D:\pump\id_04\normal\00000480.wav,10.0,16000,160000,8,id_04,0,normal
D:\pump\id_04\normal\00000481.wav,10.0,16000,160000,8,id_04,0,normal
D:\pump\id_04\normal\00000482.wav,10.0,16000,160000,8,id_04,0,normal
D:\pump\id_04\normal\00000483.wav,10.0,16000,160000,8,id_04,0,normal
D:\pump\id_04\normal\00000484.wav,10.0,16000,160000,8,id_04,0,normal
D:\pump\id_04\normal\00000485.wav,10.0,16000,160000,8,id_04,0,normal
D:\pump\id_04\normal\00000486.wav,10.0,16000,160000,8,id_04,0,normal
D:\pump\id_04\normal\00000487.wav,10.0,16000,160000,8,id_04,0,normal
D:\pump\id_04\normal\00000488.wav,10.0,16000,160000,8,id_04,0,normal
D:\pump\id_04\normal\00000489.wav,10.0,16000,160000,8,id_04,0,normal
D:\pump\id_04\normal\00000490.wav,10.0,16000,160000,8,id_04,0,normal
D:\pump\id_04\normal\00000491.wav,10.0,16000,160000,8,id_04,0,normal
D:\pump\id_04\normal\00000492.wav,10.0,16000,160000,8,id_04,0,normal
D:\pump\id_04\normal\00000493.wav,10.0,16000,160000,8,id_04,0,normal
D:\pump\id_04\normal\00000494.wav,10.0,16000,160000,8,id_04,0,normal
D:\pump\id_04\normal\00000495.wav,10.0,16000,160000,8,id_04,0,normal
D:\pump\id_04\normal\00000496.wav,10.0,16000,160000,8,id_04,0,normal
D:\pump\id_04\normal\00000497.wav,10.0,16000,160000,8,id_04,0,normal
D:\pump\id_04\normal\00000498.wav,10.0,16000,160000,8,id_04,0,normal
D:\pump\id_04\normal\00000499.wav,10.0,16000,160000,8,id_04,0,normal
D:\pump\id_04\normal\00000500.wav,10.0,16000,160000,8,id_04,0,normal
D:\pump\id_04\normal\00000501.wav,10.0,16000,160000,8,id_04,0,normal
D:\pump\id_04\normal\00000502.wav,10.0,16000,160000,8,id_04,0,normal
D:\pump\id_04\normal\00000503.wav,10.0,16000,160000,8,id_04,0,normal
D:\pump\id_04\normal\00000504.wav,10.0,16000,160000,8,id_04,0,normal
D:\pump\id_04\normal\00000505.wav,10.0,16000,160000,8,id_04,0,normal
D:\pump\id_04\normal\00000506.wav,10.0,16000,160000,8,id_04,0,normal
D:\pump\id_04\normal\00000507.wav,10.0,16000,160000,8,id_04,0,normal
D:\pump\id_04\normal\00000508.wav,10.0,16000,160000,8,id_04,0,normal
D:\pump\id_04\normal\00000509.wav,10.0,16000,160000,8,id_04,0,normal
D:\pump\id_04\normal\00000510.wav,10.0,16000,160000,8,id_04,0,normal
D:\pump\id_04\normal\00000511.wav,10.0,16000,160000,8,id_04,0,normal
D:\pump\id_04\normal\00000512.wav,10.0,16000,160000,8,id_04,0,normal
D:\pump\id_04\normal\00000513.wav,10.0,16000,160000,8,id_04,0,normal
D:\pump\id_04\normal\00000514.wav,10.0,16000,160000,8,id_04,0,normal
D:\pump\id_04\normal\00000515.wav,10.0,16000,160000,8,id_04,0,normal
D:\pump\id_04\normal\00000516.wav,10.0,16000,160000,8,id_04,0,normal
D:\pump\id_04\normal\00000517.wav,10.0,16000,160000,8,id_04,0,normal
D:\pump\id_04\normal\00000518.wav,10.0,16000,160000,8,id_04,0,normal
D:\pump\id_04\normal\00000519.wav,10.0,16000,160000,8,id_04,0,normal
D:\pump\id_04\normal\00000520.wav,10.0,16000,160000,8,id_04,0,normal
D:\pump\id_04\normal\00000521.wav,10.0,16000,160000,8,id_04,0,normal
D:\pump\id_04\normal\00000522.wav,10.0,16000,160000,8,id_04,0,normal
D:\pump\id_04\normal\00000523.wav,10.0,16000,160000,8,id_04,0,normal
D:\pump\id_04\normal\00000524.wav,10.0,16000,160000,8,id_04,0,normal
D:\pump\id_04\normal\00000525.wav,10.0,16000,160000,8,id_04,0,normal
D:\pump\id_04\normal\00000526.wav,10.0,16000,160000,8,id_04,0,normal
D:\pump\id_04\normal\00000527.wav,10.0,16000,160000,8,id_04,0,normal
D:\pump\id_04\normal\00000528.wav,10.0,16000,160000,8,id_04,0,normal
D:\pump\id_04\normal\00000529.wav,10.0,16000,160000,8,id_04,0,normal
D:\pump\id_04\normal\00000530.wav,10.0,16000,160000,8,id_04,0,normal
D:\pump\id_04\normal\00000531.wav,10.0,16000,160000,8,id_04,0,normal
D:\pump\id_04\normal\00000532.wav,10.0,16000,160000,8,id_04,0,normal
D:\pump\id_04\normal\00000533.wav,10.0,16000,160000,8,id_04,0,normal
D:\pump\id_04\normal\00000534.wav,10.0,16000,160000,8,id_04,0,normal
D:\pump\id_04\normal\00000535.wav,10.0,16000,160000,8,id_04,0,normal
D:\pump\id_04\normal\00000536.wav,10.0,16000,160000,8,id_04,0,normal
D:\pump\id_04\normal\00000537.wav,10.0,16000,160000,8,id_04,0,normal
D:\pump\id_04\normal\00000538.wav,10.0,16000,160000,8,id_04,0,normal
D:\pump\id_04\normal\00000539.wav,10.0,16000,160000,8,id_04,0,normal
D:\pump\id_04\normal\00000540.wav,10.0,16000,160000,8,id_04,0,normal
D:\pump\id_04\normal\00000541.wav,10.0,16000,160000,8,id_04,0,normal
D:\pump\id_04\normal\00000542.wav,10.0,16000,160000,8,id_04,0,normal
D:\pump\id_04\normal\00000543.wav,10.0,16000,160000,8,id_04,0,normal
D:\pump\id_04\normal\00000544.wav,10.0,16000,160000,8,id_04,0,normal
D:\pump\id_04\normal\00000545.wav,10.0,16000,160000,8,id_04,0,normal
D:\pump\id_04\normal\00000546.wav,10.0,16000,160000,8,id_04,0,normal
D:\pump\id_04\normal\00000547.wav,10.0,16000,160000,8,id_04,0,normal
D:\pump\id_04\normal\00000548.wav,10.0,16000,160000,8,id_04,0,normal
D:\pump\id_04\normal\00000549.wav,10.0,16000,160000,8,id_04,0,normal
D:\pump\id_04\normal\00000550.wav,10.0,16000,160000,8,id_04,0,normal
D:\pump\id_04\normal\00000551.wav,10.0,16000,160000,8,id_04,0,normal
D:\pump\id_04\normal\00000552.wav,10.0,16000,160000,8,id_04,0,normal
D:\pump\id_04\normal\00000553.wav,10.0,16000,160000,8,id_04,0,normal
D:\pump\id_04\normal\00000554.wav,10.0,16000,160000,8,id_04,0,normal
D:\pump\id_04\normal\00000555.wav,10.0,16000,160000,8,id_04,0,normal
D:\pump\id_04\normal\00000556.wav,10.0,16000,160000,8,id_04,0,normal
D:\pump\id_04\normal\00000557.wav,10.0,16000,160000,8,id_04,0,normal
D:\pump\id_04\normal\00000558.wav,10.0,16000,160000,8,id_04,0,normal
D:\pump\id_04\normal\00000559.wav,10.0,16000,160000,8,id_04,0,normal
D:\pump\id_04\normal\00000560.wav,10.0,16000,160000,8,id_04,0,normal
D:\pump\id_04\normal\00000561.wav,10.0,16000,160000,8,id_04,0,normal
D:\pump\id_04\normal\00000562.wav,10.0,16000,160000,8,id_04,0,normal
D:\pump\id_04\normal\00000563.wav,10.0,16000,160000,8,id_04,0,normal
D:\pump\id_04\normal\00000564.wav,10.0,16000,160000,8,id_04,0,normal
D:\pump\id_04\normal\00000565.wav,10.0,16000,160000,8,id_04,0,normal
D:\pump\id_04\normal\00000566.wav,10.0,16000,160000,8,id_04,0,normal
D:\pump\id_04\normal\00000567.wav,10.0,16000,160000,8,id_04,0,normal
D:\pump\id_04\normal\00000568.wav,10.0,16000,160000,8,id_04,0,normal
D:\pump\id_04\normal\00000569.wav,10.0,16000,160000,8,id_04,0,normal
D:\pump\id_04\normal\00000570.wav,10.0,16000,160000,8,id_04,0,normal
D:\pump\id_04\normal\00000571.wav,10.0,16000,160000,8,id_04,0,normal
D:\pump\id_04\normal\00000572.wav,10.0,16000,160000,8,id_04,0,normal
D:\pump\id_04\normal\00000573.wav,10.0,16000,160000,8,id_04,0,normal
D:\pump\id_04\normal\00000574.wav,10.0,16000,160000,8,id_04,0,normal
D:\pump\id_04\normal\00000575.wav,10.0,16000,160000,8,id_04,0,normal
D:\pump\id_04\normal\00000576.wav,10.0,16000,160000,8,id_04,0,normal
D:\pump\id_04\normal\00000577.wav,10.0,16000,160000,8,id_04,0,normal
D:\pump\id_04\normal\00000578.wav,10.0,16000,160000,8,id_04,0,normal
D:\pump\id_04\normal\00000579.wav,10.0,16000,160000,8,id_04,0,normal
D:\pump\id_04\normal\00000580.wav,10.0,16000,160000,8,id_04,0,normal
D:\pump\id_04\normal\00000581.wav,10.0,16000,160000,8,id_04,0,normal
D:\pump\id_04\normal\00000582.wav,10.0,16000,160000,8,id_04,0,normal
D:\pump\id_04\normal\00000583.wav,10.0,16000,160000,8,id_04,0,normal
D:\pump\id_04\normal\00000584.wav,10.0,16000,160000,8,id_04,0,normal
D:\pump\id_04\normal\00000585.wav,10.0,16000,160000,8,id_04,0,normal
D:\pump\id_04\normal\00000586.wav,10.0,16000,160000,8,id_04,0,normal
D:\pump\id_04\normal\00000587.wav,10.0,16000,160000,8,id_04,0,normal
D:\pump\id_04\normal\00000588.wav,10.0,16000,160000,8,id_04,0,normal
D:\pump\id_04\normal\00000589.wav,10.0,16000,160000,8,id_04,0,normal
D:\pump\id_04\normal\00000590.wav,10.0,16000,160000,8,id_04,0,normal
D:\pump\id_04\normal\00000591.wav,10.0,16000,160000,8,id_04,0,normal
D:\pump\id_04\normal\00000592.wav,10.0,16000,160000,8,id_04,0,normal
D:\pump\id_04\normal\00000593.wav,10.0,16000,160000,8,id_04,0,normal
D:\pump\id_04\normal\00000594.wav,10.0,16000,160000,8,id_04,0,normal
D:\pump\id_04\normal\00000595.wav,10.0,16000,160000,8,id_04,0,normal
D:\pump\id_04\normal\00000596.wav,10.0,16000,160000,8,id_04,0,normal
D:\pump\id_04\normal\00000597.wav,10.0,16000,160000,8,id_04,0,normal
D:\pump\id_04\normal\00000598.wav,10.0,16000,160000,8,id_04,0,normal
D:\pump\id_04\normal\00000599.wav,10.0,16000,160000,8,id_04,0,normal
D:\pump\id_04\normal\00000600.wav,10.0,16000,160000,8,id_04,0,normal
D:\pump\id_04\normal\00000601.wav,10.0,16000,160000,8,id_04,0,normal
D:\pump\id_04\normal\00000602.wav,10.0,16000,160000,8,id_04,0,normal
D:\pump\id_04\normal\00000603.wav,10.0,16000,160000,8,id_04,0,normal
D:\pump\id_04\normal\00000604.wav,10.0,16000,160000,8,id_04,0,normal
D:\pump\id_04\normal\00000605.wav,10.0,16000,160000,8,id_04,0,normal
D:\pump\id_04\normal\00000606.wav,10.0,16000,160000,8,id_04,0,normal
D:\pump\id_04\normal\00000607.wav,10.0,16000,160000,8,id_04,0,normal
D:\pump\id_04\normal\00000608.wav,10.0,16000,160000,8,id_04,0,normal
D:\pump\id_04\normal\00000609.wav,10.0,16000,160000,8,id_04,0,normal
D:\pump\id_04\normal\00000610.wav,10.0,16000,160000,8,id_04,0,normal
D:\pump\id_04\normal\00000611.wav,10.0,16000,160000,8,id_04,0,normal
D:\pump\id_04\normal\00000612.wav,10.0,16000,160000,8,id_04,0,normal
D:\pump\id_04\normal\00000613.wav,10.0,16000,160000,8,id_04,0,normal
D:\pump\id_04\normal\00000614.wav,10.0,16000,160000,8,id_04,0,normal
D:\pump\id_04\normal\00000615.wav,10.0,16000,160000,8,id_04,0,normal
D:\pump\id_04\normal\00000616.wav,10.0,16000,160000,8,id_04,0,normal
D:\pump\id_04\normal\00000617.wav,10.0,16000,160000,8,id_04,0,normal
D:\pump\id_04\normal\00000618.wav,10.0,16000,160000,8,id_04,0,normal
D:\pump\id_04\normal\00000619.wav,10.0,16000,160000,8,id_04,0,normal
D:\pump\id_04\normal\00000620.wav,10.0,16000,160000,8,id_04,0,normal
D:\pump\id_04\normal\00000621.wav,10.0,16000,160000,8,id_04,0,normal
D:\pump\id_04\normal\00000622.wav,10.0,16000,160000,8,id_04,0,normal
D:\pump\id_04\normal\00000623.wav,10.0,16000,160000,8,id_04,0,normal
D:\pump\id_04\normal\00000624.wav,10.0,16000,160000,8,id_04,0,normal
D:\pump\id_04\normal\00000625.wav,10.0,16000,160000,8,id_04,0,normal
D:\pump\id_04\normal\00000626.wav,10.0,16000,160000,8,id_04,0,normal
D:\pump\id_04\normal\00000627.wav,10.0,16000,160000,8,id_04,0,normal
D:\pump\id_04\normal\00000628.wav,10.0,16000,160000,8,id_04,0,normal
D:\pump\id_04\normal\00000629.wav,10.0,16000,160000,8,id_04,0,normal
D:\pump\id_04\normal\00000630.wav,10.0,16000,160000,8,id_04,0,normal
D:\pump\id_04\normal\00000631.wav,10.0,16000,160000,8,id_04,0,normal
D:\pump\id_04\normal\00000632.wav,10.0,16000,160000,8,id_04,0,normal
D:\pump\id_04\normal\00000633.wav,10.0,16000,160000,8,id_04,0,normal
D:\pump\id_04\normal\00000634.wav,10.0,16000,160000,8,id_04,0,normal
D:\pump\id_04\normal\00000635.wav,10.0,16000,160000,8,id_04,0,normal
D:\pump\id_04\normal\00000636.wav,10.0,16000,160000,8,id_04,0,normal
D:\pump\id_04\normal\00000637.wav,10.0,16000,160000,8,id_04,0,normal
D:\pump\id_04\normal\00000638.wav,10.0,16000,160000,8,id_04,0,normal
D:\pump\id_04\normal\00000639.wav,10.0,16000,160000,8,id_04,0,normal
D:\pump\id_04\normal\00000640.wav,10.0,16000,160000,8,id_04,0,normal
D:\pump\id_04\normal\00000641.wav,10.0,16000,160000,8,id_04,0,normal
D:\pump\id_04\normal\00000642.wav,10.0,16000,160000,8,id_04,0,normal
D:\pump\id_04\normal\00000643.wav,10.0,16000,160000,8,id_04,0,normal
D:\pump\id_04\normal\00000644.wav,10.0,16000,160000,8,id_04,0,normal
D:\pump\id_04\normal\00000645.wav,10.0,16000,160000,8,id_04,0,normal
D:\pump\id_04\normal\00000646.wav,10.0,16000,160000,8,id_04,0,normal
D:\pump\id_04\normal\00000647.wav,10.0,16000,160000,8,id_04,0,normal
D:\pump\id_04\normal\00000648.wav,10.0,16000,160000,8,id_04,0,normal
D:\pump\id_04\normal\00000649.wav,10.0,16000,160000,8,id_04,0,normal
D:\pump\id_04\normal\00000650.wav,10.0,16000,160000,8,id_04,0,normal
D:\pump\id_04\normal\00000651.wav,10.0,16000,160000,8,id_04,0,normal
D:\pump\id_04\normal\00000652.wav,10.0,16000,160000,8,id_04,0,normal
D:\pump\id_04\normal\00000653.wav,10.0,16000,160000,8,id_04,0,normal
D:\pump\id_04\normal\00000654.wav,10.0,16000,160000,8,id_04,0,normal
D:\pump\id_04\normal\00000655.wav,10.0,16000,160000,8,id_04,0,normal
D:\pump\id_04\normal\00000656.wav,10.0,16000,160000,8,id_04,0,normal
D:\pump\id_04\normal\00000657.wav,10.0,16000,160000,8,id_04,0,normal
D:\pump\id_04\normal\00000658.wav,10.0,16000,160000,8,id_04,0,normal
D:\pump\id_04\normal\00000659.wav,10.0,16000,160000,8,id_04,0,normal
D:\pump\id_04\normal\00000660.wav,10.0,16000,160000,8,id_04,0,normal
D:\pump\id_04\normal\00000661.wav,10.0,16000,160000,8,id_04,0,normal
D:\pump\id_04\normal\00000662.wav,10.0,16000,160000,8,id_04,0,normal
D:\pump\id_04\normal\00000663.wav,10.0,16000,160000,8,id_04,0,normal
D:\pump\id_04\normal\00000664.wav,10.0,16000,160000,8,id_04,0,normal
D:\pump\id_04\normal\00000665.wav,10.0,16000,160000,8,id_04,0,normal
D:\pump\id_04\normal\00000666.wav,10.0,16000,160000,8,id_04,0,normal
D:\pump\id_04\normal\00000667.wav,10.0,16000,160000,8,id_04,0,normal
D:\pump\id_04\normal\00000668.wav,10.0,16000,160000,8,id_04,0,normal
D:\pump\id_04\normal\00000669.wav,10.0,16000,160000,8,id_04,0,normal
D:\pump\id_04\normal\00000670.wav,10.0,16000,160000,8,id_04,0,normal
D:\pump\id_04\normal\00000671.wav,10.0,16000,160000,8,id_04,0,normal
D:\pump\id_04\normal\00000672.wav,10.0,16000,160000,8,id_04,0,normal
D:\pump\id_04\normal\00000673.wav,10.0,16000,160000,8,id_04,0,normal
D:\pump\id_04\normal\00000674.wav,10.0,16000,160000,8,id_04,0,normal
D:\pump\id_04\normal\00000675.wav,10.0,16000,160000,8,id_04,0,normal
D:\pump\id_04\normal\00000676.wav,10.0,16000,160000,8,id_04,0,normal
D:\pump\id_04\normal\00000677.wav,10.0,16000,160000,8,id_04,0,normal
D:\pump\id_04\normal\00000678.wav,10.0,16000,160000,8,id_04,0,normal
D:\pump\id_04\normal\00000679.wav,10.0,16000,160000,8,id_04,0,normal
D:\pump\id_04\normal\00000680.wav,10.0,16000,160000,8,id_04,0,normal
D:\pump\id_04\normal\00000681.wav,10.0,16000,160000,8,id_04,0,normal
D:\pump\id_04\normal\00000682.wav,10.0,16000,160000,8,id_04,0,normal
D:\pump\id_04\normal\00000683.wav,10.0,16000,160000,8,id_04,0,normal
D:\pump\id_04\normal\00000684.wav,10.0,16000,160000,8,id_04,0,normal
D:\pump\id_04\normal\00000685.wav,10.0,16000,160000,8,id_04,0,normal
D:\pump\id_04\normal\00000686.wav,10.0,16000,160000,8,id_04,0,normal
D:\pump\id_04\normal\00000687.wav,10.0,16000,160000,8,id_04,0,normal
D:\pump\id_04\normal\00000688.wav,10.0,16000,160000,8,id_04,0,normal
D:\pump\id_04\normal\00000689.wav,10.0,16000,160000,8,id_04,0,normal
D:\pump\id_04\normal\00000690.wav,10.0,16000,160000,8,id_04,0,normal
D:\pump\id_04\normal\00000691.wav,10.0,16000,160000,8,id_04,0,normal
D:\pump\id_04\normal\00000692.wav,10.0,16000,160000,8,id_04,0,normal
D:\pump\id_04\normal\00000693.wav,10.0,16000,160000,8,id_04,0,normal
D:\pump\id_04\normal\00000694.wav,10.0,16000,160000,8,id_04,0,normal
D:\pump\id_04\normal\00000695.wav,10.0,16000,160000,8,id_04,0,normal
D:\pump\id_04\normal\00000696.wav,10.0,16000,160000,8,id_04,0,normal
D:\pump\id_04\normal\00000697.wav,10.0,16000,160000,8,id_04,0,normal
D:\pump\id_04\normal\00000698.wav,10.0,16000,160000,8,id_04,0,normal
D:\pump\id_04\normal\00000699.wav,10.0,16000,160000,8,id_04,0,normal
D:\pump\id_04\normal\00000700.wav,10.0,16000,160000,8,id_04,0,normal
D:\pump\id_04\normal\00000701.wav,10.0,16000,160000,8,id_04,0,normal
D:\pump\id_04\abnormal\00000000.wav,10.0,16000,160000,8,id_04,1,abnormal
D:\pump\id_04\abnormal\00000001.wav,10.0,16000,160000,8,id_04,1,abnormal
D:\pump\id_04\abnormal\00000002.wav,10.0,16000,160000,8,id_04,1,abnormal
D:\pump\id_04\abnormal\00000003.wav,10.0,16000,160000,8,id_04,1,abnormal
D:\pump\id_04\abnormal\00000004.wav,10.0,16000,160000,8,id_04,1,abnormal
D:\pump\id_04\abnormal\00000005.wav,10.0,16000,160000,8,id_04,1,abnormal
D:\pump\id_04\abnormal\00000006.wav,10.0,16000,160000,8,id_04,1,abnormal
D:\pump\id_04\abnormal\00000007.wav,10.0,16000,160000,8,id_04,1,abnormal
D:\pump\id_04\abnormal\00000008.wav,10.0,16000,160000,8,id_04,1,abnormal
D:\pump\id_04\abnormal\00000009.wav,10.0,16000,160000,8,id_04,1,abnormal
D:\pump\id_04\abnormal\00000010.wav,10.0,16000,160000,8,id_04,1,abnormal
D:\pump\id_04\abnormal\00000011.wav,10.0,16000,160000,8,id_04,1,abnormal
D:\pump\id_04\abnormal\00000012.wav,10.0,16000,160000,8,id_04,1,abnormal
D:\pump\id_04\abnormal\00000013.wav,10.0,16000,160000,8,id_04,1,abnormal
D:\pump\id_04\abnormal\00000014.wav,10.0,16000,160000,8,id_04,1,abnormal
D:\pump\id_04\abnormal\00000015.wav,10.0,16000,160000,8,id_04,1,abnormal
D:\pump\id_04\abnormal\00000016.wav,10.0,16000,160000,8,id_04,1,abnormal
D:\pump\id_04\abnormal\00000017.wav,10.0,16000,160000,8,id_04,1,abnormal
D:\pump\id_04\abnormal\00000018.wav,10.0,16000,160000,8,id_04,1,abnormal
D:\pump\id_04\abnormal\00000019.wav,10.0,16000,160000,8,id_04,1,abnormal
D:\pump\id_04\abnormal\00000020.wav,10.0,16000,160000,8,id_04,1,abnormal
D:\pump\id_04\abnormal\00000021.wav,10.0,16000,160000,8,id_04,1,abnormal
D:\pump\id_04\abnormal\00000022.wav,10.0,16000,160000,8,id_04,1,abnormal
D:\pump\id_04\abnormal\00000023.wav,10.0,16000,160000,8,id_04,1,abnormal
D:\pump\id_04\abnormal\00000024.wav,10.0,16000,160000,8,id_04,1,abnormal
D:\pump\id_04\abnormal\00000025.wav,10.0,16000,160000,8,id_04,1,abnormal
D:\pump\id_04\abnormal\00000026.wav,10.0,16000,160000,8,id_04,1,abnormal
D:\pump\id_04\abnormal\00000027.wav,10.0,16000,160000,8,id_04,1,abnormal
D:\pump\id_04\abnormal\00000028.wav,10.0,16000,160000,8,id_04,1,abnormal
D:\pump\id_04\abnormal\00000029.wav,10.0,16000,160000,8,id_04,1,abnormal
D:\pump\id_04\abnormal\00000030.wav,10.0,16000,160000,8,id_04,1,abnormal
D:\pump\id_04\abnormal\00000031.wav,10.0,16000,160000,8,id_04,1,abnormal
D:\pump\id_04\abnormal\00000032.wav,10.0,16000,160000,8,id_04,1,abnormal
D:\pump\id_04\abnormal\00000033.wav,10.0,16000,160000,8,id_04,1,abnormal
D:\pump\id_04\abnormal\00000034.wav,10.0,16000,160000,8,id_04,1,abnormal
D:\pump\id_04\abnormal\00000035.wav,10.0,16000,160000,8,id_04,1,abnormal
D:\pump\id_04\abnormal\00000036.wav,10.0,16000,160000,8,id_04,1,abnormal
D:\pump\id_04\abnormal\00000037.wav,10.0,16000,160000,8,id_04,1,abnormal
D:\pump\id_04\abnormal\00000038.wav,10.0,16000,160000,8,id_04,1,abnormal
D:\pump\id_04\abnormal\00000039.wav,10.0,16000,160000,8,id_04,1,abnormal
D:\pump\id_04\abnormal\00000040.wav,10.0,16000,160000,8,id_04,1,abnormal
D:\pump\id_04\abnormal\00000041.wav,10.0,16000,160000,8,id_04,1,abnormal
D:\pump\id_04\abnormal\00000042.wav,10.0,16000,160000,8,id_04,1,abnormal
D:\pump\id_04\abnormal\00000043.wav,10.0,16000,160000,8,id_04,1,abnormal
D:\pump\id_04\abnormal\00000044.wav,10.0,16000,160000,8,id_04,1,abnormal
D:\pump\id_04\abnormal\00000045.wav,10.0,16000,160000,8,id_04,1,abnormal
D:\pump\id_04\abnormal\00000046.wav,10.0,16000,160000,8,id_04,1,abnormal
D:\pump\id_04\abnormal\00000047.wav,10.0,16000,160000,8,id_04,1,abnormal
D:\pump\id_04\abnormal\00000048.wav,10.0,16000,160000,8,id_04,1,abnormal
D:\pump\id_04\abnormal\00000049.wav,10.0,16000,160000,8,id_04,1,abnormal
D:\pump\id_04\abnormal\00000050.wav,10.0,16000,160000,8,id_04,1,abnormal
D:\pump\id_04\abnormal\00000051.wav,10.0,16000,160000,8,id_04,1,abnormal
D:\pump\id_04\abnormal\00000052.wav,10.0,16000,160000,8,id_04,1,abnormal
D:\pump\id_04\abnormal\00000053.wav,10.0,16000,160000,8,id_04,1,abnormal
D:\pump\id_04\abnormal\00000054.wav,10.0,16000,160000,8,id_04,1,abnormal
D:\pump\id_04\abnormal\00000055.wav,10.0,16000,160000,8,id_04,1,abnormal
D:\pump\id_04\abnormal\00000056.wav,10.0,16000,160000,8,id_04,1,abnormal
D:\pump\id_04\abnormal\00000057.wav,10.0,16000,160000,8,id_04,1,abnormal
D:\pump\id_04\abnormal\00000058.wav,10.0,16000,160000,8,id_04,1,abnormal
D:\pump\id_04\abnormal\00000059.wav,10.0,16000,160000,8,id_04,1,abnormal
D:\pump\id_04\abnormal\00000060.wav,10.0,16000,160000,8,id_04,1,abnormal
D:\pump\id_04\abnormal\00000061.wav,10.0,16000,160000,8,id_04,1,abnormal
D:\pump\id_04\abnormal\00000062.wav,10.0,16000,160000,8,id_04,1,abnormal
D:\pump\id_04\abnormal\00000063.wav,10.0,16000,160000,8,id_04,1,abnormal
D:\pump\id_04\abnormal\00000064.wav,10.0,16000,160000,8,id_04,1,abnormal
D:\pump\id_04\abnormal\00000065.wav,10.0,16000,160000,8,id_04,1,abnormal
D:\pump\id_04\abnormal\00000066.wav,10.0,16000,160000,8,id_04,1,abnormal
D:\pump\id_04\abnormal\00000067.wav,10.0,16000,160000,8,id_04,1,abnormal
D:\pump\id_04\abnormal\00000068.wav,10.0,16000,160000,8,id_04,1,abnormal
D:\pump\id_04\abnormal\00000069.wav,10.0,16000,160000,8,id_04,1,abnormal
D:\pump\id_04\abnormal\00000070.wav,10.0,16000,160000,8,id_04,1,abnormal
D:\pump\id_04\abnormal\00000071.wav,10.0,16000,160000,8,id_04,1,abnormal
D:\pump\id_04\abnormal\00000072.wav,10.0,16000,160000,8,id_04,1,abnormal
D:\pump\id_04\abnormal\00000073.wav,10.0,16000,160000,8,id_04,1,abnormal
D:\pump\id_04\abnormal\00000074.wav,10.0,16000,160000,8,id_04,1,abnormal
D:\pump\id_04\abnormal\00000075.wav,10.0,16000,160000,8,id_04,1,abnormal
D:\pump\id_04\abnormal\00000076.wav,10.0,16000,160000,8,id_04,1,abnormal
D:\pump\id_04\abnormal\00000077.wav,10.0,16000,160000,8,id_04,1,abnormal
D:\pump\id_04\abnormal\00000078.wav,10.0,16000,160000,8,id_04,1,abnormal
D:\pump\id_04\abnormal\00000079.wav,10.0,16000,160000,8,id_04,1,abnormal
D:\pump\id_04\abnormal\00000080.wav,10.0,16000,160000,8,id_04,1,abnormal
D:\pump\id_04\abnormal\00000081.wav,10.0,16000,160000,8,id_04,1,abnormal
D:\pump\id_04\abnormal\00000082.wav,10.0,16000,160000,8,id_04,1,abnormal
D:\pump\id_04\abnormal\00000083.wav,10.0,16000,160000,8,id_04,1,abnormal
D:\pump\id_04\abnormal\00000084.wav,10.0,16000,160000,8,id_04,1,abnormal
D:\pump\id_04\abnormal\00000085.wav,10.0,16000,160000,8,id_04,1,abnormal
D:\pump\id_04\abnormal\00000086.wav,10.0,16000,160000,8,id_04,1,abnormal
D:\pump\id_04\abnormal\00000087.wav,10.0,16000,160000,8,id_04,1,abnormal
D:\pump\id_04\abnormal\00000088.wav,10.0,16000,160000,8,id_04,1,abnormal
D:\pump\id_04\abnormal\00000089.wav,10.0,16000,160000,8,id_04,1,abnormal
D:\pump\id_04\abnormal\00000090.wav,10.0,16000,160000,8,id_04,1,abnormal
D:\pump\id_04\abnormal\00000091.wav,10.0,16000,160000,8,id_04,1,abnormal
D:\pump\id_04\abnormal\00000092.wav,10.0,16000,160000,8,id_04,1,abnormal
D:\pump\id_04\abnormal\00000093.wav,10.0,16000,160000,8,id_04,1,abnormal
D:\pump\id_04\abnormal\00000094.wav,10.0,16000,160000,8,id_04,1,abnormal
D:\pump\id_04\abnormal\00000095.wav,10.0,16000,160000,8,id_04,1,abnormal
D:\pump\id_04\abnormal\00000096.wav,10.0,16000,160000,8,id_04,1,abnormal
D:\pump\id_04\abnormal\00000097.wav,10.0,16000,160000,8,id_04,1,abnormal
D:\pump\id_04\abnormal\00000098.wav,10.0,16000,160000,8,id_04,1,abnormal
D:\pump\id_04\abnormal\00000099.wav,10.0,16000,160000,8,id_04,1,abnormal
D:\pump\id_06\normal\00000000.wav,10.0,16000,160000,8,id_06,0,normal
D:\pump\id_06\normal\00000001.wav,10.0,16000,160000,8,id_06,0,normal
D:\pump\id_06\normal\00000002.wav,10.0,16000,160000,8,id_06,0,normal
D:\pump\id_06\normal\00000003.wav,10.0,16000,160000,8,id_06,0,normal
D:\pump\id_06\normal\00000004.wav,10.0,16000,160000,8,id_06,0,normal
D:\pump\id_06\normal\00000005.wav,10.0,16000,160000,8,id_06,0,normal
D:\pump\id_06\normal\00000006.wav,10.0,16000,160000,8,id_06,0,normal
D:\pump\id_06\normal\00000007.wav,10.0,16000,160000,8,id_06,0,normal
D:\pump\id_06\normal\00000008.wav,10.0,16000,160000,8,id_06,0,normal
D:\pump\id_06\normal\00000009.wav,10.0,16000,160000,8,id_06,0,normal
D:\pump\id_06\normal\00000010.wav,10.0,16000,160000,8,id_06,0,normal
D:\pump\id_06\normal\00000011.wav,10.0,16000,160000,8,id_06,0,normal
D:\pump\id_06\normal\00000012.wav,10.0,16000,160000,8,id_06,0,normal
D:\pump\id_06\normal\00000013.wav,10.0,16000,160000,8,id_06,0,normal
D:\pump\id_06\normal\00000014.wav,10.0,16000,160000,8,id_06,0,normal
D:\pump\id_06\normal\00000015.wav,10.0,16000,160000,8,id_06,0,normal
D:\pump\id_06\normal\00000016.wav,10.0,16000,160000,8,id_06,0,normal
D:\pump\id_06\normal\00000017.wav,10.0,16000,160000,8,id_06,0,normal
D:\pump\id_06\normal\00000018.wav,10.0,16000,160000,8,id_06,0,normal
D:\pump\id_06\normal\00000019.wav,10.0,16000,160000,8,id_06,0,normal
D:\pump\id_06\normal\00000020.wav,10.0,16000,160000,8,id_06,0,normal
D:\pump\id_06\normal\00000021.wav,10.0,16000,160000,8,id_06,0,normal
D:\pump\id_06\normal\00000022.wav,10.0,16000,160000,8,id_06,0,normal
D:\pump\id_06\normal\00000023.wav,10.0,16000,160000,8,id_06,0,normal
D:\pump\id_06\normal\00000024.wav,10.0,16000,160000,8,id_06,0,normal
D:\pump\id_06\normal\00000025.wav,10.0,16000,160000,8,id_06,0,normal
D:\pump\id_06\normal\00000026.wav,10.0,16000,160000,8,id_06,0,normal
D:\pump\id_06\normal\00000027.wav,10.0,16000,160000,8,id_06,0,normal
D:\pump\id_06\normal\00000028.wav,10.0,16000,160000,8,id_06,0,normal
D:\pump\id_06\normal\00000029.wav,10.0,16000,160000,8,id_06,0,normal
D:\pump\id_06\normal\00000030.wav,10.0,16000,160000,8,id_06,0,normal
D:\pump\id_06\normal\00000031.wav,10.0,16000,160000,8,id_06,0,normal
D:\pump\id_06\normal\00000032.wav,10.0,16000,160000,8,id_06,0,normal
D:\pump\id_06\normal\00000033.wav,10.0,16000,160000,8,id_06,0,normal
D:\pump\id_06\normal\00000034.wav,10.0,16000,160000,8,id_06,0,normal
D:\pump\id_06\normal\00000035.wav,10.0,16000,160000,8,id_06,0,normal
D:\pump\id_06\normal\00000036.wav,10.0,16000,160000,8,id_06,0,normal
D:\pump\id_06\normal\00000037.wav,10.0,16000,160000,8,id_06,0,normal
D:\pump\id_06\normal\00000038.wav,10.0,16000,160000,8,id_06,0,normal
D:\pump\id_06\normal\00000039.wav,10.0,16000,160000,8,id_06,0,normal
D:\pump\id_06\normal\00000040.wav,10.0,16000,160000,8,id_06,0,normal
D:\pump\id_06\normal\00000041.wav,10.0,16000,160000,8,id_06,0,normal
D:\pump\id_06\normal\00000042.wav,10.0,16000,160000,8,id_06,0,normal
D:\pump\id_06\normal\00000043.wav,10.0,16000,160000,8,id_06,0,normal
D:\pump\id_06\normal\00000044.wav,10.0,16000,160000,8,id_06,0,normal
D:\pump\id_06\normal\00000045.wav,10.0,16000,160000,8,id_06,0,normal
D:\pump\id_06\normal\00000046.wav,10.0,16000,160000,8,id_06,0,normal
D:\pump\id_06\normal\00000047.wav,10.0,16000,160000,8,id_06,0,normal
D:\pump\id_06\normal\00000048.wav,10.0,16000,160000,8,id_06,0,normal
D:\pump\id_06\normal\00000049.wav,10.0,16000,160000,8,id_06,0,normal
D:\pump\id_06\normal\00000050.wav,10.0,16000,160000,8,id_06,0,normal
D:\pump\id_06\normal\00000051.wav,10.0,16000,160000,8,id_06,0,normal
D:\pump\id_06\normal\00000052.wav,10.0,16000,160000,8,id_06,0,normal
D:\pump\id_06\normal\00000053.wav,10.0,16000,160000,8,id_06,0,normal
D:\pump\id_06\normal\00000054.wav,10.0,16000,160000,8,id_06,0,normal
D:\pump\id_06\normal\00000055.wav,10.0,16000,160000,8,id_06,0,normal
D:\pump\id_06\normal\00000056.wav,10.0,16000,160000,8,id_06,0,normal
D:\pump\id_06\normal\00000057.wav,10.0,16000,160000,8,id_06,0,normal
D:\pump\id_06\normal\00000058.wav,10.0,16000,160000,8,id_06,0,normal
D:\pump\id_06\normal\00000059.wav,10.0,16000,160000,8,id_06,0,normal
D:\pump\id_06\normal\00000060.wav,10.0,16000,160000,8,id_06,0,normal
D:\pump\id_06\normal\00000061.wav,10.0,16000,160000,8,id_06,0,normal
D:\pump\id_06\normal\00000062.wav,10.0,16000,160000,8,id_06,0,normal
D:\pump\id_06\normal\00000063.wav,10.0,16000,160000,8,id_06,0,normal
D:\pump\id_06\normal\00000064.wav,10.0,16000,160000,8,id_06,0,normal
D:\pump\id_06\normal\00000065.wav,10.0,16000,160000,8,id_06,0,normal
D:\pump\id_06\normal\00000066.wav,10.0,16000,160000,8,id_06,0,normal
D:\pump\id_06\normal\00000067.wav,10.0,16000,160000,8,id_06,0,normal
D:\pump\id_06\normal\00000068.wav,10.0,16000,160000,8,id_06,0,normal
D:\pump\id_06\normal\00000069.wav,10.0,16000,160000,8,id_06,0,normal
D:\pump\id_06\normal\00000070.wav,10.0,16000,160000,8,id_06,0,normal
D:\pump\id_06\normal\00000071.wav,10.0,16000,160000,8,id_06,0,normal
D:\pump\id_06\normal\00000072.wav,10.0,16000,160000,8,id_06,0,normal
D:\pump\id_06\normal\00000073.wav,10.0,16000,160000,8,id_06,0,normal
D:\pump\id_06\normal\00000074.wav,10.0,16000,160000,8,id_06,0,normal
D:\pump\id_06\normal\00000075.wav,10.0,16000,160000,8,id_06,0,normal
D:\pump\id_06\normal\00000076.wav,10.0,16000,160000,8,id_06,0,normal
D:\pump\id_06\normal\00000077.wav,10.0,16000,160000,8,id_06,0,normal
D:\pump\id_06\normal\00000078.wav,10.0,16000,160000,8,id_06,0,normal
D:\pump\id_06\normal\00000079.wav,10.0,16000,160000,8,id_06,0,normal
D:\pump\id_06\normal\00000080.wav,10.0,16000,160000,8,id_06,0,normal
D:\pump\id_06\normal\00000081.wav,10.0,16000,160000,8,id_06,0,normal
D:\pump\id_06\normal\00000082.wav,10.0,16000,160000,8,id_06,0,normal
D:\pump\id_06\normal\00000083.wav,10.0,16000,160000,8,id_06,0,normal
D:\pump\id_06\normal\00000084.wav,10.0,16000,160000,8,id_06,0,normal
D:\pump\id_06\normal\00000085.wav,10.0,16000,160000,8,id_06,0,normal
D:\pump\id_06\normal\00000086.wav,10.0,16000,160000,8,id_06,0,normal
D:\pump\id_06\normal\00000087.wav,10.0,16000,160000,8,id_06,0,normal
D:\pump\id_06\normal\00000088.wav,10.0,16000,160000,8,id_06,0,normal
D:\pump\id_06\normal\00000089.wav,10.0,16000,160000,8,id_06,0,normal
D:\pump\id_06\normal\00000090.wav,10.0,16000,160000,8,id_06,0,normal
D:\pump\id_06\normal\00000091.wav,10.0,16000,160000,8,id_06,0,normal
D:\pump\id_06\normal\00000092.wav,10.0,16000,160000,8,id_06,0,normal
D:\pump\id_06\normal\00000093.wav,10.0,16000,160000,8,id_06,0,normal
D:\pump\id_06\normal\00000094.wav,10.0,16000,160000,8,id_06,0,normal
D:\pump\id_06\normal\00000095.wav,10.0,16000,160000,8,id_06,0,normal
D:\pump\id_06\normal\00000096.wav,10.0,16000,160000,8,id_06,0,normal
D:\pump\id_06\normal\00000097.wav,10.0,16000,160000,8,id_06,0,normal
D:\pump\id_06\normal\00000098.wav,10.0,16000,160000,8,id_06,0,normal
D:\pump\id_06\normal\00000099.wav,10.0,16000,160000,8,id_06,0,normal
D:\pump\id_06\normal\00000100.wav,10.0,16000,160000,8,id_06,0,normal
D:\pump\id_06\normal\00000101.wav,10.0,16000,160000,8,id_06,0,normal
D:\pump\id_06\normal\00000102.wav,10.0,16000,160000,8,id_06,0,normal
D:\pump\id_06\normal\00000103.wav,10.0,16000,160000,8,id_06,0,normal
D:\pump\id_06\normal\00000104.wav,10.0,16000,160000,8,id_06,0,normal
D:\pump\id_06\normal\00000105.wav,10.0,16000,160000,8,id_06,0,normal
D:\pump\id_06\normal\00000106.wav,10.0,16000,160000,8,id_06,0,normal
D:\pump\id_06\normal\00000107.wav,10.0,16000,160000,8,id_06,0,normal
D:\pump\id_06\normal\00000108.wav,10.0,16000,160000,8,id_06,0,normal
D:\pump\id_06\normal\00000109.wav,10.0,16000,160000,8,id_06,0,normal
D:\pump\id_06\normal\00000110.wav,10.0,16000,160000,8,id_06,0,normal
D:\pump\id_06\normal\00000111.wav,10.0,16000,160000,8,id_06,0,normal
D:\pump\id_06\normal\00000112.wav,10.0,16000,160000,8,id_06,0,normal
D:\pump\id_06\normal\00000113.wav,10.0,16000,160000,8,id_06,0,normal
D:\pump\id_06\normal\00000114.wav,10.0,16000,160000,8,id_06,0,normal
D:\pump\id_06\normal\00000115.wav,10.0,16000,160000,8,id_06,0,normal
D:\pump\id_06\normal\00000116.wav,10.0,16000,160000,8,id_06,0,normal
D:\pump\id_06\normal\00000117.wav,10.0,16000,160000,8,id_06,0,normal
D:\pump\id_06\normal\00000118.wav,10.0,16000,160000,8,id_06,0,normal
D:\pump\id_06\normal\00000119.wav,10.0,16000,160000,8,id_06,0,normal
D:\pump\id_06\normal\00000120.wav,10.0,16000,160000,8,id_06,0,normal
D:\pump\id_06\normal\00000121.wav,10.0,16000,160000,8,id_06,0,normal
D:\pump\id_06\normal\00000122.wav,10.0,16000,160000,8,id_06,0,normal
D:\pump\id_06\normal\00000123.wav,10.0,16000,160000,8,id_06,0,normal
D:\pump\id_06\normal\00000124.wav,10.0,16000,160000,8,id_06,0,normal
D:\pump\id_06\normal\00000125.wav,10.0,16000,160000,8,id_06,0,normal
D:\pump\id_06\normal\00000126.wav,10.0,16000,160000,8,id_06,0,normal
D:\pump\id_06\normal\00000127.wav,10.0,16000,160000,8,id_06,0,normal
D:\pump\id_06\normal\00000128.wav,10.0,16000,160000,8,id_06,0,normal
D:\pump\id_06\normal\00000129.wav,10.0,16000,160000,8,id_06,0,normal
D:\pump\id_06\normal\00000130.wav,10.0,16000,160000,8,id_06,0,normal
D:\pump\id_06\normal\00000131.wav,10.0,16000,160000,8,id_06,0,normal
D:\pump\id_06\normal\00000132.wav,10.0,16000,160000,8,id_06,0,normal
D:\pump\id_06\normal\00000133.wav,10.0,16000,160000,8,id_06,0,normal
D:\pump\id_06\normal\00000134.wav,10.0,16000,160000,8,id_06,0,normal
D:\pump\id_06\normal\00000135.wav,10.0,16000,160000,8,id_06,0,normal
D:\pump\id_06\normal\00000136.wav,10.0,16000,160000,8,id_06,0,normal
D:\pump\id_06\normal\00000137.wav,10.0,16000,160000,8,id_06,0,normal
D:\pump\id_06\normal\00000138.wav,10.0,16000,160000,8,id_06,0,normal
D:\pump\id_06\normal\00000139.wav,10.0,16000,160000,8,id_06,0,normal
D:\pump\id_06\normal\00000140.wav,10.0,16000,160000,8,id_06,0,normal
D:\pump\id_06\normal\00000141.wav,10.0,16000,160000,8,id_06,0,normal
D:\pump\id_06\normal\00000142.wav,10.0,16000,160000,8,id_06,0,normal
D:\pump\id_06\normal\00000143.wav,10.0,16000,160000,8,id_06,0,normal
D:\pump\id_06\normal\00000144.wav,10.0,16000,160000,8,id_06,0,normal
D:\pump\id_06\normal\00000145.wav,10.0,16000,160000,8,id_06,0,normal
D:\pump\id_06\normal\00000146.wav,10.0,16000,160000,8,id_06,0,normal
D:\pump\id_06\normal\00000147.wav,10.0,16000,160000,8,id_06,0,normal
D:\pump\id_06\normal\00000148.wav,10.0,16000,160000,8,id_06,0,normal
D:\pump\id_06\normal\00000149.wav,10.0,16000,160000,8,id_06,0,normal
D:\pump\id_06\normal\00000150.wav,10.0,16000,160000,8,id_06,0,normal
D:\pump\id_06\normal\00000151.wav,10.0,16000,160000,8,id_06,0,normal
D:\pump\id_06\normal\00000152.wav,10.0,16000,160000,8,id_06,0,normal
D:\pump\id_06\normal\00000153.wav,10.0,16000,160000,8,id_06,0,normal
D:\pump\id_06\normal\00000154.wav,10.0,16000,160000,8,id_06,0,normal
D:\pump\id_06\normal\00000155.wav,10.0,16000,160000,8,id_06,0,normal
D:\pump\id_06\normal\00000156.wav,10.0,16000,160000,8,id_06,0,normal
D:\pump\id_06\normal\00000157.wav,10.0,16000,160000,8,id_06,0,normal
D:\pump\id_06\normal\00000158.wav,10.0,16000,160000,8,id_06,0,normal
D:\pump\id_06\normal\00000159.wav,10.0,16000,160000,8,id_06,0,normal
D:\pump\id_06\normal\00000160.wav,10.0,16000,160000,8,id_06,0,normal
D:\pump\id_06\normal\00000161.wav,10.0,16000,160000,8,id_06,0,normal
D:\pump\id_06\normal\00000162.wav,10.0,16000,160000,8,id_06,0,normal
D:\pump\id_06\normal\00000163.wav,10.0,16000,160000,8,id_06,0,normal
D:\pump\id_06\normal\00000164.wav,10.0,16000,160000,8,id_06,0,normal
D:\pump\id_06\normal\00000165.wav,10.0,16000,160000,8,id_06,0,normal
D:\pump\id_06\normal\00000166.wav,10.0,16000,160000,8,id_06,0,normal
D:\pump\id_06\normal\00000167.wav,10.0,16000,160000,8,id_06,0,normal
D:\pump\id_06\normal\00000168.wav,10.0,16000,160000,8,id_06,0,normal
D:\pump\id_06\normal\00000169.wav,10.0,16000,160000,8,id_06,0,normal
D:\pump\id_06\normal\00000170.wav,10.0,16000,160000,8,id_06,0,normal
D:\pump\id_06\normal\00000171.wav,10.0,16000,160000,8,id_06,0,normal
D:\pump\id_06\normal\00000172.wav,10.0,16000,160000,8,id_06,0,normal
D:\pump\id_06\normal\00000173.wav,10.0,16000,160000,8,id_06,0,normal
D:\pump\id_06\normal\00000174.wav,10.0,16000,160000,8,id_06,0,normal
D:\pump\id_06\normal\00000175.wav,10.0,16000,160000,8,id_06,0,normal
D:\pump\id_06\normal\00000176.wav,10.0,16000,160000,8,id_06,0,normal
D:\pump\id_06\normal\00000177.wav,10.0,16000,160000,8,id_06,0,normal
D:\pump\id_06\normal\00000178.wav,10.0,16000,160000,8,id_06,0,normal
D:\pump\id_06\normal\00000179.wav,10.0,16000,160000,8,id_06,0,normal
D:\pump\id_06\normal\00000180.wav,10.0,16000,160000,8,id_06,0,normal
D:\pump\id_06\normal\00000181.wav,10.0,16000,160000,8,id_06,0,normal
D:\pump\id_06\normal\00000182.wav,10.0,16000,160000,8,id_06,0,normal
D:\pump\id_06\normal\00000183.wav,10.0,16000,160000,8,id_06,0,normal
D:\pump\id_06\normal\00000184.wav,10.0,16000,160000,8,id_06,0,normal
D:\pump\id_06\normal\00000185.wav,10.0,16000,160000,8,id_06,0,normal
D:\pump\id_06\normal\00000186.wav,10.0,16000,160000,8,id_06,0,normal
D:\pump\id_06\normal\00000187.wav,10.0,16000,160000,8,id_06,0,normal
D:\pump\id_06\normal\00000188.wav,10.0,16000,160000,8,id_06,0,normal
D:\pump\id_06\normal\00000189.wav,10.0,16000,160000,8,id_06,0,normal
D:\pump\id_06\normal\00000190.wav,10.0,16000,160000,8,id_06,0,normal
D:\pump\id_06\normal\00000191.wav,10.0,16000,160000,8,id_06,0,normal
D:\pump\id_06\normal\00000192.wav,10.0,16000,160000,8,id_06,0,normal
D:\pump\id_06\normal\00000193.wav,10.0,16000,160000,8,id_06,0,normal
D:\pump\id_06\normal\00000194.wav,10.0,16000,160000,8,id_06,0,normal
D:\pump\id_06\normal\00000195.wav,10.0,16000,160000,8,id_06,0,normal
D:\pump\id_06\normal\00000196.wav,10.0,16000,160000,8,id_06,0,normal
D:\pump\id_06\normal\00000197.wav,10.0,16000,160000,8,id_06,0,normal
D:\pump\id_06\normal\00000198.wav,10.0,16000,160000,8,id_06,0,normal
D:\pump\id_06\normal\00000199.wav,10.0,16000,160000,8,id_06,0,normal
D:\pump\id_06\normal\00000200.wav,10.0,16000,160000,8,id_06,0,normal
D:\pump\id_06\normal\00000201.wav,10.0,16000,160000,8,id_06,0,normal
D:\pump\id_06\normal\00000202.wav,10.0,16000,160000,8,id_06,0,normal
D:\pump\id_06\normal\00000203.wav,10.0,16000,160000,8,id_06,0,normal
D:\pump\id_06\normal\00000204.wav,10.0,16000,160000,8,id_06,0,normal
D:\pump\id_06\normal\00000205.wav,10.0,16000,160000,8,id_06,0,normal
D:\pump\id_06\normal\00000206.wav,10.0,16000,160000,8,id_06,0,normal
D:\pump\id_06\normal\00000207.wav,10.0,16000,160000,8,id_06,0,normal
D:\pump\id_06\normal\00000208.wav,10.0,16000,160000,8,id_06,0,normal
D:\pump\id_06\normal\00000209.wav,10.0,16000,160000,8,id_06,0,normal
D:\pump\id_06\normal\00000210.wav,10.0,16000,160000,8,id_06,0,normal
D:\pump\id_06\normal\00000211.wav,10.0,16000,160000,8,id_06,0,normal
D:\pump\id_06\normal\00000212.wav,10.0,16000,160000,8,id_06,0,normal
D:\pump\id_06\normal\00000213.wav,10.0,16000,160000,8,id_06,0,normal
D:\pump\id_06\normal\00000214.wav,10.0,16000,160000,8,id_06,0,normal
D:\pump\id_06\normal\00000215.wav,10.0,16000,160000,8,id_06,0,normal
D:\pump\id_06\normal\00000216.wav,10.0,16000,160000,8,id_06,0,normal
D:\pump\id_06\normal\00000217.wav,10.0,16000,160000,8,id_06,0,normal
D:\pump\id_06\normal\00000218.wav,10.0,16000,160000,8,id_06,0,normal
D:\pump\id_06\normal\00000219.wav,10.0,16000,160000,8,id_06,0,normal
D:\pump\id_06\normal\00000220.wav,10.0,16000,160000,8,id_06,0,normal
D:\pump\id_06\normal\00000221.wav,10.0,16000,160000,8,id_06,0,normal
D:\pump\id_06\normal\00000222.wav,10.0,16000,160000,8,id_06,0,normal
D:\pump\id_06\normal\00000223.wav,10.0,16000,160000,8,id_06,0,normal
D:\pump\id_06\normal\00000224.wav,10.0,16000,160000,8,id_06,0,normal
D:\pump\id_06\normal\00000225.wav,10.0,16000,160000,8,id_06,0,normal
D:\pump\id_06\normal\00000226.wav,10.0,16000,160000,8,id_06,0,normal
D:\pump\id_06\normal\00000227.wav,10.0,16000,160000,8,id_06,0,normal
D:\pump\id_06\normal\00000228.wav,10.0,16000,160000,8,id_06,0,normal
D:\pump\id_06\normal\00000229.wav,10.0,16000,160000,8,id_06,0,normal
D:\pump\id_06\normal\00000230.wav,10.0,16000,160000,8,id_06,0,normal
D:\pump\id_06\normal\00000231.wav,10.0,16000,160000,8,id_06,0,normal
D:\pump\id_06\normal\00000232.wav,10.0,16000,160000,8,id_06,0,normal
D:\pump\id_06\normal\00000233.wav,10.0,16000,160000,8,id_06,0,normal
D:\pump\id_06\normal\00000234.wav,10.0,16000,160000,8,id_06,0,normal
D:\pump\id_06\normal\00000235.wav,10.0,16000,160000,8,id_06,0,normal
D:\pump\id_06\normal\00000236.wav,10.0,16000,160000,8,id_06,0,normal
D:\pump\id_06\normal\00000237.wav,10.0,16000,160000,8,id_06,0,normal
D:\pump\id_06\normal\00000238.wav,10.0,16000,160000,8,id_06,0,normal
D:\pump\id_06\normal\00000239.wav,10.0,16000,160000,8,id_06,0,normal
D:\pump\id_06\normal\00000240.wav,10.0,16000,160000,8,id_06,0,normal
D:\pump\id_06\normal\00000241.wav,10.0,16000,160000,8,id_06,0,normal
D:\pump\id_06\normal\00000242.wav,10.0,16000,160000,8,id_06,0,normal
D:\pump\id_06\normal\00000243.wav,10.0,16000,160000,8,id_06,0,normal
D:\pump\id_06\normal\00000244.wav,10.0,16000,160000,8,id_06,0,normal
D:\pump\id_06\normal\00000245.wav,10.0,16000,160000,8,id_06,0,normal
D:\pump\id_06\normal\00000246.wav,10.0,16000,160000,8,id_06,0,normal
D:\pump\id_06\normal\00000247.wav,10.0,16000,160000,8,id_06,0,normal
D:\pump\id_06\normal\00000248.wav,10.0,16000,160000,8,id_06,0,normal
D:\pump\id_06\normal\00000249.wav,10.0,16000,160000,8,id_06,0,normal
D:\pump\id_06\normal\00000250.wav,10.0,16000,160000,8,id_06,0,normal
D:\pump\id_06\normal\00000251.wav,10.0,16000,160000,8,id_06,0,normal
D:\pump\id_06\normal\00000252.wav,10.0,16000,160000,8,id_06,0,normal
D:\pump\id_06\normal\00000253.wav,10.0,16000,160000,8,id_06,0,normal
D:\pump\id_06\normal\00000254.wav,10.0,16000,160000,8,id_06,0,normal
D:\pump\id_06\normal\00000255.wav,10.0,16000,160000,8,id_06,0,normal
D:\pump\id_06\normal\00000256.wav,10.0,16000,160000,8,id_06,0,normal
D:\pump\id_06\normal\00000257.wav,10.0,16000,160000,8,id_06,0,normal
D:\pump\id_06\normal\00000258.wav,10.0,16000,160000,8,id_06,0,normal
D:\pump\id_06\normal\00000259.wav,10.0,16000,160000,8,id_06,0,normal
D:\pump\id_06\normal\00000260.wav,10.0,16000,160000,8,id_06,0,normal
D:\pump\id_06\normal\00000261.wav,10.0,16000,160000,8,id_06,0,normal
D:\pump\id_06\normal\00000262.wav,10.0,16000,160000,8,id_06,0,normal
D:\pump\id_06\normal\00000263.wav,10.0,16000,160000,8,id_06,0,normal
D:\pump\id_06\normal\00000264.wav,10.0,16000,160000,8,id_06,0,normal
D:\pump\id_06\normal\00000265.wav,10.0,16000,160000,8,id_06,0,normal
D:\pump\id_06\normal\00000266.wav,10.0,16000,160000,8,id_06,0,normal
D:\pump\id_06\normal\00000267.wav,10.0,16000,160000,8,id_06,0,normal
D:\pump\id_06\normal\00000268.wav,10.0,16000,160000,8,id_06,0,normal
D:\pump\id_06\normal\00000269.wav,10.0,16000,160000,8,id_06,0,normal
D:\pump\id_06\normal\00000270.wav,10.0,16000,160000,8,id_06,0,normal
D:\pump\id_06\normal\00000271.wav,10.0,16000,160000,8,id_06,0,normal
D:\pump\id_06\normal\00000272.wav,10.0,16000,160000,8,id_06,0,normal
D:\pump\id_06\normal\00000273.wav,10.0,16000,160000,8,id_06,0,normal
D:\pump\id_06\normal\00000274.wav,10.0,16000,160000,8,id_06,0,normal
D:\pump\id_06\normal\00000275.wav,10.0,16000,160000,8,id_06,0,normal
D:\pump\id_06\normal\00000276.wav,10.0,16000,160000,8,id_06,0,normal
D:\pump\id_06\normal\00000277.wav,10.0,16000,160000,8,id_06,0,normal
D:\pump\id_06\normal\00000278.wav,10.0,16000,160000,8,id_06,0,normal
D:\pump\id_06\normal\00000279.wav,10.0,16000,160000,8,id_06,0,normal
D:\pump\id_06\normal\00000280.wav,10.0,16000,160000,8,id_06,0,normal
D:\pump\id_06\normal\00000281.wav,10.0,16000,160000,8,id_06,0,normal
D:\pump\id_06\normal\00000282.wav,10.0,16000,160000,8,id_06,0,normal
D:\pump\id_06\normal\00000283.wav,10.0,16000,160000,8,id_06,0,normal
D:\pump\id_06\normal\00000284.wav,10.0,16000,160000,8,id_06,0,normal
D:\pump\id_06\normal\00000285.wav,10.0,16000,160000,8,id_06,0,normal
D:\pump\id_06\normal\00000286.wav,10.0,16000,160000,8,id_06,0,normal
D:\pump\id_06\normal\00000287.wav,10.0,16000,160000,8,id_06,0,normal
D:\pump\id_06\normal\00000288.wav,10.0,16000,160000,8,id_06,0,normal
D:\pump\id_06\normal\00000289.wav,10.0,16000,160000,8,id_06,0,normal
D:\pump\id_06\normal\00000290.wav,10.0,16000,160000,8,id_06,0,normal
D:\pump\id_06\normal\00000291.wav,10.0,16000,160000,8,id_06,0,normal
D:\pump\id_06\normal\00000292.wav,10.0,16000,160000,8,id_06,0,normal
D:\pump\id_06\normal\00000293.wav,10.0,16000,160000,8,id_06,0,normal
D:\pump\id_06\normal\00000294.wav,10.0,16000,160000,8,id_06,0,normal
D:\pump\id_06\normal\00000295.wav,10.0,16000,160000,8,id_06,0,normal
D:\pump\id_06\normal\00000296.wav,10.0,16000,160000,8,id_06,0,normal
D:\pump\id_06\normal\00000297.wav,10.0,16000,160000,8,id_06,0,normal
D:\pump\id_06\normal\00000298.wav,10.0,16000,160000,8,id_06,0,normal
D:\pump\id_06\normal\00000299.wav,10.0,16000,160000,8,id_06,0,normal
D:\pump\id_06\normal\00000300.wav,10.0,16000,160000,8,id_06,0,normal
D:\pump\id_06\normal\00000301.wav,10.0,16000,160000,8,id_06,0,normal
D:\pump\id_06\normal\00000302.wav,10.0,16000,160000,8,id_06,0,normal
D:\pump\id_06\normal\00000303.wav,10.0,16000,160000,8,id_06,0,normal
D:\pump\id_06\normal\00000304.wav,10.0,16000,160000,8,id_06,0,normal
D:\pump\id_06\normal\00000305.wav,10.0,16000,160000,8,id_06,0,normal
D:\pump\id_06\normal\00000306.wav,10.0,16000,160000,8,id_06,0,normal
D:\pump\id_06\normal\00000307.wav,10.0,16000,160000,8,id_06,0,normal
D:\pump\id_06\normal\00000308.wav,10.0,16000,160000,8,id_06,0,normal
D:\pump\id_06\normal\00000309.wav,10.0,16000,160000,8,id_06,0,normal
D:\pump\id_06\normal\00000310.wav,10.0,16000,160000,8,id_06,0,normal
D:\pump\id_06\normal\00000311.wav,10.0,16000,160000,8,id_06,0,normal
D:\pump\id_06\normal\00000312.wav,10.0,16000,160000,8,id_06,0,normal
D:\pump\id_06\normal\00000313.wav,10.0,16000,160000,8,id_06,0,normal
D:\pump\id_06\normal\00000314.wav,10.0,16000,160000,8,id_06,0,normal
D:\pump\id_06\normal\00000315.wav,10.0,16000,160000,8,id_06,0,normal
D:\pump\id_06\normal\00000316.wav,10.0,16000,160000,8,id_06,0,normal
D:\pump\id_06\normal\00000317.wav,10.0,16000,160000,8,id_06,0,normal
D:\pump\id_06\normal\00000318.wav,10.0,16000,160000,8,id_06,0,normal
D:\pump\id_06\normal\00000319.wav,10.0,16000,160000,8,id_06,0,normal
D:\pump\id_06\normal\00000320.wav,10.0,16000,160000,8,id_06,0,normal
D:\pump\id_06\normal\00000321.wav,10.0,16000,160000,8,id_06,0,normal
D:\pump\id_06\normal\00000322.wav,10.0,16000,160000,8,id_06,0,normal
D:\pump\id_06\normal\00000323.wav,10.0,16000,160000,8,id_06,0,normal
D:\pump\id_06\normal\00000324.wav,10.0,16000,160000,8,id_06,0,normal
D:\pump\id_06\normal\00000325.wav,10.0,16000,160000,8,id_06,0,normal
D:\pump\id_06\normal\00000326.wav,10.0,16000,160000,8,id_06,0,normal
D:\pump\id_06\normal\00000327.wav,10.0,16000,160000,8,id_06,0,normal
D:\pump\id_06\normal\00000328.wav,10.0,16000,160000,8,id_06,0,normal
D:\pump\id_06\normal\00000329.wav,10.0,16000,160000,8,id_06,0,normal
D:\pump\id_06\normal\00000330.wav,10.0,16000,160000,8,id_06,0,normal
D:\pump\id_06\normal\00000331.wav,10.0,16000,160000,8,id_06,0,normal
D:\pump\id_06\normal\00000332.wav,10.0,16000,160000,8,id_06,0,normal
D:\pump\id_06\normal\00000333.wav,10.0,16000,160000,8,id_06,0,normal
D:\pump\id_06\normal\00000334.wav,10.0,16000,160000,8,id_06,0,normal
D:\pump\id_06\normal\00000335.wav,10.0,16000,160000,8,id_06,0,normal
D:\pump\id_06\normal\00000336.wav,10.0,16000,160000,8,id_06,0,normal
D:\pump\id_06\normal\00000337.wav,10.0,16000,160000,8,id_06,0,normal
D:\pump\id_06\normal\00000338.wav,10.0,16000,160000,8,id_06,0,normal
D:\pump\id_06\normal\00000339.wav,10.0,16000,160000,8,id_06,0,normal
D:\pump\id_06\normal\00000340.wav,10.0,16000,160000,8,id_06,0,normal
D:\pump\id_06\normal\00000341.wav,10.0,16000,160000,8,id_06,0,normal
D:\pump\id_06\normal\00000342.wav,10.0,16000,160000,8,id_06,0,normal
D:\pump\id_06\normal\00000343.wav,10.0,16000,160000,8,id_06,0,normal
D:\pump\id_06\normal\00000344.wav,10.0,16000,160000,8,id_06,0,normal
D:\pump\id_06\normal\00000345.wav,10.0,16000,160000,8,id_06,0,normal
D:\pump\id_06\normal\00000346.wav,10.0,16000,160000,8,id_06,0,normal
D:\pump\id_06\normal\00000347.wav,10.0,16000,160000,8,id_06,0,normal
D:\pump\id_06\normal\00000348.wav,10.0,16000,160000,8,id_06,0,normal
D:\pump\id_06\normal\00000349.wav,10.0,16000,160000,8,id_06,0,normal
D:\pump\id_06\normal\00000350.wav,10.0,16000,160000,8,id_06,0,normal
D:\pump\id_06\normal\00000351.wav,10.0,16000,160000,8,id_06,0,normal
D:\pump\id_06\normal\00000352.wav,10.0,16000,160000,8,id_06,0,normal
D:\pump\id_06\normal\00000353.wav,10.0,16000,160000,8,id_06,0,normal
D:\pump\id_06\normal\00000354.wav,10.0,16000,160000,8,id_06,0,normal
D:\pump\id_06\normal\00000355.wav,10.0,16000,160000,8,id_06,0,normal
D:\pump\id_06\normal\00000356.wav,10.0,16000,160000,8,id_06,0,normal
D:\pump\id_06\normal\00000357.wav,10.0,16000,160000,8,id_06,0,normal
D:\pump\id_06\normal\00000358.wav,10.0,16000,160000,8,id_06,0,normal
D:\pump\id_06\normal\00000359.wav,10.0,16000,160000,8,id_06,0,normal
D:\pump\id_06\normal\00000360.wav,10.0,16000,160000,8,id_06,0,normal
D:\pump\id_06\normal\00000361.wav,10.0,16000,160000,8,id_06,0,normal
D:\pump\id_06\normal\00000362.wav,10.0,16000,160000,8,id_06,0,normal
D:\pump\id_06\normal\00000363.wav,10.0,16000,160000,8,id_06,0,normal
D:\pump\id_06\normal\00000364.wav,10.0,16000,160000,8,id_06,0,normal
D:\pump\id_06\normal\00000365.wav,10.0,16000,160000,8,id_06,0,normal
D:\pump\id_06\normal\00000366.wav,10.0,16000,160000,8,id_06,0,normal
D:\pump\id_06\normal\00000367.wav,10.0,16000,160000,8,id_06,0,normal
D:\pump\id_06\normal\00000368.wav,10.0,16000,160000,8,id_06,0,normal
D:\pump\id_06\normal\00000369.wav,10.0,16000,160000,8,id_06,0,normal
D:\pump\id_06\normal\00000370.wav,10.0,16000,160000,8,id_06,0,normal
D:\pump\id_06\normal\00000371.wav,10.0,16000,160000,8,id_06,0,normal
D:\pump\id_06\normal\00000372.wav,10.0,16000,160000,8,id_06,0,normal
D:\pump\id_06\normal\00000373.wav,10.0,16000,160000,8,id_06,0,normal
D:\pump\id_06\normal\00000374.wav,10.0,16000,160000,8,id_06,0,normal
D:\pump\id_06\normal\00000375.wav,10.0,16000,160000,8,id_06,0,normal
D:\pump\id_06\normal\00000376.wav,10.0,16000,160000,8,id_06,0,normal
D:\pump\id_06\normal\00000377.wav,10.0,16000,160000,8,id_06,0,normal
D:\pump\id_06\normal\00000378.wav,10.0,16000,160000,8,id_06,0,normal
D:\pump\id_06\normal\00000379.wav,10.0,16000,160000,8,id_06,0,normal
D:\pump\id_06\normal\00000380.wav,10.0,16000,160000,8,id_06,0,normal
D:\pump\id_06\normal\00000381.wav,10.0,16000,160000,8,id_06,0,normal
D:\pump\id_06\normal\00000382.wav,10.0,16000,160000,8,id_06,0,normal
D:\pump\id_06\normal\00000383.wav,10.0,16000,160000,8,id_06,0,normal
D:\pump\id_06\normal\00000384.wav,10.0,16000,160000,8,id_06,0,normal
D:\pump\id_06\normal\00000385.wav,10.0,16000,160000,8,id_06,0,normal
D:\pump\id_06\normal\00000386.wav,10.0,16000,160000,8,id_06,0,normal
D:\pump\id_06\normal\00000387.wav,10.0,16000,160000,8,id_06,0,normal
D:\pump\id_06\normal\00000388.wav,10.0,16000,160000,8,id_06,0,normal
D:\pump\id_06\normal\00000389.wav,10.0,16000,160000,8,id_06,0,normal
D:\pump\id_06\normal\00000390.wav,10.0,16000,160000,8,id_06,0,normal
D:\pump\id_06\normal\00000391.wav,10.0,16000,160000,8,id_06,0,normal
D:\pump\id_06\normal\00000392.wav,10.0,16000,160000,8,id_06,0,normal
D:\pump\id_06\normal\00000393.wav,10.0,16000,160000,8,id_06,0,normal
D:\pump\id_06\normal\00000394.wav,10.0,16000,160000,8,id_06,0,normal
D:\pump\id_06\normal\00000395.wav,10.0,16000,160000,8,id_06,0,normal
D:\pump\id_06\normal\00000396.wav,10.0,16000,160000,8,id_06,0,normal
D:\pump\id_06\normal\00000397.wav,10.0,16000,160000,8,id_06,0,normal
D:\pump\id_06\normal\00000398.wav,10.0,16000,160000,8,id_06,0,normal
D:\pump\id_06\normal\00000399.wav,10.0,16000,160000,8,id_06,0,normal
D:\pump\id_06\normal\00000400.wav,10.0,16000,160000,8,id_06,0,normal
D:\pump\id_06\normal\00000401.wav,10.0,16000,160000,8,id_06,0,normal
D:\pump\id_06\normal\00000402.wav,10.0,16000,160000,8,id_06,0,normal
D:\pump\id_06\normal\00000403.wav,10.0,16000,160000,8,id_06,0,normal
D:\pump\id_06\normal\00000404.wav,10.0,16000,160000,8,id_06,0,normal
D:\pump\id_06\normal\00000405.wav,10.0,16000,160000,8,id_06,0,normal
D:\pump\id_06\normal\00000406.wav,10.0,16000,160000,8,id_06,0,normal
D:\pump\id_06\normal\00000407.wav,10.0,16000,160000,8,id_06,0,normal
D:\pump\id_06\normal\00000408.wav,10.0,16000,160000,8,id_06,0,normal
D:\pump\id_06\normal\00000409.wav,10.0,16000,160000,8,id_06,0,normal
D:\pump\id_06\normal\00000410.wav,10.0,16000,160000,8,id_06,0,normal
D:\pump\id_06\normal\00000411.wav,10.0,16000,160000,8,id_06,0,normal
D:\pump\id_06\normal\00000412.wav,10.0,16000,160000,8,id_06,0,normal
D:\pump\id_06\normal\00000413.wav,10.0,16000,160000,8,id_06,0,normal
D:\pump\id_06\normal\00000414.wav,10.0,16000,160000,8,id_06,0,normal
D:\pump\id_06\normal\00000415.wav,10.0,16000,160000,8,id_06,0,normal
D:\pump\id_06\normal\00000416.wav,10.0,16000,160000,8,id_06,0,normal
D:\pump\id_06\normal\00000417.wav,10.0,16000,160000,8,id_06,0,normal
D:\pump\id_06\normal\00000418.wav,10.0,16000,160000,8,id_06,0,normal
D:\pump\id_06\normal\00000419.wav,10.0,16000,160000,8,id_06,0,normal
D:\pump\id_06\normal\00000420.wav,10.0,16000,160000,8,id_06,0,normal
D:\pump\id_06\normal\00000421.wav,10.0,16000,160000,8,id_06,0,normal
D:\pump\id_06\normal\00000422.wav,10.0,16000,160000,8,id_06,0,normal
D:\pump\id_06\normal\00000423.wav,10.0,16000,160000,8,id_06,0,normal
D:\pump\id_06\normal\00000424.wav,10.0,16000,160000,8,id_06,0,normal
D:\pump\id_06\normal\00000425.wav,10.0,16000,160000,8,id_06,0,normal
D:\pump\id_06\normal\00000426.wav,10.0,16000,160000,8,id_06,0,normal
D:\pump\id_06\normal\00000427.wav,10.0,16000,160000,8,id_06,0,normal
D:\pump\id_06\normal\00000428.wav,10.0,16000,160000,8,id_06,0,normal
D:\pump\id_06\normal\00000429.wav,10.0,16000,160000,8,id_06,0,normal
D:\pump\id_06\normal\00000430.wav,10.0,16000,160000,8,id_06,0,normal
D:\pump\id_06\normal\00000431.wav,10.0,16000,160000,8,id_06,0,normal
D:\pump\id_06\normal\00000432.wav,10.0,16000,160000,8,id_06,0,normal
D:\pump\id_06\normal\00000433.wav,10.0,16000,160000,8,id_06,0,normal
D:\pump\id_06\normal\00000434.wav,10.0,16000,160000,8,id_06,0,normal
D:\pump\id_06\normal\00000435.wav,10.0,16000,160000,8,id_06,0,normal
D:\pump\id_06\normal\00000436.wav,10.0,16000,160000,8,id_06,0,normal
D:\pump\id_06\normal\00000437.wav,10.0,16000,160000,8,id_06,0,normal
D:\pump\id_06\normal\00000438.wav,10.0,16000,160000,8,id_06,0,normal
D:\pump\id_06\normal\00000439.wav,10.0,16000,160000,8,id_06,0,normal
D:\pump\id_06\normal\00000440.wav,10.0,16000,160000,8,id_06,0,normal
D:\pump\id_06\normal\00000441.wav,10.0,16000,160000,8,id_06,0,normal
D:\pump\id_06\normal\00000442.wav,10.0,16000,160000,8,id_06,0,normal
D:\pump\id_06\normal\00000443.wav,10.0,16000,160000,8,id_06,0,normal
D:\pump\id_06\normal\00000444.wav,10.0,16000,160000,8,id_06,0,normal
D:\pump\id_06\normal\00000445.wav,10.0,16000,160000,8,id_06,0,normal
D:\pump\id_06\normal\00000446.wav,10.0,16000,160000,8,id_06,0,normal
D:\pump\id_06\normal\00000447.wav,10.0,16000,160000,8,id_06,0,normal
D:\pump\id_06\normal\00000448.wav,10.0,16000,160000,8,id_06,0,normal
D:\pump\id_06\normal\00000449.wav,10.0,16000,160000,8,id_06,0,normal
D:\pump\id_06\normal\00000450.wav,10.0,16000,160000,8,id_06,0,normal
D:\pump\id_06\normal\00000451.wav,10.0,16000,160000,8,id_06,0,normal
D:\pump\id_06\normal\00000452.wav,10.0,16000,160000,8,id_06,0,normal
D:\pump\id_06\normal\00000453.wav,10.0,16000,160000,8,id_06,0,normal
D:\pump\id_06\normal\00000454.wav,10.0,16000,160000,8,id_06,0,normal
D:\pump\id_06\normal\00000455.wav,10.0,16000,160000,8,id_06,0,normal
D:\pump\id_06\normal\00000456.wav,10.0,16000,160000,8,id_06,0,normal
D:\pump\id_06\normal\00000457.wav,10.0,16000,160000,8,id_06,0,normal
D:\pump\id_06\normal\00000458.wav,10.0,16000,160000,8,id_06,0,normal
D:\pump\id_06\normal\00000459.wav,10.0,16000,160000,8,id_06,0,normal
D:\pump\id_06\normal\00000460.wav,10.0,16000,160000,8,id_06,0,normal
D:\pump\id_06\normal\00000461.wav,10.0,16000,160000,8,id_06,0,normal
D:\pump\id_06\normal\00000462.wav,10.0,16000,160000,8,id_06,0,normal
D:\pump\id_06\normal\00000463.wav,10.0,16000,160000,8,id_06,0,normal
D:\pump\id_06\normal\00000464.wav,10.0,16000,160000,8,id_06,0,normal
D:\pump\id_06\normal\00000465.wav,10.0,16000,160000,8,id_06,0,normal
D:\pump\id_06\normal\00000466.wav,10.0,16000,160000,8,id_06,0,normal
D:\pump\id_06\normal\00000467.wav,10.0,16000,160000,8,id_06,0,normal
D:\pump\id_06\normal\00000468.wav,10.0,16000,160000,8,id_06,0,normal
D:\pump\id_06\normal\00000469.wav,10.0,16000,160000,8,id_06,0,normal
D:\pump\id_06\normal\00000470.wav,10.0,16000,160000,8,id_06,0,normal
D:\pump\id_06\normal\00000471.wav,10.0,16000,160000,8,id_06,0,normal
D:\pump\id_06\normal\00000472.wav,10.0,16000,160000,8,id_06,0,normal
D:\pump\id_06\normal\00000473.wav,10.0,16000,160000,8,id_06,0,normal
D:\pump\id_06\normal\00000474.wav,10.0,16000,160000,8,id_06,0,normal
D:\pump\id_06\normal\00000475.wav,10.0,16000,160000,8,id_06,0,normal
D:\pump\id_06\normal\00000476.wav,10.0,16000,160000,8,id_06,0,normal
D:\pump\id_06\normal\00000477.wav,10.0,16000,160000,8,id_06,0,normal
D:\pump\id_06\normal\00000478.wav,10.0,16000,160000,8,id_06,0,normal
D:\pump\id_06\normal\00000479.wav,10.0,16000,160000,8,id_06,0,normal
D:\pump\id_06\normal\00000480.wav,10.0,16000,160000,8,id_06,0,normal
D:\pump\id_06\normal\00000481.wav,10.0,16000,160000,8,id_06,0,normal
D:\pump\id_06\normal\00000482.wav,10.0,16000,160000,8,id_06,0,normal
D:\pump\id_06\normal\00000483.wav,10.0,16000,160000,8,id_06,0,normal
D:\pump\id_06\normal\00000484.wav,10.0,16000,160000,8,id_06,0,normal
D:\pump\id_06\normal\00000485.wav,10.0,16000,160000,8,id_06,0,normal
D:\pump\id_06\normal\00000486.wav,10.0,16000,160000,8,id_06,0,normal
D:\pump\id_06\normal\00000487.wav,10.0,16000,160000,8,id_06,0,normal
D:\pump\id_06\normal\00000488.wav,10.0,16000,160000,8,id_06,0,normal
D:\pump\id_06\normal\00000489.wav,10.0,16000,160000,8,id_06,0,normal
D:\pump\id_06\normal\00000490.wav,10.0,16000,160000,8,id_06,0,normal
D:\pump\id_06\normal\00000491.wav,10.0,16000,160000,8,id_06,0,normal
D:\pump\id_06\normal\00000492.wav,10.0,16000,160000,8,id_06,0,normal
D:\pump\id_06\normal\00000493.wav,10.0,16000,160000,8,id_06,0,normal
D:\pump\id_06\normal\00000494.wav,10.0,16000,160000,8,id_06,0,normal
D:\pump\id_06\normal\00000495.wav,10.0,16000,160000,8,id_06,0,normal
D:\pump\id_06\normal\00000496.wav,10.0,16000,160000,8,id_06,0,normal
D:\pump\id_06\normal\00000497.wav,10.0,16000,160000,8,id_06,0,normal
D:\pump\id_06\normal\00000498.wav,10.0,16000,160000,8,id_06,0,normal
D:\pump\id_06\normal\00000499.wav,10.0,16000,160000,8,id_06,0,normal
D:\pump\id_06\normal\00000500.wav,10.0,16000,160000,8,id_06,0,normal
D:\pump\id_06\normal\00000501.wav,10.0,16000,160000,8,id_06,0,normal
D:\pump\id_06\normal\00000502.wav,10.0,16000,160000,8,id_06,0,normal
D:\pump\id_06\normal\00000503.wav,10.0,16000,160000,8,id_06,0,normal
D:\pump\id_06\normal\00000504.wav,10.0,16000,160000,8,id_06,0,normal
D:\pump\id_06\normal\00000505.wav,10.0,16000,160000,8,id_06,0,normal
D:\pump\id_06\normal\00000506.wav,10.0,16000,160000,8,id_06,0,normal
D:\pump\id_06\normal\00000507.wav,10.0,16000,160000,8,id_06,0,normal
D:\pump\id_06\normal\00000508.wav,10.0,16000,160000,8,id_06,0,normal
D:\pump\id_06\normal\00000509.wav,10.0,16000,160000,8,id_06,0,normal
D:\pump\id_06\normal\00000510.wav,10.0,16000,160000,8,id_06,0,normal
D:\pump\id_06\normal\00000511.wav,10.0,16000,160000,8,id_06,0,normal
D:\pump\id_06\normal\00000512.wav,10.0,16000,160000,8,id_06,0,normal
D:\pump\id_06\normal\00000513.wav,10.0,16000,160000,8,id_06,0,normal
D:\pump\id_06\normal\00000514.wav,10.0,16000,160000,8,id_06,0,normal
D:\pump\id_06\normal\00000515.wav,10.0,16000,160000,8,id_06,0,normal
D:\pump\id_06\normal\00000516.wav,10.0,16000,160000,8,id_06,0,normal
D:\pump\id_06\normal\00000517.wav,10.0,16000,160000,8,id_06,0,normal
D:\pump\id_06\normal\00000518.wav,10.0,16000,160000,8,id_06,0,normal
D:\pump\id_06\normal\00000519.wav,10.0,16000,160000,8,id_06,0,normal
D:\pump\id_06\normal\00000520.wav,10.0,16000,160000,8,id_06,0,normal
D:\pump\id_06\normal\00000521.wav,10.0,16000,160000,8,id_06,0,normal
D:\pump\id_06\normal\00000522.wav,10.0,16000,160000,8,id_06,0,normal
D:\pump\id_06\normal\00000523.wav,10.0,16000,160000,8,id_06,0,normal
D:\pump\id_06\normal\00000524.wav,10.0,16000,160000,8,id_06,0,normal
D:\pump\id_06\normal\00000525.wav,10.0,16000,160000,8,id_06,0,normal
D:\pump\id_06\normal\00000526.wav,10.0,16000,160000,8,id_06,0,normal
D:\pump\id_06\normal\00000527.wav,10.0,16000,160000,8,id_06,0,normal
D:\pump\id_06\normal\00000528.wav,10.0,16000,160000,8,id_06,0,normal
D:\pump\id_06\normal\00000529.wav,10.0,16000,160000,8,id_06,0,normal
D:\pump\id_06\normal\00000530.wav,10.0,16000,160000,8,id_06,0,normal
D:\pump\id_06\normal\00000531.wav,10.0,16000,160000,8,id_06,0,normal
D:\pump\id_06\normal\00000532.wav,10.0,16000,160000,8,id_06,0,normal
D:\pump\id_06\normal\00000533.wav,10.0,16000,160000,8,id_06,0,normal
D:\pump\id_06\normal\00000534.wav,10.0,16000,160000,8,id_06,0,normal
D:\pump\id_06\normal\00000535.wav,10.0,16000,160000,8,id_06,0,normal
D:\pump\id_06\normal\00000536.wav,10.0,16000,160000,8,id_06,0,normal
D:\pump\id_06\normal\00000537.wav,10.0,16000,160000,8,id_06,0,normal
D:\pump\id_06\normal\00000538.wav,10.0,16000,160000,8,id_06,0,normal
D:\pump\id_06\normal\00000539.wav,10.0,16000,160000,8,id_06,0,normal
D:\pump\id_06\normal\00000540.wav,10.0,16000,160000,8,id_06,0,normal
D:\pump\id_06\normal\00000541.wav,10.0,16000,160000,8,id_06,0,normal
D:\pump\id_06\normal\00000542.wav,10.0,16000,160000,8,id_06,0,normal
D:\pump\id_06\normal\00000543.wav,10.0,16000,160000,8,id_06,0,normal
D:\pump\id_06\normal\00000544.wav,10.0,16000,160000,8,id_06,0,normal
D:\pump\id_06\normal\00000545.wav,10.0,16000,160000,8,id_06,0,normal
D:\pump\id_06\normal\00000546.wav,10.0,16000,160000,8,id_06,0,normal
D:\pump\id_06\normal\00000547.wav,10.0,16000,160000,8,id_06,0,normal
D:\pump\id_06\normal\00000548.wav,10.0,16000,160000,8,id_06,0,normal
D:\pump\id_06\normal\00000549.wav,10.0,16000,160000,8,id_06,0,normal
D:\pump\id_06\normal\00000550.wav,10.0,16000,160000,8,id_06,0,normal
D:\pump\id_06\normal\00000551.wav,10.0,16000,160000,8,id_06,0,normal
D:\pump\id_06\normal\00000552.wav,10.0,16000,160000,8,id_06,0,normal
D:\pump\id_06\normal\00000553.wav,10.0,16000,160000,8,id_06,0,normal
D:\pump\id_06\normal\00000554.wav,10.0,16000,160000,8,id_06,0,normal
D:\pump\id_06\normal\00000555.wav,10.0,16000,160000,8,id_06,0,normal
D:\pump\id_06\normal\00000556.wav,10.0,16000,160000,8,id_06,0,normal
D:\pump\id_06\normal\00000557.wav,10.0,16000,160000,8,id_06,0,normal
D:\pump\id_06\normal\00000558.wav,10.0,16000,160000,8,id_06,0,normal
D:\pump\id_06\normal\00000559.wav,10.0,16000,160000,8,id_06,0,normal
D:\pump\id_06\normal\00000560.wav,10.0,16000,160000,8,id_06,0,normal
D:\pump\id_06\normal\00000561.wav,10.0,16000,160000,8,id_06,0,normal
D:\pump\id_06\normal\00000562.wav,10.0,16000,160000,8,id_06,0,normal
D:\pump\id_06\normal\00000563.wav,10.0,16000,160000,8,id_06,0,normal
D:\pump\id_06\normal\00000564.wav,10.0,16000,160000,8,id_06,0,normal
D:\pump\id_06\normal\00000565.wav,10.0,16000,160000,8,id_06,0,normal
D:\pump\id_06\normal\00000566.wav,10.0,16000,160000,8,id_06,0,normal
D:\pump\id_06\normal\00000567.wav,10.0,16000,160000,8,id_06,0,normal
D:\pump\id_06\normal\00000568.wav,10.0,16000,160000,8,id_06,0,normal
D:\pump\id_06\normal\00000569.wav,10.0,16000,160000,8,id_06,0,normal
D:\pump\id_06\normal\00000570.wav,10.0,16000,160000,8,id_06,0,normal
D:\pump\id_06\normal\00000571.wav,10.0,16000,160000,8,id_06,0,normal
D:\pump\id_06\normal\00000572.wav,10.0,16000,160000,8,id_06,0,normal
D:\pump\id_06\normal\00000573.wav,10.0,16000,160000,8,id_06,0,normal
D:\pump\id_06\normal\00000574.wav,10.0,16000,160000,8,id_06,0,normal
D:\pump\id_06\normal\00000575.wav,10.0,16000,160000,8,id_06,0,normal
D:\pump\id_06\normal\00000576.wav,10.0,16000,160000,8,id_06,0,normal
D:\pump\id_06\normal\00000577.wav,10.0,16000,160000,8,id_06,0,normal
D:\pump\id_06\normal\00000578.wav,10.0,16000,160000,8,id_06,0,normal
D:\pump\id_06\normal\00000579.wav,10.0,16000,160000,8,id_06,0,normal
D:\pump\id_06\normal\00000580.wav,10.0,16000,160000,8,id_06,0,normal
D:\pump\id_06\normal\00000581.wav,10.0,16000,160000,8,id_06,0,normal
D:\pump\id_06\normal\00000582.wav,10.0,16000,160000,8,id_06,0,normal
D:\pump\id_06\normal\00000583.wav,10.0,16000,160000,8,id_06,0,normal
D:\pump\id_06\normal\00000584.wav,10.0,16000,160000,8,id_06,0,normal
D:\pump\id_06\normal\00000585.wav,10.0,16000,160000,8,id_06,0,normal
D:\pump\id_06\normal\00000586.wav,10.0,16000,160000,8,id_06,0,normal
D:\pump\id_06\normal\00000587.wav,10.0,16000,160000,8,id_06,0,normal
D:\pump\id_06\normal\00000588.wav,10.0,16000,160000,8,id_06,0,normal
D:\pump\id_06\normal\00000589.wav,10.0,16000,160000,8,id_06,0,normal
D:\pump\id_06\normal\00000590.wav,10.0,16000,160000,8,id_06,0,normal
D:\pump\id_06\normal\00000591.wav,10.0,16000,160000,8,id_06,0,normal
D:\pump\id_06\normal\00000592.wav,10.0,16000,160000,8,id_06,0,normal
D:\pump\id_06\normal\00000593.wav,10.0,16000,160000,8,id_06,0,normal
D:\pump\id_06\normal\00000594.wav,10.0,16000,160000,8,id_06,0,normal
D:\pump\id_06\normal\00000595.wav,10.0,16000,160000,8,id_06,0,normal
D:\pump\id_06\normal\00000596.wav,10.0,16000,160000,8,id_06,0,normal
D:\pump\id_06\normal\00000597.wav,10.0,16000,160000,8,id_06,0,normal
D:\pump\id_06\normal\00000598.wav,10.0,16000,160000,8,id_06,0,normal
D:\pump\id_06\normal\00000599.wav,10.0,16000,160000,8,id_06,0,normal
D:\pump\id_06\normal\00000600.wav,10.0,16000,160000,8,id_06,0,normal
D:\pump\id_06\normal\00000601.wav,10.0,16000,160000,8,id_06,0,normal
D:\pump\id_06\normal\00000602.wav,10.0,16000,160000,8,id_06,0,normal
D:\pump\id_06\normal\00000603.wav,10.0,16000,160000,8,id_06,0,normal
D:\pump\id_06\normal\00000604.wav,10.0,16000,160000,8,id_06,0,normal
D:\pump\id_06\normal\00000605.wav,10.0,16000,160000,8,id_06,0,normal
D:\pump\id_06\normal\00000606.wav,10.0,16000,160000,8,id_06,0,normal
D:\pump\id_06\normal\00000607.wav,10.0,16000,160000,8,id_06,0,normal
D:\pump\id_06\normal\00000608.wav,10.0,16000,160000,8,id_06,0,normal
D:\pump\id_06\normal\00000609.wav,10.0,16000,160000,8,id_06,0,normal
D:\pump\id_06\normal\00000610.wav,10.0,16000,160000,8,id_06,0,normal
D:\pump\id_06\normal\00000611.wav,10.0,16000,160000,8,id_06,0,normal
D:\pump\id_06\normal\00000612.wav,10.0,16000,160000,8,id_06,0,normal
D:\pump\id_06\normal\00000613.wav,10.0,16000,160000,8,id_06,0,normal
D:\pump\id_06\normal\00000614.wav,10.0,16000,160000,8,id_06,0,normal
D:\pump\id_06\normal\00000615.wav,10.0,16000,160000,8,id_06,0,normal
D:\pump\id_06\normal\00000616.wav,10.0,16000,160000,8,id_06,0,normal
D:\pump\id_06\normal\00000617.wav,10.0,16000,160000,8,id_06,0,normal
D:\pump\id_06\normal\00000618.wav,10.0,16000,160000,8,id_06,0,normal
D:\pump\id_06\normal\00000619.wav,10.0,16000,160000,8,id_06,0,normal
D:\pump\id_06\normal\00000620.wav,10.0,16000,160000,8,id_06,0,normal
D:\pump\id_06\normal\00000621.wav,10.0,16000,160000,8,id_06,0,normal
D:\pump\id_06\normal\00000622.wav,10.0,16000,160000,8,id_06,0,normal
D:\pump\id_06\normal\00000623.wav,10.0,16000,160000,8,id_06,0,normal
D:\pump\id_06\normal\00000624.wav,10.0,16000,160000,8,id_06,0,normal
D:\pump\id_06\normal\00000625.wav,10.0,16000,160000,8,id_06,0,normal
D:\pump\id_06\normal\00000626.wav,10.0,16000,160000,8,id_06,0,normal
D:\pump\id_06\normal\00000627.wav,10.0,16000,160000,8,id_06,0,normal
D:\pump\id_06\normal\00000628.wav,10.0,16000,160000,8,id_06,0,normal
D:\pump\id_06\normal\00000629.wav,10.0,16000,160000,8,id_06,0,normal
D:\pump\id_06\normal\00000630.wav,10.0,16000,160000,8,id_06,0,normal
D:\pump\id_06\normal\00000631.wav,10.0,16000,160000,8,id_06,0,normal
D:\pump\id_06\normal\00000632.wav,10.0,16000,160000,8,id_06,0,normal
D:\pump\id_06\normal\00000633.wav,10.0,16000,160000,8,id_06,0,normal
D:\pump\id_06\normal\00000634.wav,10.0,16000,160000,8,id_06,0,normal
D:\pump\id_06\normal\00000635.wav,10.0,16000,160000,8,id_06,0,normal
D:\pump\id_06\normal\00000636.wav,10.0,16000,160000,8,id_06,0,normal
D:\pump\id_06\normal\00000637.wav,10.0,16000,160000,8,id_06,0,normal
D:\pump\id_06\normal\00000638.wav,10.0,16000,160000,8,id_06,0,normal
D:\pump\id_06\normal\00000639.wav,10.0,16000,160000,8,id_06,0,normal
D:\pump\id_06\normal\00000640.wav,10.0,16000,160000,8,id_06,0,normal
D:\pump\id_06\normal\00000641.wav,10.0,16000,160000,8,id_06,0,normal
D:\pump\id_06\normal\00000642.wav,10.0,16000,160000,8,id_06,0,normal
D:\pump\id_06\normal\00000643.wav,10.0,16000,160000,8,id_06,0,normal
D:\pump\id_06\normal\00000644.wav,10.0,16000,160000,8,id_06,0,normal
D:\pump\id_06\normal\00000645.wav,10.0,16000,160000,8,id_06,0,normal
D:\pump\id_06\normal\00000646.wav,10.0,16000,160000,8,id_06,0,normal
D:\pump\id_06\normal\00000647.wav,10.0,16000,160000,8,id_06,0,normal
D:\pump\id_06\normal\00000648.wav,10.0,16000,160000,8,id_06,0,normal
D:\pump\id_06\normal\00000649.wav,10.0,16000,160000,8,id_06,0,normal
D:\pump\id_06\normal\00000650.wav,10.0,16000,160000,8,id_06,0,normal
D:\pump\id_06\normal\00000651.wav,10.0,16000,160000,8,id_06,0,normal
D:\pump\id_06\normal\00000652.wav,10.0,16000,160000,8,id_06,0,normal
D:\pump\id_06\normal\00000653.wav,10.0,16000,160000,8,id_06,0,normal
D:\pump\id_06\normal\00000654.wav,10.0,16000,160000,8,id_06,0,normal
D:\pump\id_06\normal\00000655.wav,10.0,16000,160000,8,id_06,0,normal
D:\pump\id_06\normal\00000656.wav,10.0,16000,160000,8,id_06,0,normal
D:\pump\id_06\normal\00000657.wav,10.0,16000,160000,8,id_06,0,normal
D:\pump\id_06\normal\00000658.wav,10.0,16000,160000,8,id_06,0,normal
D:\pump\id_06\normal\00000659.wav,10.0,16000,160000,8,id_06,0,normal
D:\pump\id_06\normal\00000660.wav,10.0,16000,160000,8,id_06,0,normal
D:\pump\id_06\normal\00000661.wav,10.0,16000,160000,8,id_06,0,normal
D:\pump\id_06\normal\00000662.wav,10.0,16000,160000,8,id_06,0,normal
D:\pump\id_06\normal\00000663.wav,10.0,16000,160000,8,id_06,0,normal
D:\pump\id_06\normal\00000664.wav,10.0,16000,160000,8,id_06,0,normal
D:\pump\id_06\normal\00000665.wav,10.0,16000,160000,8,id_06,0,normal
D:\pump\id_06\normal\00000666.wav,10.0,16000,160000,8,id_06,0,normal
D:\pump\id_06\normal\00000667.wav,10.0,16000,160000,8,id_06,0,normal
D:\pump\id_06\normal\00000668.wav,10.0,16000,160000,8,id_06,0,normal
D:\pump\id_06\normal\00000669.wav,10.0,16000,160000,8,id_06,0,normal
D:\pump\id_06\normal\00000670.wav,10.0,16000,160000,8,id_06,0,normal
D:\pump\id_06\normal\00000671.wav,10.0,16000,160000,8,id_06,0,normal
D:\pump\id_06\normal\00000672.wav,10.0,16000,160000,8,id_06,0,normal
D:\pump\id_06\normal\00000673.wav,10.0,16000,160000,8,id_06,0,normal
D:\pump\id_06\normal\00000674.wav,10.0,16000,160000,8,id_06,0,normal
D:\pump\id_06\normal\00000675.wav,10.0,16000,160000,8,id_06,0,normal
D:\pump\id_06\normal\00000676.wav,10.0,16000,160000,8,id_06,0,normal
D:\pump\id_06\normal\00000677.wav,10.0,16000,160000,8,id_06,0,normal
D:\pump\id_06\normal\00000678.wav,10.0,16000,160000,8,id_06,0,normal
D:\pump\id_06\normal\00000679.wav,10.0,16000,160000,8,id_06,0,normal
D:\pump\id_06\normal\00000680.wav,10.0,16000,160000,8,id_06,0,normal
D:\pump\id_06\normal\00000681.wav,10.0,16000,160000,8,id_06,0,normal
D:\pump\id_06\normal\00000682.wav,10.0,16000,160000,8,id_06,0,normal
D:\pump\id_06\normal\00000683.wav,10.0,16000,160000,8,id_06,0,normal
D:\pump\id_06\normal\00000684.wav,10.0,16000,160000,8,id_06,0,normal
D:\pump\id_06\normal\00000685.wav,10.0,16000,160000,8,id_06,0,normal
D:\pump\id_06\normal\00000686.wav,10.0,16000,160000,8,id_06,0,normal
D:\pump\id_06\normal\00000687.wav,10.0,16000,160000,8,id_06,0,normal
D:\pump\id_06\normal\00000688.wav,10.0,16000,160000,8,id_06,0,normal
D:\pump\id_06\normal\00000689.wav,10.0,16000,160000,8,id_06,0,normal
D:\pump\id_06\normal\00000690.wav,10.0,16000,160000,8,id_06,0,normal
D:\pump\id_06\normal\00000691.wav,10.0,16000,160000,8,id_06,0,normal
D:\pump\id_06\normal\00000692.wav,10.0,16000,160000,8,id_06,0,normal
D:\pump\id_06\normal\00000693.wav,10.0,16000,160000,8,id_06,0,normal
D:\pump\id_06\normal\00000694.wav,10.0,16000,160000,8,id_06,0,normal
D:\pump\id_06\normal\00000695.wav,10.0,16000,160000,8,id_06,0,normal
D:\pump\id_06\normal\00000696.wav,10.0,16000,160000,8,id_06,0,normal
D:\pump\id_06\normal\00000697.wav,10.0,16000,160000,8,id_06,0,normal
D:\pump\id_06\normal\00000698.wav,10.0,16000,160000,8,id_06,0,normal
D:\pump\id_06\normal\00000699.wav,10.0,16000,160000,8,id_06,0,normal
D:\pump\id_06\normal\00000700.wav,10.0,16000,160000,8,id_06,0,normal
D:\pump\id_06\normal\00000701.wav,10.0,16000,160000,8,id_06,0,normal
D:\pump\id_06\normal\00000702.wav,10.0,16000,160000,8,id_06,0,normal
D:\pump\id_06\normal\00000703.wav,10.0,16000,160000,8,id_06,0,normal
D:\pump\id_06\normal\00000704.wav,10.0,16000,160000,8,id_06,0,normal
D:\pump\id_06\normal\00000705.wav,10.0,16000,160000,8,id_06,0,normal
D:\pump\id_06\normal\00000706.wav,10.0,16000,160000,8,id_06,0,normal
D:\pump\id_06\normal\00000707.wav,10.0,16000,160000,8,id_06,0,normal
D:\pump\id_06\normal\00000708.wav,10.0,16000,160000,8,id_06,0,normal
D:\pump\id_06\normal\00000709.wav,10.0,16000,160000,8,id_06,0,normal
D:\pump\id_06\normal\00000710.wav,10.0,16000,160000,8,id_06,0,normal
D:\pump\id_06\normal\00000711.wav,10.0,16000,160000,8,id_06,0,normal
D:\pump\id_06\normal\00000712.wav,10.0,16000,160000,8,id_06,0,normal
D:\pump\id_06\normal\00000713.wav,10.0,16000,160000,8,id_06,0,normal
D:\pump\id_06\normal\00000714.wav,10.0,16000,160000,8,id_06,0,normal
D:\pump\id_06\normal\00000715.wav,10.0,16000,160000,8,id_06,0,normal
D:\pump\id_06\normal\00000716.wav,10.0,16000,160000,8,id_06,0,normal
D:\pump\id_06\normal\00000717.wav,10.0,16000,160000,8,id_06,0,normal
D:\pump\id_06\normal\00000718.wav,10.0,16000,160000,8,id_06,0,normal
D:\pump\id_06\normal\00000719.wav,10.0,16000,160000,8,id_06,0,normal
D:\pump\id_06\normal\00000720.wav,10.0,16000,160000,8,id_06,0,normal
D:\pump\id_06\normal\00000721.wav,10.0,16000,160000,8,id_06,0,normal
D:\pump\id_06\normal\00000722.wav,10.0,16000,160000,8,id_06,0,normal
D:\pump\id_06\normal\00000723.wav,10.0,16000,160000,8,id_06,0,normal
D:\pump\id_06\normal\00000724.wav,10.0,16000,160000,8,id_06,0,normal
D:\pump\id_06\normal\00000725.wav,10.0,16000,160000,8,id_06,0,normal
D:\pump\id_06\normal\00000726.wav,10.0,16000,160000,8,id_06,0,normal
D:\pump\id_06\normal\00000727.wav,10.0,16000,160000,8,id_06,0,normal
D:\pump\id_06\normal\00000728.wav,10.0,16000,160000,8,id_06,0,normal
D:\pump\id_06\normal\00000729.wav,10.0,16000,160000,8,id_06,0,normal
D:\pump\id_06\normal\00000730.wav,10.0,16000,160000,8,id_06,0,normal
D:\pump\id_06\normal\00000731.wav,10.0,16000,160000,8,id_06,0,normal
D:\pump\id_06\normal\00000732.wav,10.0,16000,160000,8,id_06,0,normal
D:\pump\id_06\normal\00000733.wav,10.0,16000,160000,8,id_06,0,normal
D:\pump\id_06\normal\00000734.wav,10.0,16000,160000,8,id_06,0,normal
D:\pump\id_06\normal\00000735.wav,10.0,16000,160000,8,id_06,0,normal
D:\pump\id_06\normal\00000736.wav,10.0,16000,160000,8,id_06,0,normal
D:\pump\id_06\normal\00000737.wav,10.0,16000,160000,8,id_06,0,normal
D:\pump\id_06\normal\00000738.wav,10.0,16000,160000,8,id_06,0,normal
D:\pump\id_06\normal\00000739.wav,10.0,16000,160000,8,id_06,0,normal
D:\pump\id_06\normal\00000740.wav,10.0,16000,160000,8,id_06,0,normal
D:\pump\id_06\normal\00000741.wav,10.0,16000,160000,8,id_06,0,normal
D:\pump\id_06\normal\00000742.wav,10.0,16000,160000,8,id_06,0,normal
D:\pump\id_06\normal\00000743.wav,10.0,16000,160000,8,id_06,0,normal
D:\pump\id_06\normal\00000744.wav,10.0,16000,160000,8,id_06,0,normal
D:\pump\id_06\normal\00000745.wav,10.0,16000,160000,8,id_06,0,normal
D:\pump\id_06\normal\00000746.wav,10.0,16000,160000,8,id_06,0,normal
D:\pump\id_06\normal\00000747.wav,10.0,16000,160000,8,id_06,0,normal
D:\pump\id_06\normal\00000748.wav,10.0,16000,160000,8,id_06,0,normal
D:\pump\id_06\normal\00000749.wav,10.0,16000,160000,8,id_06,0,normal
D:\pump\id_06\normal\00000750.wav,10.0,16000,160000,8,id_06,0,normal
D:\pump\id_06\normal\00000751.wav,10.0,16000,160000,8,id_06,0,normal
D:\pump\id_06\normal\00000752.wav,10.0,16000,160000,8,id_06,0,normal
D:\pump\id_06\normal\00000753.wav,10.0,16000,160000,8,id_06,0,normal
D:\pump\id_06\normal\00000754.wav,10.0,16000,160000,8,id_06,0,normal
D:\pump\id_06\normal\00000755.wav,10.0,16000,160000,8,id_06,0,normal
D:\pump\id_06\normal\00000756.wav,10.0,16000,160000,8,id_06,0,normal
D:\pump\id_06\normal\00000757.wav,10.0,16000,160000,8,id_06,0,normal
D:\pump\id_06\normal\00000758.wav,10.0,16000,160000,8,id_06,0,normal
D:\pump\id_06\normal\00000759.wav,10.0,16000,160000,8,id_06,0,normal
D:\pump\id_06\normal\00000760.wav,10.0,16000,160000,8,id_06,0,normal
D:\pump\id_06\normal\00000761.wav,10.0,16000,160000,8,id_06,0,normal
D:\pump\id_06\normal\00000762.wav,10.0,16000,160000,8,id_06,0,normal
D:\pump\id_06\normal\00000763.wav,10.0,16000,160000,8,id_06,0,normal
D:\pump\id_06\normal\00000764.wav,10.0,16000,160000,8,id_06,0,normal
D:\pump\id_06\normal\00000765.wav,10.0,16000,160000,8,id_06,0,normal
D:\pump\id_06\normal\00000766.wav,10.0,16000,160000,8,id_06,0,normal
D:\pump\id_06\normal\00000767.wav,10.0,16000,160000,8,id_06,0,normal
D:\pump\id_06\normal\00000768.wav,10.0,16000,160000,8,id_06,0,normal
D:\pump\id_06\normal\00000769.wav,10.0,16000,160000,8,id_06,0,normal
D:\pump\id_06\normal\00000770.wav,10.0,16000,160000,8,id_06,0,normal
D:\pump\id_06\normal\00000771.wav,10.0,16000,160000,8,id_06,0,normal
D:\pump\id_06\normal\00000772.wav,10.0,16000,160000,8,id_06,0,normal
D:\pump\id_06\normal\00000773.wav,10.0,16000,160000,8,id_06,0,normal
D:\pump\id_06\normal\00000774.wav,10.0,16000,160000,8,id_06,0,normal
D:\pump\id_06\normal\00000775.wav,10.0,16000,160000,8,id_06,0,normal
D:\pump\id_06\normal\00000776.wav,10.0,16000,160000,8,id_06,0,normal
D:\pump\id_06\normal\00000777.wav,10.0,16000,160000,8,id_06,0,normal
D:\pump\id_06\normal\00000778.wav,10.0,16000,160000,8,id_06,0,normal
D:\pump\id_06\normal\00000779.wav,10.0,16000,160000,8,id_06,0,normal
D:\pump\id_06\normal\00000780.wav,10.0,16000,160000,8,id_06,0,normal
D:\pump\id_06\normal\00000781.wav,10.0,16000,160000,8,id_06,0,normal
D:\pump\id_06\normal\00000782.wav,10.0,16000,160000,8,id_06,0,normal
D:\pump\id_06\normal\00000783.wav,10.0,16000,160000,8,id_06,0,normal
D:\pump\id_06\normal\00000784.wav,10.0,16000,160000,8,id_06,0,normal
D:\pump\id_06\normal\00000785.wav,10.0,16000,160000,8,id_06,0,normal
D:\pump\id_06\normal\00000786.wav,10.0,16000,160000,8,id_06,0,normal
D:\pump\id_06\normal\00000787.wav,10.0,16000,160000,8,id_06,0,normal
D:\pump\id_06\normal\00000788.wav,10.0,16000,160000,8,id_06,0,normal
D:\pump\id_06\normal\00000789.wav,10.0,16000,160000,8,id_06,0,normal
D:\pump\id_06\normal\00000790.wav,10.0,16000,160000,8,id_06,0,normal
D:\pump\id_06\normal\00000791.wav,10.0,16000,160000,8,id_06,0,normal
D:\pump\id_06\normal\00000792.wav,10.0,16000,160000,8,id_06,0,normal
D:\pump\id_06\normal\00000793.wav,10.0,16000,160000,8,id_06,0,normal
D:\pump\id_06\normal\00000794.wav,10.0,16000,160000,8,id_06,0,normal
D:\pump\id_06\normal\00000795.wav,10.0,16000,160000,8,id_06,0,normal
D:\pump\id_06\normal\00000796.wav,10.0,16000,160000,8,id_06,0,normal
D:\pump\id_06\normal\00000797.wav,10.0,16000,160000,8,id_06,0,normal
D:\pump\id_06\normal\00000798.wav,10.0,16000,160000,8,id_06,0,normal
D:\pump\id_06\normal\00000799.wav,10.0,16000,160000,8,id_06,0,normal
D:\pump\id_06\normal\00000800.wav,10.0,16000,160000,8,id_06,0,normal
D:\pump\id_06\normal\00000801.wav,10.0,16000,160000,8,id_06,0,normal
D:\pump\id_06\normal\00000802.wav,10.0,16000,160000,8,id_06,0,normal
D:\pump\id_06\normal\00000803.wav,10.0,16000,160000,8,id_06,0,normal
D:\pump\id_06\normal\00000804.wav,10.0,16000,160000,8,id_06,0,normal
D:\pump\id_06\normal\00000805.wav,10.0,16000,160000,8,id_06,0,normal
D:\pump\id_06\normal\00000806.wav,10.0,16000,160000,8,id_06,0,normal
D:\pump\id_06\normal\00000807.wav,10.0,16000,160000,8,id_06,0,normal
D:\pump\id_06\normal\00000808.wav,10.0,16000,160000,8,id_06,0,normal
D:\pump\id_06\normal\00000809.wav,10.0,16000,160000,8,id_06,0,normal
D:\pump\id_06\normal\00000810.wav,10.0,16000,160000,8,id_06,0,normal
D:\pump\id_06\normal\00000811.wav,10.0,16000,160000,8,id_06,0,normal
D:\pump\id_06\normal\00000812.wav,10.0,16000,160000,8,id_06,0,normal
D:\pump\id_06\normal\00000813.wav,10.0,16000,160000,8,id_06,0,normal
D:\pump\id_06\normal\00000814.wav,10.0,16000,160000,8,id_06,0,normal
D:\pump\id_06\normal\00000815.wav,10.0,16000,160000,8,id_06,0,normal
D:\pump\id_06\normal\00000816.wav,10.0,16000,160000,8,id_06,0,normal
D:\pump\id_06\normal\00000817.wav,10.0,16000,160000,8,id_06,0,normal
D:\pump\id_06\normal\00000818.wav,10.0,16000,160000,8,id_06,0,normal
D:\pump\id_06\normal\00000819.wav,10.0,16000,160000,8,id_06,0,normal
D:\pump\id_06\normal\00000820.wav,10.0,16000,160000,8,id_06,0,normal
D:\pump\id_06\normal\00000821.wav,10.0,16000,160000,8,id_06,0,normal
D:\pump\id_06\normal\00000822.wav,10.0,16000,160000,8,id_06,0,normal
D:\pump\id_06\normal\00000823.wav,10.0,16000,160000,8,id_06,0,normal
D:\pump\id_06\normal\00000824.wav,10.0,16000,160000,8,id_06,0,normal
D:\pump\id_06\normal\00000825.wav,10.0,16000,160000,8,id_06,0,normal
D:\pump\id_06\normal\00000826.wav,10.0,16000,160000,8,id_06,0,normal
D:\pump\id_06\normal\00000827.wav,10.0,16000,160000,8,id_06,0,normal
D:\pump\id_06\normal\00000828.wav,10.0,16000,160000,8,id_06,0,normal
D:\pump\id_06\normal\00000829.wav,10.0,16000,160000,8,id_06,0,normal
D:\pump\id_06\normal\00000830.wav,10.0,16000,160000,8,id_06,0,normal
D:\pump\id_06\normal\00000831.wav,10.0,16000,160000,8,id_06,0,normal
D:\pump\id_06\normal\00000832.wav,10.0,16000,160000,8,id_06,0,normal
D:\pump\id_06\normal\00000833.wav,10.0,16000,160000,8,id_06,0,normal
D:\pump\id_06\normal\00000834.wav,10.0,16000,160000,8,id_06,0,normal
D:\pump\id_06\normal\00000835.wav,10.0,16000,160000,8,id_06,0,normal
D:\pump\id_06\normal\00000836.wav,10.0,16000,160000,8,id_06,0,normal
D:\pump\id_06\normal\00000837.wav,10.0,16000,160000,8,id_06,0,normal
D:\pump\id_06\normal\00000838.wav,10.0,16000,160000,8,id_06,0,normal
D:\pump\id_06\normal\00000839.wav,10.0,16000,160000,8,id_06,0,normal
D:\pump\id_06\normal\00000840.wav,10.0,16000,160000,8,id_06,0,normal
D:\pump\id_06\normal\00000841.wav,10.0,16000,160000,8,id_06,0,normal
D:\pump\id_06\normal\00000842.wav,10.0,16000,160000,8,id_06,0,normal
D:\pump\id_06\normal\00000843.wav,10.0,16000,160000,8,id_06,0,normal
D:\pump\id_06\normal\00000844.wav,10.0,16000,160000,8,id_06,0,normal
D:\pump\id_06\normal\00000845.wav,10.0,16000,160000,8,id_06,0,normal
D:\pump\id_06\normal\00000846.wav,10.0,16000,160000,8,id_06,0,normal
D:\pump\id_06\normal\00000847.wav,10.0,16000,160000,8,id_06,0,normal
D:\pump\id_06\normal\00000848.wav,10.0,16000,160000,8,id_06,0,normal
D:\pump\id_06\normal\00000849.wav,10.0,16000,160000,8,id_06,0,normal
D:\pump\id_06\normal\00000850.wav,10.0,16000,160000,8,id_06,0,normal
D:\pump\id_06\normal\00000851.wav,10.0,16000,160000,8,id_06,0,normal
D:\pump\id_06\normal\00000852.wav,10.0,16000,160000,8,id_06,0,normal
D:\pump\id_06\normal\00000853.wav,10.0,16000,160000,8,id_06,0,normal
D:\pump\id_06\normal\00000854.wav,10.0,16000,160000,8,id_06,0,normal
D:\pump\id_06\normal\00000855.wav,10.0,16000,160000,8,id_06,0,normal
D:\pump\id_06\normal\00000856.wav,10.0,16000,160000,8,id_06,0,normal
D:\pump\id_06\normal\00000857.wav,10.0,16000,160000,8,id_06,0,normal
D:\pump\id_06\normal\00000858.wav,10.0,16000,160000,8,id_06,0,normal
D:\pump\id_06\normal\00000859.wav,10.0,16000,160000,8,id_06,0,normal
D:\pump\id_06\normal\00000860.wav,10.0,16000,160000,8,id_06,0,normal
D:\pump\id_06\normal\00000861.wav,10.0,16000,160000,8,id_06,0,normal
D:\pump\id_06\normal\00000862.wav,10.0,16000,160000,8,id_06,0,normal
D:\pump\id_06\normal\00000863.wav,10.0,16000,160000,8,id_06,0,normal
D:\pump\id_06\normal\00000864.wav,10.0,16000,160000,8,id_06,0,normal
D:\pump\id_06\normal\00000865.wav,10.0,16000,160000,8,id_06,0,normal
D:\pump\id_06\normal\00000866.wav,10.0,16000,160000,8,id_06,0,normal
D:\pump\id_06\normal\00000867.wav,10.0,16000,160000,8,id_06,0,normal
D:\pump\id_06\normal\00000868.wav,10.0,16000,160000,8,id_06,0,normal
D:\pump\id_06\normal\00000869.wav,10.0,16000,160000,8,id_06,0,normal
D:\pump\id_06\normal\00000870.wav,10.0,16000,160000,8,id_06,0,normal
D:\pump\id_06\normal\00000871.wav,10.0,16000,160000,8,id_06,0,normal
D:\pump\id_06\normal\00000872.wav,10.0,16000,160000,8,id_06,0,normal
D:\pump\id_06\normal\00000873.wav,10.0,16000,160000,8,id_06,0,normal
D:\pump\id_06\normal\00000874.wav,10.0,16000,160000,8,id_06,0,normal
D:\pump\id_06\normal\00000875.wav,10.0,16000,160000,8,id_06,0,normal
D:\pump\id_06\normal\00000876.wav,10.0,16000,160000,8,id_06,0,normal
D:\pump\id_06\normal\00000877.wav,10.0,16000,160000,8,id_06,0,normal
D:\pump\id_06\normal\00000878.wav,10.0,16000,160000,8,id_06,0,normal
D:\pump\id_06\normal\00000879.wav,10.0,16000,160000,8,id_06,0,normal
D:\pump\id_06\normal\00000880.wav,10.0,16000,160000,8,id_06,0,normal
D:\pump\id_06\normal\00000881.wav,10.0,16000,160000,8,id_06,0,normal
D:\pump\id_06\normal\00000882.wav,10.0,16000,160000,8,id_06,0,normal
D:\pump\id_06\normal\00000883.wav,10.0,16000,160000,8,id_06,0,normal
D:\pump\id_06\normal\00000884.wav,10.0,16000,160000,8,id_06,0,normal
D:\pump\id_06\normal\00000885.wav,10.0,16000,160000,8,id_06,0,normal
D:\pump\id_06\normal\00000886.wav,10.0,16000,160000,8,id_06,0,normal
D:\pump\id_06\normal\00000887.wav,10.0,16000,160000,8,id_06,0,normal
D:\pump\id_06\normal\00000888.wav,10.0,16000,160000,8,id_06,0,normal
D:\pump\id_06\normal\00000889.wav,10.0,16000,160000,8,id_06,0,normal
D:\pump\id_06\normal\00000890.wav,10.0,16000,160000,8,id_06,0,normal
D:\pump\id_06\normal\00000891.wav,10.0,16000,160000,8,id_06,0,normal
D:\pump\id_06\normal\00000892.wav,10.0,16000,160000,8,id_06,0,normal
D:\pump\id_06\normal\00000893.wav,10.0,16000,160000,8,id_06,0,normal
D:\pump\id_06\normal\00000894.wav,10.0,16000,160000,8,id_06,0,normal
D:\pump\id_06\normal\00000895.wav,10.0,16000,160000,8,id_06,0,normal
D:\pump\id_06\normal\00000896.wav,10.0,16000,160000,8,id_06,0,normal
D:\pump\id_06\normal\00000897.wav,10.0,16000,160000,8,id_06,0,normal
D:\pump\id_06\normal\00000898.wav,10.0,16000,160000,8,id_06,0,normal
D:\pump\id_06\normal\00000899.wav,10.0,16000,160000,8,id_06,0,normal
D:\pump\id_06\normal\00000900.wav,10.0,16000,160000,8,id_06,0,normal
D:\pump\id_06\normal\00000901.wav,10.0,16000,160000,8,id_06,0,normal
D:\pump\id_06\normal\00000902.wav,10.0,16000,160000,8,id_06,0,normal
D:\pump\id_06\normal\00000903.wav,10.0,16000,160000,8,id_06,0,normal
D:\pump\id_06\normal\00000904.wav,10.0,16000,160000,8,id_06,0,normal
D:\pump\id_06\normal\00000905.wav,10.0,16000,160000,8,id_06,0,normal
D:\pump\id_06\normal\00000906.wav,10.0,16000,160000,8,id_06,0,normal
D:\pump\id_06\normal\00000907.wav,10.0,16000,160000,8,id_06,0,normal
D:\pump\id_06\normal\00000908.wav,10.0,16000,160000,8,id_06,0,normal
D:\pump\id_06\normal\00000909.wav,10.0,16000,160000,8,id_06,0,normal
D:\pump\id_06\normal\00000910.wav,10.0,16000,160000,8,id_06,0,normal
D:\pump\id_06\normal\00000911.wav,10.0,16000,160000,8,id_06,0,normal
D:\pump\id_06\normal\00000912.wav,10.0,16000,160000,8,id_06,0,normal
D:\pump\id_06\normal\00000913.wav,10.0,16000,160000,8,id_06,0,normal
D:\pump\id_06\normal\00000914.wav,10.0,16000,160000,8,id_06,0,normal
D:\pump\id_06\normal\00000915.wav,10.0,16000,160000,8,id_06,0,normal
D:\pump\id_06\normal\00000916.wav,10.0,16000,160000,8,id_06,0,normal
D:\pump\id_06\normal\00000917.wav,10.0,16000,160000,8,id_06,0,normal
D:\pump\id_06\normal\00000918.wav,10.0,16000,160000,8,id_06,0,normal
D:\pump\id_06\normal\00000919.wav,10.0,16000,160000,8,id_06,0,normal
D:\pump\id_06\normal\00000920.wav,10.0,16000,160000,8,id_06,0,normal
D:\pump\id_06\normal\00000921.wav,10.0,16000,160000,8,id_06,0,normal
D:\pump\id_06\normal\00000922.wav,10.0,16000,160000,8,id_06,0,normal
D:\pump\id_06\normal\00000923.wav,10.0,16000,160000,8,id_06,0,normal
D:\pump\id_06\normal\00000924.wav,10.0,16000,160000,8,id_06,0,normal
D:\pump\id_06\normal\00000925.wav,10.0,16000,160000,8,id_06,0,normal
D:\pump\id_06\normal\00000926.wav,10.0,16000,160000,8,id_06,0,normal
D:\pump\id_06\normal\00000927.wav,10.0,16000,160000,8,id_06,0,normal
D:\pump\id_06\normal\00000928.wav,10.0,16000,160000,8,id_06,0,normal
D:\pump\id_06\normal\00000929.wav,10.0,16000,160000,8,id_06,0,normal
D:\pump\id_06\normal\00000930.wav,10.0,16000,160000,8,id_06,0,normal
D:\pump\id_06\normal\00000931.wav,10.0,16000,160000,8,id_06,0,normal
D:\pump\id_06\normal\00000932.wav,10.0,16000,160000,8,id_06,0,normal
D:\pump\id_06\normal\00000933.wav,10.0,16000,160000,8,id_06,0,normal
D:\pump\id_06\normal\00000934.wav,10.0,16000,160000,8,id_06,0,normal
D:\pump\id_06\normal\00000935.wav,10.0,16000,160000,8,id_06,0,normal
D:\pump\id_06\normal\00000936.wav,10.0,16000,160000,8,id_06,0,normal
D:\pump\id_06\normal\00000937.wav,10.0,16000,160000,8,id_06,0,normal
D:\pump\id_06\normal\00000938.wav,10.0,16000,160000,8,id_06,0,normal
D:\pump\id_06\normal\00000939.wav,10.0,16000,160000,8,id_06,0,normal
D:\pump\id_06\normal\00000940.wav,10.0,16000,160000,8,id_06,0,normal
D:\pump\id_06\normal\00000941.wav,10.0,16000,160000,8,id_06,0,normal
D:\pump\id_06\normal\00000942.wav,10.0,16000,160000,8,id_06,0,normal
D:\pump\id_06\normal\00000943.wav,10.0,16000,160000,8,id_06,0,normal
D:\pump\id_06\normal\00000944.wav,10.0,16000,160000,8,id_06,0,normal
D:\pump\id_06\normal\00000945.wav,10.0,16000,160000,8,id_06,0,normal
D:\pump\id_06\normal\00000946.wav,10.0,16000,160000,8,id_06,0,normal
D:\pump\id_06\normal\00000947.wav,10.0,16000,160000,8,id_06,0,normal
D:\pump\id_06\normal\00000948.wav,10.0,16000,160000,8,id_06,0,normal
D:\pump\id_06\normal\00000949.wav,10.0,16000,160000,8,id_06,0,normal
D:\pump\id_06\normal\00000950.wav,10.0,16000,160000,8,id_06,0,normal
D:\pump\id_06\normal\00000951.wav,10.0,16000,160000,8,id_06,0,normal
D:\pump\id_06\normal\00000952.wav,10.0,16000,160000,8,id_06,0,normal
D:\pump\id_06\normal\00000953.wav,10.0,16000,160000,8,id_06,0,normal
D:\pump\id_06\normal\00000954.wav,10.0,16000,160000,8,id_06,0,normal
D:\pump\id_06\normal\00000955.wav,10.0,16000,160000,8,id_06,0,normal
D:\pump\id_06\normal\00000956.wav,10.0,16000,160000,8,id_06,0,normal
D:\pump\id_06\normal\00000957.wav,10.0,16000,160000,8,id_06,0,normal
D:\pump\id_06\normal\00000958.wav,10.0,16000,160000,8,id_06,0,normal
D:\pump\id_06\normal\00000959.wav,10.0,16000,160000,8,id_06,0,normal
D:\pump\id_06\normal\00000960.wav,10.0,16000,160000,8,id_06,0,normal
D:\pump\id_06\normal\00000961.wav,10.0,16000,160000,8,id_06,0,normal
D:\pump\id_06\normal\00000962.wav,10.0,16000,160000,8,id_06,0,normal
D:\pump\id_06\normal\00000963.wav,10.0,16000,160000,8,id_06,0,normal
D:\pump\id_06\normal\00000964.wav,10.0,16000,160000,8,id_06,0,normal
D:\pump\id_06\normal\00000965.wav,10.0,16000,160000,8,id_06,0,normal
D:\pump\id_06\normal\00000966.wav,10.0,16000,160000,8,id_06,0,normal
D:\pump\id_06\normal\00000967.wav,10.0,16000,160000,8,id_06,0,normal
D:\pump\id_06\normal\00000968.wav,10.0,16000,160000,8,id_06,0,normal
D:\pump\id_06\normal\00000969.wav,10.0,16000,160000,8,id_06,0,normal
D:\pump\id_06\normal\00000970.wav,10.0,16000,160000,8,id_06,0,normal
D:\pump\id_06\normal\00000971.wav,10.0,16000,160000,8,id_06,0,normal
D:\pump\id_06\normal\00000972.wav,10.0,16000,160000,8,id_06,0,normal
D:\pump\id_06\normal\00000973.wav,10.0,16000,160000,8,id_06,0,normal
D:\pump\id_06\normal\00000974.wav,10.0,16000,160000,8,id_06,0,normal
D:\pump\id_06\normal\00000975.wav,10.0,16000,160000,8,id_06,0,normal
D:\pump\id_06\normal\00000976.wav,10.0,16000,160000,8,id_06,0,normal
D:\pump\id_06\normal\00000977.wav,10.0,16000,160000,8,id_06,0,normal
D:\pump\id_06\normal\00000978.wav,10.0,16000,160000,8,id_06,0,normal
D:\pump\id_06\normal\00000979.wav,10.0,16000,160000,8,id_06,0,normal
D:\pump\id_06\normal\00000980.wav,10.0,16000,160000,8,id_06,0,normal
D:\pump\id_06\normal\00000981.wav,10.0,16000,160000,8,id_06,0,normal
D:\pump\id_06\normal\00000982.wav,10.0,16000,160000,8,id_06,0,normal
D:\pump\id_06\normal\00000983.wav,10.0,16000,160000,8,id_06,0,normal
D:\pump\id_06\normal\00000984.wav,10.0,16000,160000,8,id_06,0,normal
D:\pump\id_06\normal\00000985.wav,10.0,16000,160000,8,id_06,0,normal
D:\pump\id_06\normal\00000986.wav,10.0,16000,160000,8,id_06,0,normal
D:\pump\id_06\normal\00000987.wav,10.0,16000,160000,8,id_06,0,normal
D:\pump\id_06\normal\00000988.wav,10.0,16000,160000,8,id_06,0,normal
D:\pump\id_06\normal\00000989.wav,10.0,16000,160000,8,id_06,0,normal
D:\pump\id_06\normal\00000990.wav,10.0,16000,160000,8,id_06,0,normal
D:\pump\id_06\normal\00000991.wav,10.0,16000,160000,8,id_06,0,normal
D:\pump\id_06\normal\00000992.wav,10.0,16000,160000,8,id_06,0,normal
D:\pump\id_06\normal\00000993.wav,10.0,16000,160000,8,id_06,0,normal
D:\pump\id_06\normal\00000994.wav,10.0,16000,160000,8,id_06,0,normal
D:\pump\id_06\normal\00000995.wav,10.0,16000,160000,8,id_06,0,normal
D:\pump\id_06\normal\00000996.wav,10.0,16000,160000,8,id_06,0,normal
D:\pump\id_06\normal\00000997.wav,10.0,16000,160000,8,id_06,0,normal
D:\pump\id_06\normal\00000998.wav,10.0,16000,160000,8,id_06,0,normal
D:\pump\id_06\normal\00000999.wav,10.0,16000,160000,8,id_06,0,normal
D:\pump\id_06\normal\00001000.wav,10.0,16000,160000,8,id_06,0,normal
D:\pump\id_06\normal\00001001.wav,10.0,16000,160000,8,id_06,0,normal
D:\pump\id_06\normal\00001002.wav,10.0,16000,160000,8,id_06,0,normal
D:\pump\id_06\normal\00001003.wav,10.0,16000,160000,8,id_06,0,normal
D:\pump\id_06\normal\00001004.wav,10.0,16000,160000,8,id_06,0,normal
D:\pump\id_06\normal\00001005.wav,10.0,16000,160000,8,id_06,0,normal
D:\pump\id_06\normal\00001006.wav,10.0,16000,160000,8,id_06,0,normal
D:\pump\id_06\normal\00001007.wav,10.0,16000,160000,8,id_06,0,normal
D:\pump\id_06\normal\00001008.wav,10.0,16000,160000,8,id_06,0,normal
D:\pump\id_06\normal\00001009.wav,10.0,16000,160000,8,id_06,0,normal
D:\pump\id_06\normal\00001010.wav,10.0,16000,160000,8,id_06,0,normal
D:\pump\id_06\normal\00001011.wav,10.0,16000,160000,8,id_06,0,normal
D:\pump\id_06\normal\00001012.wav,10.0,16000,160000,8,id_06,0,normal
D:\pump\id_06\normal\00001013.wav,10.0,16000,160000,8,id_06,0,normal
D:\pump\id_06\normal\00001014.wav,10.0,16000,160000,8,id_06,0,normal
D:\pump\id_06\normal\00001015.wav,10.0,16000,160000,8,id_06,0,normal
D:\pump\id_06\normal\00001016.wav,10.0,16000,160000,8,id_06,0,normal
D:\pump\id_06\normal\00001017.wav,10.0,16000,160000,8,id_06,0,normal
D:\pump\id_06\normal\00001018.wav,10.0,16000,160000,8,id_06,0,normal
D:\pump\id_06\normal\00001019.wav,10.0,16000,160000,8,id_06,0,normal
D:\pump\id_06\normal\00001020.wav,10.0,16000,160000,8,id_06,0,normal
D:\pump\id_06\normal\00001021.wav,10.0,16000,160000,8,id_06,0,normal
D:\pump\id_06\normal\00001022.wav,10.0,16000,160000,8,id_06,0,normal
D:\pump\id_06\normal\00001023.wav,10.0,16000,160000,8,id_06,0,normal
D:\pump\id_06\normal\00001024.wav,10.0,16000,160000,8,id_06,0,normal
D:\pump\id_06\normal\00001025.wav,10.0,16000,160000,8,id_06,0,normal
D:\pump\id_06\normal\00001026.wav,10.0,16000,160000,8,id_06,0,normal
D:\pump\id_06\normal\00001027.wav,10.0,16000,160000,8,id_06,0,normal
D:\pump\id_06\normal\00001028.wav,10.0,16000,160000,8,id_06,0,normal
D:\pump\id_06\normal\00001029.wav,10.0,16000,160000,8,id_06,0,normal
D:\pump\id_06\normal\00001030.wav,10.0,16000,160000,8,id_06,0,normal
D:\pump\id_06\normal\00001031.wav,10.0,16000,160000,8,id_06,0,normal
D:\pump\id_06\normal\00001032.wav,10.0,16000,160000,8,id_06,0,normal
D:\pump\id_06\normal\00001033.wav,10.0,16000,160000,8,id_06,0,normal
D:\pump\id_06\normal\00001034.wav,10.0,16000,160000,8,id_06,0,normal
D:\pump\id_06\normal\00001035.wav,10.0,16000,160000,8,id_06,0,normal
D:\pump\id_06\abnormal\00000000.wav,10.0,16000,160000,8,id_06,1,abnormal
D:\pump\id_06\abnormal\00000001.wav,10.0,16000,160000,8,id_06,1,abnormal
D:\pump\id_06\abnormal\00000002.wav,10.0,16000,160000,8,id_06,1,abnormal
D:\pump\id_06\abnormal\00000003.wav,10.0,16000,160000,8,id_06,1,abnormal
D:\pump\id_06\abnormal\00000004.wav,10.0,16000,160000,8,id_06,1,abnormal
D:\pump\id_06\abnormal\00000005.wav,10.0,16000,160000,8,id_06,1,abnormal
D:\pump\id_06\abnormal\00000006.wav,10.0,16000,160000,8,id_06,1,abnormal
D:\pump\id_06\abnormal\00000007.wav,10.0,16000,160000,8,id_06,1,abnormal
D:\pump\id_06\abnormal\00000008.wav,10.0,16000,160000,8,id_06,1,abnormal
D:\pump\id_06\abnormal\00000009.wav,10.0,16000,160000,8,id_06,1,abnormal
D:\pump\id_06\abnormal\00000010.wav,10.0,16000,160000,8,id_06,1,abnormal
D:\pump\id_06\abnormal\00000011.wav,10.0,16000,160000,8,id_06,1,abnormal
D:\pump\id_06\abnormal\00000012.wav,10.0,16000,160000,8,id_06,1,abnormal
D:\pump\id_06\abnormal\00000013.wav,10.0,16000,160000,8,id_06,1,abnormal
D:\pump\id_06\abnormal\00000014.wav,10.0,16000,160000,8,id_06,1,abnormal
D:\pump\id_06\abnormal\00000015.wav,10.0,16000,160000,8,id_06,1,abnormal
D:\pump\id_06\abnormal\00000016.wav,10.0,16000,160000,8,id_06,1,abnormal
D:\pump\id_06\abnormal\00000017.wav,10.0,16000,160000,8,id_06,1,abnormal
D:\pump\id_06\abnormal\00000018.wav,10.0,16000,160000,8,id_06,1,abnormal
D:\pump\id_06\abnormal\00000019.wav,10.0,16000,160000,8,id_06,1,abnormal
D:\pump\id_06\abnormal\00000020.wav,10.0,16000,160000,8,id_06,1,abnormal
D:\pump\id_06\abnormal\00000021.wav,10.0,16000,160000,8,id_06,1,abnormal
D:\pump\id_06\abnormal\00000022.wav,10.0,16000,160000,8,id_06,1,abnormal
D:\pump\id_06\abnormal\00000023.wav,10.0,16000,160000,8,id_06,1,abnormal
D:\pump\id_06\abnormal\00000024.wav,10.0,16000,160000,8,id_06,1,abnormal
D:\pump\id_06\abnormal\00000025.wav,10.0,16000,160000,8,id_06,1,abnormal
D:\pump\id_06\abnormal\00000026.wav,10.0,16000,160000,8,id_06,1,abnormal
D:\pump\id_06\abnormal\00000027.wav,10.0,16000,160000,8,id_06,1,abnormal
D:\pump\id_06\abnormal\00000028.wav,10.0,16000,160000,8,id_06,1,abnormal
D:\pump\id_06\abnormal\00000029.wav,10.0,16000,160000,8,id_06,1,abnormal
D:\pump\id_06\abnormal\00000030.wav,10.0,16000,160000,8,id_06,1,abnormal
D:\pump\id_06\abnormal\00000031.wav,10.0,16000,160000,8,id_06,1,abnormal
D:\pump\id_06\abnormal\00000032.wav,10.0,16000,160000,8,id_06,1,abnormal
D:\pump\id_06\abnormal\00000033.wav,10.0,16000,160000,8,id_06,1,abnormal
D:\pump\id_06\abnormal\00000034.wav,10.0,16000,160000,8,id_06,1,abnormal
D:\pump\id_06\abnormal\00000035.wav,10.0,16000,160000,8,id_06,1,abnormal
D:\pump\id_06\abnormal\00000036.wav,10.0,16000,160000,8,id_06,1,abnormal
D:\pump\id_06\abnormal\00000037.wav,10.0,16000,160000,8,id_06,1,abnormal
D:\pump\id_06\abnormal\00000038.wav,10.0,16000,160000,8,id_06,1,abnormal
D:\pump\id_06\abnormal\00000039.wav,10.0,16000,160000,8,id_06,1,abnormal
D:\pump\id_06\abnormal\00000040.wav,10.0,16000,160000,8,id_06,1,abnormal
D:\pump\id_06\abnormal\00000041.wav,10.0,16000,160000,8,id_06,1,abnormal
D:\pump\id_06\abnormal\00000042.wav,10.0,16000,160000,8,id_06,1,abnormal
D:\pump\id_06\abnormal\00000043.wav,10.0,16000,160000,8,id_06,1,abnormal
D:\pump\id_06\abnormal\00000044.wav,10.0,16000,160000,8,id_06,1,abnormal
D:\pump\id_06\abnormal\00000045.wav,10.0,16000,160000,8,id_06,1,abnormal
D:\pump\id_06\abnormal\00000046.wav,10.0,16000,160000,8,id_06,1,abnormal
D:\pump\id_06\abnormal\00000047.wav,10.0,16000,160000,8,id_06,1,abnormal
D:\pump\id_06\abnormal\00000048.wav,10.0,16000,160000,8,id_06,1,abnormal
D:\pump\id_06\abnormal\00000049.wav,10.0,16000,160000,8,id_06,1,abnormal
D:\pump\id_06\abnormal\00000050.wav,10.0,16000,160000,8,id_06,1,abnormal
D:\pump\id_06\abnormal\00000051.wav,10.0,16000,160000,8,id_06,1,abnormal
D:\pump\id_06\abnormal\00000052.wav,10.0,16000,160000,8,id_06,1,abnormal
D:\pump\id_06\abnormal\00000053.wav,10.0,16000,160000,8,id_06,1,abnormal
D:\pump\id_06\abnormal\00000054.wav,10.0,16000,160000,8,id_06,1,abnormal
D:\pump\id_06\abnormal\00000055.wav,10.0,16000,160000,8,id_06,1,abnormal
D:\pump\id_06\abnormal\00000056.wav,10.0,16000,160000,8,id_06,1,abnormal
D:\pump\id_06\abnormal\00000057.wav,10.0,16000,160000,8,id_06,1,abnormal
D:\pump\id_06\abnormal\00000058.wav,10.0,16000,160000,8,id_06,1,abnormal
D:\pump\id_06\abnormal\00000059.wav,10.0,16000,160000,8,id_06,1,abnormal
D:\pump\id_06\abnormal\00000060.wav,10.0,16000,160000,8,id_06,1,abnormal
D:\pump\id_06\abnormal\00000061.wav,10.0,16000,160000,8,id_06,1,abnormal
D:\pump\id_06\abnormal\00000062.wav,10.0,16000,160000,8,id_06,1,abnormal
D:\pump\id_06\abnormal\00000063.wav,10.0,16000,160000,8,id_06,1,abnormal
D:\pump\id_06\abnormal\00000064.wav,10.0,16000,160000,8,id_06,1,abnormal
D:\pump\id_06\abnormal\00000065.wav,10.0,16000,160000,8,id_06,1,abnormal
D:\pump\id_06\abnormal\00000066.wav,10.0,16000,160000,8,id_06,1,abnormal
D:\pump\id_06\abnormal\00000067.wav,10.0,16000,160000,8,id_06,1,abnormal
D:\pump\id_06\abnormal\00000068.wav,10.0,16000,160000,8,id_06,1,abnormal
D:\pump\id_06\abnormal\00000069.wav,10.0,16000,160000,8,id_06,1,abnormal
D:\pump\id_06\abnormal\00000070.wav,10.0,16000,160000,8,id_06,1,abnormal
D:\pump\id_06\abnormal\00000071.wav,10.0,16000,160000,8,id_06,1,abnormal
D:\pump\id_06\abnormal\00000072.wav,10.0,16000,160000,8,id_06,1,abnormal
D:\pump\id_06\abnormal\00000073.wav,10.0,16000,160000,8,id_06,1,abnormal
D:\pump\id_06\abnormal\00000074.wav,10.0,16000,160000,8,id_06,1,abnormal
D:\pump\id_06\abnormal\00000075.wav,10.0,16000,160000,8,id_06,1,abnormal
D:\pump\id_06\abnormal\00000076.wav,10.0,16000,160000,8,id_06,1,abnormal
D:\pump\id_06\abnormal\00000077.wav,10.0,16000,160000,8,id_06,1,abnormal
D:\pump\id_06\abnormal\00000078.wav,10.0,16000,160000,8,id_06,1,abnormal
D:\pump\id_06\abnormal\00000079.wav,10.0,16000,160000,8,id_06,1,abnormal
D:\pump\id_06\abnormal\00000080.wav,10.0,16000,160000,8,id_06,1,abnormal
D:\pump\id_06\abnormal\00000081.wav,10.0,16000,160000,8,id_06,1,abnormal
D:\pump\id_06\abnormal\00000082.wav,10.0,16000,160000,8,id_06,1,abnormal
D:\pump\id_06\abnormal\00000083.wav,10.0,16000,160000,8,id_06,1,abnormal
D:\pump\id_06\abnormal\00000084.wav,10.0,16000,160000,8,id_06,1,abnormal
D:\pump\id_06\abnormal\00000085.wav,10.0,16000,160000,8,id_06,1,abnormal
D:\pump\id_06\abnormal\00000086.wav,10.0,16000,160000,8,id_06,1,abnormal
D:\pump\id_06\abnormal\00000087.wav,10.0,16000,160000,8,id_06,1,abnormal
D:\pump\id_06\abnormal\00000088.wav,10.0,16000,160000,8,id_06,1,abnormal
D:\pump\id_06\abnormal\00000089.wav,10.0,16000,160000,8,id_06,1,abnormal
D:\pump\id_06\abnormal\00000090.wav,10.0,16000,160000,8,id_06,1,abnormal
D:\pump\id_06\abnormal\00000091.wav,10.0,16000,160000,8,id_06,1,abnormal
D:\pump\id_06\abnormal\00000092.wav,10.0,16000,160000,8,id_06,1,abnormal
D:\pump\id_06\abnormal\00000093.wav,10.0,16000,160000,8,id_06,1,abnormal
D:\pump\id_06\abnormal\00000094.wav,10.0,16000,160000,8,id_06,1,abnormal
D:\pump\id_06\abnormal\00000095.wav,10.0,16000,160000,8,id_06,1,abnormal
D:\pump\id_06\abnormal\00000096.wav,10.0,16000,160000,8,id_06,1,abnormal
D:\pump\id_06\abnormal\00000097.wav,10.0,16000,160000,8,id_06,1,abnormal
D:\pump\id_06\abnormal\00000098.wav,10.0,16000,160000,8,id_06,1,abnormal
D:\pump\id_06\abnormal\00000099.wav,10.0,16000,160000,8,id_06,1,abnormal
D:\pump\id_06\abnormal\00000100.wav,10.0,16000,160000,8,id_06,1,abnormal
D:\pump\id_06\abnormal\00000101.wav,10.0,16000,160000,8,id_06,1,abnormal
