file_path,machine_id,label,label_name,duration,sample_rate,number_of_samples
D:\pump\id_00\normal\00000909.wav,id_00,0,normal,10.0,16000,160000
D:\pump\id_02\normal\00000060.wav,id_02,0,normal,10.0,16000,160000
D:\pump\id_04\abnormal\00000064.wav,id_04,1,abnormal,10.0,16000,160000
D:\pump\id_04\normal\00000031.wav,id_04,0,normal,10.0,16000,160000
D:\pump\id_02\normal\00000374.wav,id_02,0,normal,10.0,16000,160000
D:\pump\id_00\abnormal\00000066.wav,id_00,1,abnormal,10.0,16000,160000
D:\pump\id_06\normal\00000501.wav,id_06,0,normal,10.0,16000,160000
D:\pump\id_06\normal\00000651.wav,id_06,0,normal,10.0,16000,160000
D:\pump\id_02\normal\00000892.wav,id_02,0,normal,10.0,16000,160000
D:\pump\id_00\normal\00000807.wav,id_00,0,normal,10.0,16000,160000
D:\pump\id_06\normal\00000830.wav,id_06,0,normal,10.0,16000,160000
D:\pump\id_06\normal\00000614.wav,id_06,0,normal,10.0,16000,160000
D:\pump\id_04\normal\00000251.wav,id_04,0,normal,10.0,16000,160000
D:\pump\id_00\normal\00000335.wav,id_00,0,normal,10.0,16000,160000
D:\pump\id_06\normal\00000654.wav,id_06,0,normal,10.0,16000,160000
D:\pump\id_06\normal\00000863.wav,id_06,0,normal,10.0,16000,160000
D:\pump\id_04\normal\00000277.wav,id_04,0,normal,10.0,16000,160000
D:\pump\id_06\normal\00000417.wav,id_06,0,normal,10.0,16000,160000
D:\pump\id_04\abnormal\00000020.wav,id_04,1,abnormal,10.0,16000,160000
D:\pump\id_00\normal\00000882.wav,id_00,0,normal,10.0,16000,160000
D:\pump\id_00\normal\00000626.wav,id_00,0,normal,10.0,16000,160000
D:\pump\id_04\normal\00000012.wav,id_04,0,normal,10.0,16000,160000
D:\pump\id_06\normal\00000096.wav,id_06,0,normal,10.0,16000,160000
D:\pump\id_00\normal\00000177.wav,id_00,0,normal,10.0,16000,160000
D:\pump\id_00\normal\00000185.wav,id_00,0,normal,10.0,16000,160000
D:\pump\id_00\normal\00000048.wav,id_00,0,normal,10.0,16000,160000
D:\pump\id_04\abnormal\00000029.wav,id_04,1,abnormal,10.0,16000,160000
D:\pump\id_00\normal\00000551.wav,id_00,0,normal,10.0,16000,160000
D:\pump\id_00\normal\00000432.wav,id_00,0,normal,10.0,16000,160000
D:\pump\id_06\normal\00000087.wav,id_06,0,normal,10.0,16000,160000
D:\pump\id_04\normal\00000311.wav,id_04,0,normal,10.0,16000,160000
D:\pump\id_06\normal\00000144.wav,id_06,0,normal,10.0,16000,160000
D:\pump\id_02\normal\00000393.wav,id_02,0,normal,10.0,16000,160000
D:\pump\id_00\abnormal\00000058.wav,id_00,1,abnormal,10.0,16000,160000
D:\pump\id_00\normal\00000073.wav,id_00,0,normal,10.0,16000,160000
D:\pump\id_04\abnormal\00000000.wav,id_04,1,abnormal,10.0,16000,160000
D:\pump\id_06\normal\00000487.wav,id_06,0,normal,10.0,16000,160000
D:\pump\id_02\abnormal\00000054.wav,id_02,1,abnormal,10.0,16000,160000
D:\pump\id_04\normal\00000018.wav,id_04,0,normal,10.0,16000,160000
D:\pump\id_02\normal\00000771.wav,id_02,0,normal,10.0,16000,160000
D:\pump\id_04\abnormal\00000084.wav,id_04,1,abnormal,10.0,16000,160000
D:\pump\id_00\normal\00000525.wav,id_00,0,normal,10.0,16000,160000
D:\pump\id_06\normal\00000505.wav,id_06,0,normal,10.0,16000,160000
D:\pump\id_06\normal\00000465.wav,id_06,0,normal,10.0,16000,160000
D:\pump\id_04\abnormal\00000079.wav,id_04,1,abnormal,10.0,16000,160000
D:\pump\id_06\normal\00000240.wav,id_06,0,normal,10.0,16000,160000
D:\pump\id_06\normal\00000211.wav,id_06,0,normal,10.0,16000,160000
D:\pump\id_06\normal\00000120.wav,id_06,0,normal,10.0,16000,160000
D:\pump\id_02\normal\00000224.wav,id_02,0,normal,10.0,16000,160000
D:\pump\id_06\normal\00000036.wav,id_06,0,normal,10.0,16000,160000
D:\pump\id_06\normal\00000113.wav,id_06,0,normal,10.0,16000,160000
D:\pump\id_02\normal\00000055.wav,id_02,0,normal,10.0,16000,160000
D:\pump\id_06\normal\00000349.wav,id_06,0,normal,10.0,16000,160000
D:\pump\id_00\normal\00000370.wav,id_00,0,normal,10.0,16000,160000
D:\pump\id_06\normal\00001005.wav,id_06,0,normal,10.0,16000,160000
D:\pump\id_02\normal\00000235.wav,id_02,0,normal,10.0,16000,160000
D:\pump\id_04\normal\00000550.wav,id_04,0,normal,10.0,16000,160000
D:\pump\id_06\normal\00000527.wav,id_06,0,normal,10.0,16000,160000
D:\pump\id_06\normal\00000483.wav,id_06,0,normal,10.0,16000,160000
D:\pump\id_04\normal\00000176.wav,id_04,0,normal,10.0,16000,160000
D:\pump\id_06\normal\00000760.wav,id_06,0,normal,10.0,16000,160000
D:\pump\id_02\normal\00000630.wav,id_02,0,normal,10.0,16000,160000
D:\pump\id_06\normal\00001014.wav,id_06,0,normal,10.0,16000,160000
D:\pump\id_00\normal\00000061.wav,id_00,0,normal,10.0,16000,160000
D:\pump\id_04\normal\00000590.wav,id_04,0,normal,10.0,16000,160000
D:\pump\id_02\normal\00000636.wav,id_02,0,normal,10.0,16000,160000
D:\pump\id_06\normal\00000237.wav,id_06,0,normal,10.0,16000,160000
D:\pump\id_04\normal\00000138.wav,id_04,0,normal,10.0,16000,160000
D:\pump\id_04\normal\00000420.wav,id_04,0,normal,10.0,16000,160000
D:\pump\id_06\normal\00000992.wav,id_06,0,normal,10.0,16000,160000
D:\pump\id_06\normal\00000198.wav,id_06,0,normal,10.0,16000,160000
D:\pump\id_02\normal\00000257.wav,id_02,0,normal,10.0,16000,160000
D:\pump\id_04\normal\00000162.wav,id_04,0,normal,10.0,16000,160000
D:\pump\id_04\normal\00000231.wav,id_04,0,normal,10.0,16000,160000
D:\pump\id_00\normal\00000576.wav,id_00,0,normal,10.0,16000,160000
D:\pump\id_04\normal\00000134.wav,id_04,0,normal,10.0,16000,160000
D:\pump\id_00\normal\00000638.wav,id_00,0,normal,10.0,16000,160000
D:\pump\id_02\normal\00000429.wav,id_02,0,normal,10.0,16000,160000
D:\pump\id_04\normal\00000291.wav,id_04,0,normal,10.0,16000,160000
D:\pump\id_06\normal\00000737.wav,id_06,0,normal,10.0,16000,160000
D:\pump\id_00\normal\00000031.wav,id_00,0,normal,10.0,16000,160000
D:\pump\id_06\normal\00000705.wav,id_06,0,normal,10.0,16000,160000
D:\pump\id_06\normal\00000457.wav,id_06,0,normal,10.0,16000,160000
D:\pump\id_00\normal\00000437.wav,id_00,0,normal,10.0,16000,160000
D:\pump\id_00\abnormal\00000023.wav,id_00,1,abnormal,10.0,16000,160000
D:\pump\id_06\normal\00000098.wav,id_06,0,normal,10.0,16000,160000
D:\pump\id_02\normal\00000372.wav,id_02,0,normal,10.0,16000,160000
D:\pump\id_02\normal\00000508.wav,id_02,0,normal,10.0,16000,160000
D:\pump\id_02\normal\00000027.wav,id_02,0,normal,10.0,16000,160000
D:\pump\id_04\normal\00000139.wav,id_04,0,normal,10.0,16000,160000
D:\pump\id_02\normal\00000788.wav,id_02,0,normal,10.0,16000,160000
D:\pump\id_00\normal\00000483.wav,id_00,0,normal,10.0,16000,160000
D:\pump\id_02\normal\00000793.wav,id_02,0,normal,10.0,16000,160000
D:\pump\id_04\normal\00000403.wav,id_04,0,normal,10.0,16000,160000
D:\pump\id_00\abnormal\00000079.wav,id_00,1,abnormal,10.0,16000,160000
D:\pump\id_06\normal\00001009.wav,id_06,0,normal,10.0,16000,160000
D:\pump\id_02\abnormal\00000080.wav,id_02,1,abnormal,10.0,16000,160000
D:\pump\id_02\normal\00000615.wav,id_02,0,normal,10.0,16000,160000
D:\pump\id_06\normal\00000699.wav,id_06,0,normal,10.0,16000,160000
D:\pump\id_00\normal\00000962.wav,id_00,0,normal,10.0,16000,160000
D:\pump\id_04\normal\00000533.wav,id_04,0,normal,10.0,16000,160000
D:\pump\id_00\abnormal\00000095.wav,id_00,1,abnormal,10.0,16000,160000
D:\pump\id_00\normal\00000907.wav,id_00,0,normal,10.0,16000,160000
D:\pump\id_00\normal\00000274.wav,id_00,0,normal,10.0,16000,160000
D:\pump\id_06\normal\00000949.wav,id_06,0,normal,10.0,16000,160000
D:\pump\id_06\abnormal\00000006.wav,id_06,1,abnormal,10.0,16000,160000
D:\pump\id_06\normal\00000148.wav,id_06,0,normal,10.0,16000,160000
D:\pump\id_00\normal\00000097.wav,id_00,0,normal,10.0,16000,160000
D:\pump\id_04\normal\00000161.wav,id_04,0,normal,10.0,16000,160000
D:\pump\id_02\normal\00000736.wav,id_02,0,normal,10.0,16000,160000
D:\pump\id_02\normal\00000496.wav,id_02,0,normal,10.0,16000,160000
D:\pump\id_04\normal\00000081.wav,id_04,0,normal,10.0,16000,160000
D:\pump\id_04\normal\00000430.wav,id_04,0,normal,10.0,16000,160000
D:\pump\id_04\abnormal\00000021.wav,id_04,1,abnormal,10.0,16000,160000
D:\pump\id_02\abnormal\00000041.wav,id_02,1,abnormal,10.0,16000,160000
D:\pump\id_06\normal\00000764.wav,id_06,0,normal,10.0,16000,160000
D:\pump\id_02\normal\00000421.wav,id_02,0,normal,10.0,16000,160000
D:\pump\id_00\normal\00000069.wav,id_00,0,normal,10.0,16000,160000
D:\pump\id_00\normal\00000153.wav,id_00,0,normal,10.0,16000,160000
D:\pump\id_04\normal\00000222.wav,id_04,0,normal,10.0,16000,160000
D:\pump\id_02\normal\00000042.wav,id_02,0,normal,10.0,16000,160000
D:\pump\id_00\normal\00000854.wav,id_00,0,normal,10.0,16000,160000
D:\pump\id_02\normal\00000552.wav,id_02,0,normal,10.0,16000,160000
D:\pump\id_04\normal\00000663.wav,id_04,0,normal,10.0,16000,160000
D:\pump\id_02\normal\00000618.wav,id_02,0,normal,10.0,16000,160000
D:\pump\id_04\normal\00000124.wav,id_04,0,normal,10.0,16000,160000
D:\pump\id_02\normal\00000585.wav,id_02,0,normal,10.0,16000,160000
D:\pump\id_06\normal\00000051.wav,id_06,0,normal,10.0,16000,160000
D:\pump\id_00\normal\00000586.wav,id_00,0,normal,10.0,16000,160000
D:\pump\id_02\normal\00000932.wav,id_02,0,normal,10.0,16000,160000
D:\pump\id_04\normal\00000607.wav,id_04,0,normal,10.0,16000,160000
D:\pump\id_00\normal\00000591.wav,id_00,0,normal,10.0,16000,160000
D:\pump\id_02\normal\00000829.wav,id_02,0,normal,10.0,16000,160000
D:\pump\id_02\normal\00000541.wav,id_02,0,normal,10.0,16000,160000
D:\pump\id_04\normal\00000662.wav,id_04,0,normal,10.0,16000,160000
D:\pump\id_00\normal\00000870.wav,id_00,0,normal,10.0,16000,160000
D:\pump\id_06\normal\00000140.wav,id_06,0,normal,10.0,16000,160000
D:\pump\id_02\normal\00000416.wav,id_02,0,normal,10.0,16000,160000
D:\pump\id_02\normal\00000239.wav,id_02,0,normal,10.0,16000,160000
D:\pump\id_02\normal\00000216.wav,id_02,0,normal,10.0,16000,160000
D:\pump\id_04\abnormal\00000099.wav,id_04,1,abnormal,10.0,16000,160000
D:\pump\id_06\normal\00000494.wav,id_06,0,normal,10.0,16000,160000
D:\pump\id_06\abnormal\00000079.wav,id_06,1,abnormal,10.0,16000,160000
D:\pump\id_02\normal\00000947.wav,id_02,0,normal,10.0,16000,160000
D:\pump\id_02\normal\00001002.wav,id_02,0,normal,10.0,16000,160000
D:\pump\id_00\normal\00000149.wav,id_00,0,normal,10.0,16000,160000
D:\pump\id_00\normal\00000169.wav,id_00,0,normal,10.0,16000,160000
D:\pump\id_00\normal\00000596.wav,id_00,0,normal,10.0,16000,160000
D:\pump\id_06\normal\00000041.wav,id_06,0,normal,10.0,16000,160000
D:\pump\id_00\abnormal\00000105.wav,id_00,1,abnormal,10.0,16000,160000
D:\pump\id_04\normal\00000502.wav,id_04,0,normal,10.0,16000,160000
D:\pump\id_00\normal\00000650.wav,id_00,0,normal,10.0,16000,160000
D:\pump\id_00\normal\00000060.wav,id_00,0,normal,10.0,16000,160000
D:\pump\id_00\normal\00000697.wav,id_00,0,normal,10.0,16000,160000
D:\pump\id_00\normal\00000209.wav,id_00,0,normal,10.0,16000,160000
D:\pump\id_02\normal\00000756.wav,id_02,0,normal,10.0,16000,160000
D:\pump\id_00\normal\00000950.wav,id_00,0,normal,10.0,16000,160000
D:\pump\id_04\normal\00000552.wav,id_04,0,normal,10.0,16000,160000
D:\pump\id_04\normal\00000173.wav,id_04,0,normal,10.0,16000,160000
D:\pump\id_06\normal\00000230.wav,id_06,0,normal,10.0,16000,160000
D:\pump\id_00\normal\00000752.wav,id_00,0,normal,10.0,16000,160000
D:\pump\id_04\normal\00000015.wav,id_04,0,normal,10.0,16000,160000
D:\pump\id_04\normal\00000505.wav,id_04,0,normal,10.0,16000,160000
D:\pump\id_02\normal\00000594.wav,id_02,0,normal,10.0,16000,160000
D:\pump\id_02\normal\00000340.wav,id_02,0,normal,10.0,16000,160000
D:\pump\id_04\normal\00000371.wav,id_04,0,normal,10.0,16000,160000
D:\pump\id_02\abnormal\00000040.wav,id_02,1,abnormal,10.0,16000,160000
D:\pump\id_06\normal\00000042.wav,id_06,0,normal,10.0,16000,160000
D:\pump\id_00\normal\00001000.wav,id_00,0,normal,10.0,16000,160000
D:\pump\id_00\normal\00000588.wav,id_00,0,normal,10.0,16000,160000
D:\pump\id_06\normal\00000824.wav,id_06,0,normal,10.0,16000,160000
D:\pump\id_02\normal\00000163.wav,id_02,0,normal,10.0,16000,160000
D:\pump\id_06\normal\00000003.wav,id_06,0,normal,10.0,16000,160000
D:\pump\id_06\normal\00000151.wav,id_06,0,normal,10.0,16000,160000
D:\pump\id_06\normal\00000093.wav,id_06,0,normal,10.0,16000,160000
D:\pump\id_00\normal\00000898.wav,id_00,0,normal,10.0,16000,160000
D:\pump\id_02\abnormal\00000044.wav,id_02,1,abnormal,10.0,16000,160000
D:\pump\id_04\normal\00000540.wav,id_04,0,normal,10.0,16000,160000
D:\pump\id_02\normal\00000885.wav,id_02,0,normal,10.0,16000,160000
D:\pump\id_02\normal\00000787.wav,id_02,0,normal,10.0,16000,160000
D:\pump\id_06\abnormal\00000013.wav,id_06,1,abnormal,10.0,16000,160000
D:\pump\id_06\normal\00000035.wav,id_06,0,normal,10.0,16000,160000
D:\pump\id_02\abnormal\00000023.wav,id_02,1,abnormal,10.0,16000,160000
D:\pump\id_06\normal\00001020.wav,id_06,0,normal,10.0,16000,160000
D:\pump\id_00\normal\00000845.wav,id_00,0,normal,10.0,16000,160000
D:\pump\id_02\normal\00000992.wav,id_02,0,normal,10.0,16000,160000
D:\pump\id_04\normal\00000343.wav,id_04,0,normal,10.0,16000,160000
D:\pump\id_06\normal\00000817.wav,id_06,0,normal,10.0,16000,160000
D:\pump\id_06\normal\00000154.wav,id_06,0,normal,10.0,16000,160000
D:\pump\id_04\abnormal\00000004.wav,id_04,1,abnormal,10.0,16000,160000
D:\pump\id_02\normal\00000526.wav,id_02,0,normal,10.0,16000,160000
D:\pump\id_00\abnormal\00000081.wav,id_00,1,abnormal,10.0,16000,160000
D:\pump\id_06\normal\00000263.wav,id_06,0,normal,10.0,16000,160000
D:\pump\id_02\normal\00000941.wav,id_02,0,normal,10.0,16000,160000
D:\pump\id_00\normal\00000621.wav,id_00,0,normal,10.0,16000,160000
D:\pump\id_02\normal\00000570.wav,id_02,0,normal,10.0,16000,160000
D:\pump\id_00\abnormal\00000089.wav,id_00,1,abnormal,10.0,16000,160000
D:\pump\id_00\normal\00000254.wav,id_00,0,normal,10.0,16000,160000
D:\pump\id_00\normal\00000065.wav,id_00,0,normal,10.0,16000,160000
D:\pump\id_04\normal\00000669.wav,id_04,0,normal,10.0,16000,160000
D:\pump\id_04\normal\00000670.wav,id_04,0,normal,10.0,16000,160000
D:\pump\id_04\normal\00000307.wav,id_04,0,normal,10.0,16000,160000
D:\pump\id_04\abnormal\00000017.wav,id_04,1,abnormal,10.0,16000,160000
D:\pump\id_02\normal\00000109.wav,id_02,0,normal,10.0,16000,160000
D:\pump\id_02\normal\00000344.wav,id_02,0,normal,10.0,16000,160000
D:\pump\id_02\normal\00000069.wav,id_02,0,normal,10.0,16000,160000
D:\pump\id_06\normal\00000078.wav,id_06,0,normal,10.0,16000,160000
D:\pump\id_02\abnormal\00000006.wav,id_02,1,abnormal,10.0,16000,160000
D:\pump\id_00\normal\00000751.wav,id_00,0,normal,10.0,16000,160000
D:\pump\id_06\normal\00000477.wav,id_06,0,normal,10.0,16000,160000
D:\pump\id_06\normal\00000749.wav,id_06,0,normal,10.0,16000,160000
D:\pump\id_06\normal\00000893.wav,id_06,0,normal,10.0,16000,160000
D:\pump\id_06\abnormal\00000045.wav,id_06,1,abnormal,10.0,16000,160000
D:\pump\id_00\normal\00000212.wav,id_00,0,normal,10.0,16000,160000
D:\pump\id_04\normal\00000521.wav,id_04,0,normal,10.0,16000,160000
D:\pump\id_02\normal\00000184.wav,id_02,0,normal,10.0,16000,160000
D:\pump\id_06\normal\00000589.wav,id_06,0,normal,10.0,16000,160000
D:\pump\id_00\normal\00000101.wav,id_00,0,normal,10.0,16000,160000
D:\pump\id_00\normal\00000277.wav,id_00,0,normal,10.0,16000,160000
D:\pump\id_00\normal\00000552.wav,id_00,0,normal,10.0,16000,160000
D:\pump\id_00\normal\00000846.wav,id_00,0,normal,10.0,16000,160000
D:\pump\id_02\normal\00000816.wav,id_02,0,normal,10.0,16000,160000
D:\pump\id_04\normal\00000192.wav,id_04,0,normal,10.0,16000,160000
D:\pump\id_00\normal\00000734.wav,id_00,0,normal,10.0,16000,160000
D:\pump\id_04\normal\00000033.wav,id_04,0,normal,10.0,16000,160000
D:\pump\id_02\abnormal\00000090.wav,id_02,1,abnormal,10.0,16000,160000
D:\pump\id_00\normal\00000925.wav,id_00,0,normal,10.0,16000,160000
D:\pump\id_02\normal\00000413.wav,id_02,0,normal,10.0,16000,160000
D:\pump\id_00\normal\00000482.wav,id_00,0,normal,10.0,16000,160000
D:\pump\id_06\normal\00000191.wav,id_06,0,normal,10.0,16000,160000
D:\pump\id_06\normal\00000137.wav,id_06,0,normal,10.0,16000,160000
D:\pump\id_02\normal\00000693.wav,id_02,0,normal,10.0,16000,160000
D:\pump\id_04\abnormal\00000032.wav,id_04,1,abnormal,10.0,16000,160000
D:\pump\id_02\normal\00000800.wav,id_02,0,normal,10.0,16000,160000
D:\pump\id_02\normal\00000213.wav,id_02,0,normal,10.0,16000,160000
D:\pump\id_06\normal\00000085.wav,id_06,0,normal,10.0,16000,160000
D:\pump\id_06\normal\00000352.wav,id_06,0,normal,10.0,16000,160000
D:\pump\id_00\normal\00000954.wav,id_00,0,normal,10.0,16000,160000
D:\pump\id_00\normal\00000704.wav,id_00,0,normal,10.0,16000,160000
D:\pump\id_00\normal\00000412.wav,id_00,0,normal,10.0,16000,160000
D:\pump\id_00\normal\00000037.wav,id_00,0,normal,10.0,16000,160000
D:\pump\id_02\normal\00000502.wav,id_02,0,normal,10.0,16000,160000
D:\pump\id_00\abnormal\00000069.wav,id_00,1,abnormal,10.0,16000,160000
D:\pump\id_00\normal\00000464.wav,id_00,0,normal,10.0,16000,160000
D:\pump\id_06\normal\00000544.wav,id_06,0,normal,10.0,16000,160000
D:\pump\id_00\normal\00000228.wav,id_00,0,normal,10.0,16000,160000
D:\pump\id_02\normal\00000489.wav,id_02,0,normal,10.0,16000,160000
D:\pump\id_00\abnormal\00000122.wav,id_00,1,abnormal,10.0,16000,160000
D:\pump\id_00\normal\00000044.wav,id_00,0,normal,10.0,16000,160000
D:\pump\id_02\normal\00000539.wav,id_02,0,normal,10.0,16000,160000
D:\pump\id_02\normal\00000667.wav,id_02,0,normal,10.0,16000,160000
D:\pump\id_06\normal\00000049.wav,id_06,0,normal,10.0,16000,160000
D:\pump\id_02\normal\00000245.wav,id_02,0,normal,10.0,16000,160000
D:\pump\id_06\normal\00000260.wav,id_06,0,normal,10.0,16000,160000
D:\pump\id_02\normal\00000721.wav,id_02,0,normal,10.0,16000,160000
D:\pump\id_06\normal\00000767.wav,id_06,0,normal,10.0,16000,160000
D:\pump\id_02\normal\00000386.wav,id_02,0,normal,10.0,16000,160000
D:\pump\id_04\normal\00000156.wav,id_04,0,normal,10.0,16000,160000
D:\pump\id_02\normal\00000812.wav,id_02,0,normal,10.0,16000,160000
D:\pump\id_02\normal\00000748.wav,id_02,0,normal,10.0,16000,160000
D:\pump\id_00\normal\00000181.wav,id_00,0,normal,10.0,16000,160000
D:\pump\id_06\normal\00000197.wav,id_06,0,normal,10.0,16000,160000
D:\pump\id_04\normal\00000593.wav,id_04,0,normal,10.0,16000,160000
D:\pump\id_02\normal\00000034.wav,id_02,0,normal,10.0,16000,160000
D:\pump\id_00\normal\00000981.wav,id_00,0,normal,10.0,16000,160000
D:\pump\id_02\abnormal\00000108.wav,id_02,1,abnormal,10.0,16000,160000
D:\pump\id_04\normal\00000034.wav,id_04,0,normal,10.0,16000,160000
D:\pump\id_02\normal\00000061.wav,id_02,0,normal,10.0,16000,160000
D:\pump\id_04\normal\00000218.wav,id_04,0,normal,10.0,16000,160000
D:\pump\id_06\normal\00000770.wav,id_06,0,normal,10.0,16000,160000
D:\pump\id_00\normal\00000992.wav,id_00,0,normal,10.0,16000,160000
D:\pump\id_02\normal\00000110.wav,id_02,0,normal,10.0,16000,160000
D:\pump\id_02\normal\00000750.wav,id_02,0,normal,10.0,16000,160000
D:\pump\id_00\normal\00000142.wav,id_00,0,normal,10.0,16000,160000
D:\pump\id_04\normal\00000576.wav,id_04,0,normal,10.0,16000,160000
D:\pump\id_06\abnormal\00000080.wav,id_06,1,abnormal,10.0,16000,160000
D:\pump\id_02\normal\00000325.wav,id_02,0,normal,10.0,16000,160000
D:\pump\id_06\normal\00001026.wav,id_06,0,normal,10.0,16000,160000
D:\pump\id_02\normal\00000795.wav,id_02,0,normal,10.0,16000,160000
D:\pump\id_02\normal\00000741.wav,id_02,0,normal,10.0,16000,160000
D:\pump\id_04\normal\00000410.wav,id_04,0,normal,10.0,16000,160000
D:\pump\id_00\normal\00000714.wav,id_00,0,normal,10.0,16000,160000
D:\pump\id_00\normal\00000849.wav,id_00,0,normal,10.0,16000,160000
D:\pump\id_00\normal\00000451.wav,id_00,0,normal,10.0,16000,160000
D:\pump\id_00\abnormal\00000099.wav,id_00,1,abnormal,10.0,16000,160000
D:\pump\id_04\abnormal\00000066.wav,id_04,1,abnormal,10.0,16000,160000
D:\pump\id_02\normal\00000922.wav,id_02,0,normal,10.0,16000,160000
D:\pump\id_04\abnormal\00000093.wav,id_04,1,abnormal,10.0,16000,160000
D:\pump\id_06\normal\00000063.wav,id_06,0,normal,10.0,16000,160000
D:\pump\id_02\normal\00000851.wav,id_02,0,normal,10.0,16000,160000
D:\pump\id_06\normal\00000733.wav,id_06,0,normal,10.0,16000,160000
D:\pump\id_00\normal\00000816.wav,id_00,0,normal,10.0,16000,160000
D:\pump\id_00\normal\00000265.wav,id_00,0,normal,10.0,16000,160000
D:\pump\id_06\normal\00000987.wav,id_06,0,normal,10.0,16000,160000
D:\pump\id_00\normal\00000931.wav,id_00,0,normal,10.0,16000,160000
D:\pump\id_00\abnormal\00000028.wav,id_00,1,abnormal,10.0,16000,160000
D:\pump\id_02\normal\00000731.wav,id_02,0,normal,10.0,16000,160000
D:\pump\id_02\normal\00000517.wav,id_02,0,normal,10.0,16000,160000
D:\pump\id_06\normal\00000470.wav,id_06,0,normal,10.0,16000,160000
D:\pump\id_06\normal\00000106.wav,id_06,0,normal,10.0,16000,160000
D:\pump\id_00\normal\00000144.wav,id_00,0,normal,10.0,16000,160000
D:\pump\id_06\normal\00000708.wav,id_06,0,normal,10.0,16000,160000
D:\pump\id_06\normal\00000896.wav,id_06,0,normal,10.0,16000,160000
D:\pump\id_02\abnormal\00000096.wav,id_02,1,abnormal,10.0,16000,160000
D:\pump\id_02\normal\00000719.wav,id_02,0,normal,10.0,16000,160000
D:\pump\id_00\normal\00000787.wav,id_00,0,normal,10.0,16000,160000
D:\pump\id_00\normal\00000381.wav,id_00,0,normal,10.0,16000,160000
D:\pump\id_04\normal\00000447.wav,id_04,0,normal,10.0,16000,160000
D:\pump\id_00\normal\00000307.wav,id_00,0,normal,10.0,16000,160000
D:\pump\id_06\normal\00000988.wav,id_06,0,normal,10.0,16000,160000
D:\pump\id_00\normal\00000977.wav,id_00,0,normal,10.0,16000,160000
D:\pump\id_02\normal\00000651.wav,id_02,0,normal,10.0,16000,160000
D:\pump\id_06\normal\00000874.wav,id_06,0,normal,10.0,16000,160000
D:\pump\id_00\normal\00000041.wav,id_00,0,normal,10.0,16000,160000
D:\pump\id_00\normal\00000850.wav,id_00,0,normal,10.0,16000,160000
D:\pump\id_04\abnormal\00000097.wav,id_04,1,abnormal,10.0,16000,160000
D:\pump\id_04\normal\00000118.wav,id_04,0,normal,10.0,16000,160000
D:\pump\id_04\normal\00000326.wav,id_04,0,normal,10.0,16000,160000
D:\pump\id_02\normal\00000427.wav,id_02,0,normal,10.0,16000,160000
D:\pump\id_00\normal\00000125.wav,id_00,0,normal,10.0,16000,160000
D:\pump\id_00\abnormal\00000057.wav,id_00,1,abnormal,10.0,16000,160000
D:\pump\id_00\abnormal\00000101.wav,id_00,1,abnormal,10.0,16000,160000
D:\pump\id_04\normal\00000050.wav,id_04,0,normal,10.0,16000,160000
D:\pump\id_06\normal\00000168.wav,id_06,0,normal,10.0,16000,160000
D:\pump\id_00\normal\00000623.wav,id_00,0,normal,10.0,16000,160000
D:\pump\id_06\normal\00001019.wav,id_06,0,normal,10.0,16000,160000
D:\pump\id_06\normal\00000014.wav,id_06,0,normal,10.0,16000,160000
D:\pump\id_06\normal\00000006.wav,id_06,0,normal,10.0,16000,160000
D:\pump\id_02\normal\00000906.wav,id_02,0,normal,10.0,16000,160000
D:\pump\id_00\abnormal\00000078.wav,id_00,1,abnormal,10.0,16000,160000
D:\pump\id_06\normal\00000139.wav,id_06,0,normal,10.0,16000,160000
D:\pump\id_02\normal\00000407.wav,id_02,0,normal,10.0,16000,160000
D:\pump\id_00\normal\00000157.wav,id_00,0,normal,10.0,16000,160000
D:\pump\id_04\normal\00000241.wav,id_04,0,normal,10.0,16000,160000
D:\pump\id_06\normal\00000569.wav,id_06,0,normal,10.0,16000,160000
D:\pump\id_00\normal\00000019.wav,id_00,0,normal,10.0,16000,160000
D:\pump\id_04\normal\00000572.wav,id_04,0,normal,10.0,16000,160000
D:\pump\id_06\normal\00000473.wav,id_06,0,normal,10.0,16000,160000
D:\pump\id_00\normal\00000536.wav,id_00,0,normal,10.0,16000,160000
D:\pump\id_02\normal\00000681.wav,id_02,0,normal,10.0,16000,160000
D:\pump\id_06\normal\00000017.wav,id_06,0,normal,10.0,16000,160000
D:\pump\id_06\normal\00000273.wav,id_06,0,normal,10.0,16000,160000
D:\pump\id_06\normal\00000418.wav,id_06,0,normal,10.0,16000,160000
D:\pump\id_02\normal\00000817.wav,id_02,0,normal,10.0,16000,160000
D:\pump\id_04\normal\00000117.wav,id_04,0,normal,10.0,16000,160000
D:\pump\id_06\abnormal\00000065.wav,id_06,1,abnormal,10.0,16000,160000
D:\pump\id_06\normal\00000984.wav,id_06,0,normal,10.0,16000,160000
D:\pump\id_00\normal\00000616.wav,id_00,0,normal,10.0,16000,160000
D:\pump\id_00\abnormal\00000047.wav,id_00,1,abnormal,10.0,16000,160000
D:\pump\id_02\abnormal\00000003.wav,id_02,1,abnormal,10.0,16000,160000
D:\pump\id_04\normal\00000598.wav,id_04,0,normal,10.0,16000,160000
D:\pump\id_04\normal\00000603.wav,id_04,0,normal,10.0,16000,160000
D:\pump\id_04\normal\00000413.wav,id_04,0,normal,10.0,16000,160000
D:\pump\id_02\abnormal\00000106.wav,id_02,1,abnormal,10.0,16000,160000
D:\pump\id_06\normal\00000434.wav,id_06,0,normal,10.0,16000,160000
D:\pump\id_02\normal\00000694.wav,id_02,0,normal,10.0,16000,160000
D:\pump\id_02\normal\00000025.wav,id_02,0,normal,10.0,16000,160000
D:\pump\id_00\normal\00000236.wav,id_00,0,normal,10.0,16000,160000
D:\pump\id_00\normal\00000590.wav,id_00,0,normal,10.0,16000,160000
D:\pump\id_02\normal\00000742.wav,id_02,0,normal,10.0,16000,160000
D:\pump\id_00\normal\00000827.wav,id_00,0,normal,10.0,16000,160000
D:\pump\id_06\normal\00000180.wav,id_06,0,normal,10.0,16000,160000
D:\pump\id_00\normal\00000429.wav,id_00,0,normal,10.0,16000,160000
D:\pump\id_06\normal\00000130.wav,id_06,0,normal,10.0,16000,160000
D:\pump\id_06\normal\00000368.wav,id_06,0,normal,10.0,16000,160000
D:\pump\id_00\normal\00000495.wav,id_00,0,normal,10.0,16000,160000
D:\pump\id_02\normal\00000562.wav,id_02,0,normal,10.0,16000,160000
D:\pump\id_06\normal\00000043.wav,id_06,0,normal,10.0,16000,160000
D:\pump\id_06\normal\00000517.wav,id_06,0,normal,10.0,16000,160000
D:\pump\id_00\normal\00000960.wav,id_00,0,normal,10.0,16000,160000
D:\pump\id_00\normal\00000305.wav,id_00,0,normal,10.0,16000,160000
D:\pump\id_00\normal\00000150.wav,id_00,0,normal,10.0,16000,160000
D:\pump\id_00\abnormal\00000019.wav,id_00,1,abnormal,10.0,16000,160000
D:\pump\id_02\normal\00000668.wav,id_02,0,normal,10.0,16000,160000
D:\pump\id_04\normal\00000609.wav,id_04,0,normal,10.0,16000,160000
D:\pump\id_06\normal\00000164.wav,id_06,0,normal,10.0,16000,160000
D:\pump\id_04\normal\00000027.wav,id_04,0,normal,10.0,16000,160000
D:\pump\id_06\normal\00000138.wav,id_06,0,normal,10.0,16000,160000
D:\pump\id_02\normal\00000195.wav,id_02,0,normal,10.0,16000,160000
D:\pump\id_04\normal\00000600.wav,id_04,0,normal,10.0,16000,160000
D:\pump\id_02\normal\00000564.wav,id_02,0,normal,10.0,16000,160000
D:\pump\id_00\normal\00000530.wav,id_00,0,normal,10.0,16000,160000
D:\pump\id_00\normal\00000163.wav,id_00,0,normal,10.0,16000,160000
D:\pump\id_04\normal\00000244.wav,id_04,0,normal,10.0,16000,160000
D:\pump\id_06\normal\00000174.wav,id_06,0,normal,10.0,16000,160000
D:\pump\id_04\normal\00000601.wav,id_04,0,normal,10.0,16000,160000
D:\pump\id_00\normal\00000260.wav,id_00,0,normal,10.0,16000,160000
D:\pump\id_00\normal\00000103.wav,id_00,0,normal,10.0,16000,160000
D:\pump\id_02\abnormal\00000026.wav,id_02,1,abnormal,10.0,16000,160000
D:\pump\id_04\normal\00000385.wav,id_04,0,normal,10.0,16000,160000
D:\pump\id_04\normal\00000299.wav,id_04,0,normal,10.0,16000,160000
D:\pump\id_02\normal\00000939.wav,id_02,0,normal,10.0,16000,160000
D:\pump\id_02\normal\00000702.wav,id_02,0,normal,10.0,16000,160000
D:\pump\id_04\normal\00000053.wav,id_04,0,normal,10.0,16000,160000
D:\pump\id_06\normal\00000284.wav,id_06,0,normal,10.0,16000,160000
D:\pump\id_00\normal\00000793.wav,id_00,0,normal,10.0,16000,160000
D:\pump\id_02\normal\00000431.wav,id_02,0,normal,10.0,16000,160000
D:\pump\id_00\normal\00000784.wav,id_00,0,normal,10.0,16000,160000
D:\pump\id_02\normal\00000249.wav,id_02,0,normal,10.0,16000,160000
D:\pump\id_06\normal\00000066.wav,id_06,0,normal,10.0,16000,160000
D:\pump\id_06\normal\00000472.wav,id_06,0,normal,10.0,16000,160000
D:\pump\id_00\normal\00000781.wav,id_00,0,normal,10.0,16000,160000
D:\pump\id_06\normal\00000502.wav,id_06,0,normal,10.0,16000,160000
D:\pump\id_02\abnormal\00000031.wav,id_02,1,abnormal,10.0,16000,160000
D:\pump\id_06\normal\00000607.wav,id_06,0,normal,10.0,16000,160000
D:\pump\id_02\abnormal\00000019.wav,id_02,1,abnormal,10.0,16000,160000
D:\pump\id_04\normal\00000372.wav,id_04,0,normal,10.0,16000,160000
D:\pump\id_06\abnormal\00000030.wav,id_06,1,abnormal,10.0,16000,160000
D:\pump\id_04\normal\00000691.wav,id_04,0,normal,10.0,16000,160000
D:\pump\id_02\normal\00000869.wav,id_02,0,normal,10.0,16000,160000
D:\pump\id_06\normal\00000187.wav,id_06,0,normal,10.0,16000,160000
D:\pump\id_00\normal\00000310.wav,id_00,0,normal,10.0,16000,160000
D:\pump\id_06\normal\00000862.wav,id_06,0,normal,10.0,16000,160000
D:\pump\id_06\normal\00000390.wav,id_06,0,normal,10.0,16000,160000
D:\pump\id_02\normal\00000125.wav,id_02,0,normal,10.0,16000,160000
D:\pump\id_02\normal\00000543.wav,id_02,0,normal,10.0,16000,160000
D:\pump\id_02\normal\00000331.wav,id_02,0,normal,10.0,16000,160000
D:\pump\id_02\normal\00000265.wav,id_02,0,normal,10.0,16000,160000
D:\pump\id_02\normal\00000590.wav,id_02,0,normal,10.0,16000,160000
D:\pump\id_04\normal\00000659.wav,id_04,0,normal,10.0,16000,160000
D:\pump\id_06\normal\00000183.wav,id_06,0,normal,10.0,16000,160000
D:\pump\id_02\normal\00000515.wav,id_02,0,normal,10.0,16000,160000
D:\pump\id_00\abnormal\00000032.wav,id_00,1,abnormal,10.0,16000,160000
D:\pump\id_06\normal\00000730.wav,id_06,0,normal,10.0,16000,160000
D:\pump\id_00\normal\00000558.wav,id_00,0,normal,10.0,16000,160000
D:\pump\id_06\normal\00000798.wav,id_06,0,normal,10.0,16000,160000
D:\pump\id_02\normal\00000139.wav,id_02,0,normal,10.0,16000,160000
D:\pump\id_04\normal\00000016.wav,id_04,0,normal,10.0,16000,160000
D:\pump\id_00\normal\00000912.wav,id_00,0,normal,10.0,16000,160000
D:\pump\id_06\normal\00000943.wav,id_06,0,normal,10.0,16000,160000
D:\pump\id_04\normal\00000507.wav,id_04,0,normal,10.0,16000,160000
D:\pump\id_02\normal\00000635.wav,id_02,0,normal,10.0,16000,160000
D:\pump\id_04\normal\00000303.wav,id_04,0,normal,10.0,16000,160000
D:\pump\id_02\normal\00000491.wav,id_02,0,normal,10.0,16000,160000
D:\pump\id_00\normal\00000409.wav,id_00,0,normal,10.0,16000,160000
D:\pump\id_00\normal\00000196.wav,id_00,0,normal,10.0,16000,160000
D:\pump\id_02\normal\00000842.wav,id_02,0,normal,10.0,16000,160000
D:\pump\id_04\normal\00000152.wav,id_04,0,normal,10.0,16000,160000
D:\pump\id_02\normal\00000921.wav,id_02,0,normal,10.0,16000,160000
D:\pump\id_00\normal\00000353.wav,id_00,0,normal,10.0,16000,160000
D:\pump\id_06\normal\00000809.wav,id_06,0,normal,10.0,16000,160000
D:\pump\id_00\normal\00000426.wav,id_00,0,normal,10.0,16000,160000
D:\pump\id_02\normal\00000648.wav,id_02,0,normal,10.0,16000,160000
D:\pump\id_02\abnormal\00000073.wav,id_02,1,abnormal,10.0,16000,160000
D:\pump\id_00\normal\00000012.wav,id_00,0,normal,10.0,16000,160000
D:\pump\id_02\normal\00000261.wav,id_02,0,normal,10.0,16000,160000
D:\pump\id_06\normal\00000973.wav,id_06,0,normal,10.0,16000,160000
D:\pump\id_06\normal\00000133.wav,id_06,0,normal,10.0,16000,160000
D:\pump\id_04\normal\00000108.wav,id_04,0,normal,10.0,16000,160000
D:\pump\id_04\normal\00000690.wav,id_04,0,normal,10.0,16000,160000
D:\pump\id_06\abnormal\00000087.wav,id_06,1,abnormal,10.0,16000,160000
D:\pump\id_04\normal\00000384.wav,id_04,0,normal,10.0,16000,160000
D:\pump\id_00\normal\00000820.wav,id_00,0,normal,10.0,16000,160000
D:\pump\id_04\abnormal\00000081.wav,id_04,1,abnormal,10.0,16000,160000
D:\pump\id_06\normal\00000800.wav,id_06,0,normal,10.0,16000,160000
D:\pump\id_02\normal\00000002.wav,id_02,0,normal,10.0,16000,160000
D:\pump\id_00\normal\00000630.wav,id_00,0,normal,10.0,16000,160000
D:\pump\id_06\normal\00000939.wav,id_06,0,normal,10.0,16000,160000
D:\pump\id_00\normal\00000312.wav,id_00,0,normal,10.0,16000,160000
D:\pump\id_00\normal\00000114.wav,id_00,0,normal,10.0,16000,160000
D:\pump\id_02\normal\00000815.wav,id_02,0,normal,10.0,16000,160000
D:\pump\id_04\normal\00000292.wav,id_04,0,normal,10.0,16000,160000
D:\pump\id_00\abnormal\00000082.wav,id_00,1,abnormal,10.0,16000,160000
D:\pump\id_06\normal\00000832.wav,id_06,0,normal,10.0,16000,160000
D:\pump\id_00\normal\00000155.wav,id_00,0,normal,10.0,16000,160000
D:\pump\id_02\normal\00000425.wav,id_02,0,normal,10.0,16000,160000
D:\pump\id_06\normal\00000685.wav,id_06,0,normal,10.0,16000,160000
D:\pump\id_02\abnormal\00000021.wav,id_02,1,abnormal,10.0,16000,160000
D:\pump\id_02\normal\00000334.wav,id_02,0,normal,10.0,16000,160000
D:\pump\id_00\normal\00000544.wav,id_00,0,normal,10.0,16000,160000
D:\pump\id_04\normal\00000408.wav,id_04,0,normal,10.0,16000,160000
D:\pump\id_06\normal\00000751.wav,id_06,0,normal,10.0,16000,160000
D:\pump\id_00\normal\00000213.wav,id_00,0,normal,10.0,16000,160000
D:\pump\id_06\normal\00000810.wav,id_06,0,normal,10.0,16000,160000
D:\pump\id_02\normal\00000759.wav,id_02,0,normal,10.0,16000,160000
D:\pump\id_00\normal\00000571.wav,id_00,0,normal,10.0,16000,160000
D:\pump\id_06\abnormal\00000101.wav,id_06,1,abnormal,10.0,16000,160000
D:\pump\id_06\normal\00000160.wav,id_06,0,normal,10.0,16000,160000
D:\pump\id_02\normal\00000220.wav,id_02,0,normal,10.0,16000,160000
D:\pump\id_06\normal\00000478.wav,id_06,0,normal,10.0,16000,160000
D:\pump\id_00\normal\00000284.wav,id_00,0,normal,10.0,16000,160000
D:\pump\id_04\normal\00000652.wav,id_04,0,normal,10.0,16000,160000
D:\pump\id_02\normal\00000492.wav,id_02,0,normal,10.0,16000,160000
D:\pump\id_04\normal\00000102.wav,id_04,0,normal,10.0,16000,160000
D:\pump\id_06\normal\00000826.wav,id_06,0,normal,10.0,16000,160000
D:\pump\id_02\normal\00000978.wav,id_02,0,normal,10.0,16000,160000
D:\pump\id_06\normal\00000121.wav,id_06,0,normal,10.0,16000,160000
D:\pump\id_00\normal\00000262.wav,id_00,0,normal,10.0,16000,160000
D:\pump\id_02\normal\00000101.wav,id_02,0,normal,10.0,16000,160000
D:\pump\id_00\normal\00000278.wav,id_00,0,normal,10.0,16000,160000
D:\pump\id_06\normal\00000790.wav,id_06,0,normal,10.0,16000,160000
D:\pump\id_06\normal\00000022.wav,id_06,0,normal,10.0,16000,160000
D:\pump\id_00\normal\00000765.wav,id_00,0,normal,10.0,16000,160000
D:\pump\id_06\normal\00000535.wav,id_06,0,normal,10.0,16000,160000
D:\pump\id_02\normal\00000644.wav,id_02,0,normal,10.0,16000,160000
D:\pump\id_02\normal\00000014.wav,id_02,0,normal,10.0,16000,160000
D:\pump\id_06\normal\00000404.wav,id_06,0,normal,10.0,16000,160000
D:\pump\id_00\abnormal\00000050.wav,id_00,1,abnormal,10.0,16000,160000
D:\pump\id_02\normal\00000901.wav,id_02,0,normal,10.0,16000,160000
D:\pump\id_04\normal\00000615.wav,id_04,0,normal,10.0,16000,160000
D:\pump\id_04\normal\00000637.wav,id_04,0,normal,10.0,16000,160000
D:\pump\id_04\normal\00000293.wav,id_04,0,normal,10.0,16000,160000
D:\pump\id_06\normal\00000555.wav,id_06,0,normal,10.0,16000,160000
D:\pump\id_06\normal\00000966.wav,id_06,0,normal,10.0,16000,160000
D:\pump\id_06\normal\00000843.wav,id_06,0,normal,10.0,16000,160000
D:\pump\id_00\normal\00000367.wav,id_00,0,normal,10.0,16000,160000
D:\pump\id_00\normal\00000380.wav,id_00,0,normal,10.0,16000,160000
D:\pump\id_06\normal\00000439.wav,id_06,0,normal,10.0,16000,160000
D:\pump\id_02\abnormal\00000083.wav,id_02,1,abnormal,10.0,16000,160000
D:\pump\id_04\normal\00000203.wav,id_04,0,normal,10.0,16000,160000
D:\pump\id_04\normal\00000274.wav,id_04,0,normal,10.0,16000,160000
D:\pump\id_06\normal\00000697.wav,id_06,0,normal,10.0,16000,160000
D:\pump\id_06\normal\00000993.wav,id_06,0,normal,10.0,16000,160000
D:\pump\id_06\normal\00000725.wav,id_06,0,normal,10.0,16000,160000
D:\pump\id_06\normal\00000257.wav,id_06,0,normal,10.0,16000,160000
D:\pump\id_04\normal\00000322.wav,id_04,0,normal,10.0,16000,160000
D:\pump\id_04\normal\00000563.wav,id_04,0,normal,10.0,16000,160000
D:\pump\id_02\normal\00000739.wav,id_02,0,normal,10.0,16000,160000
D:\pump\id_02\normal\00000779.wav,id_02,0,normal,10.0,16000,160000
D:\pump\id_02\normal\00000044.wav,id_02,0,normal,10.0,16000,160000
D:\pump\id_02\normal\00000903.wav,id_02,0,normal,10.0,16000,160000
D:\pump\id_04\normal\00000628.wav,id_04,0,normal,10.0,16000,160000
D:\pump\id_04\normal\00000260.wav,id_04,0,normal,10.0,16000,160000
D:\pump\id_06\normal\00000732.wav,id_06,0,normal,10.0,16000,160000
D:\pump\id_02\normal\00000357.wav,id_02,0,normal,10.0,16000,160000
D:\pump\id_06\normal\00000879.wav,id_06,0,normal,10.0,16000,160000
D:\pump\id_02\normal\00000036.wav,id_02,0,normal,10.0,16000,160000
D:\pump\id_02\normal\00000268.wav,id_02,0,normal,10.0,16000,160000
D:\pump\id_00\normal\00000890.wav,id_00,0,normal,10.0,16000,160000
D:\pump\id_00\normal\00000292.wav,id_00,0,normal,10.0,16000,160000
D:\pump\id_02\normal\00000401.wav,id_02,0,normal,10.0,16000,160000
D:\pump\id_04\normal\00000188.wav,id_04,0,normal,10.0,16000,160000
D:\pump\id_02\normal\00000641.wav,id_02,0,normal,10.0,16000,160000
D:\pump\id_06\normal\00000742.wav,id_06,0,normal,10.0,16000,160000
D:\pump\id_04\normal\00000321.wav,id_04,0,normal,10.0,16000,160000
D:\pump\id_02\normal\00000849.wav,id_02,0,normal,10.0,16000,160000
D:\pump\id_06\normal\00000806.wav,id_06,0,normal,10.0,16000,160000
D:\pump\id_06\normal\00000004.wav,id_06,0,normal,10.0,16000,160000
D:\pump\id_04\abnormal\00000009.wav,id_04,1,abnormal,10.0,16000,160000
D:\pump\id_00\normal\00000778.wav,id_00,0,normal,10.0,16000,160000
D:\pump\id_02\normal\00000330.wav,id_02,0,normal,10.0,16000,160000
D:\pump\id_00\normal\00000836.wav,id_00,0,normal,10.0,16000,160000
D:\pump\id_04\normal\00000174.wav,id_04,0,normal,10.0,16000,160000
D:\pump\id_04\normal\00000290.wav,id_04,0,normal,10.0,16000,160000
D:\pump\id_00\normal\00000092.wav,id_00,0,normal,10.0,16000,160000
D:\pump\id_02\normal\00000931.wav,id_02,0,normal,10.0,16000,160000
D:\pump\id_02\normal\00000986.wav,id_02,0,normal,10.0,16000,160000
D:\pump\id_06\normal\00000091.wav,id_06,0,normal,10.0,16000,160000
D:\pump\id_06\normal\00000199.wav,id_06,0,normal,10.0,16000,160000
D:\pump\id_02\normal\00000521.wav,id_02,0,normal,10.0,16000,160000
D:\pump\id_06\normal\00000047.wav,id_06,0,normal,10.0,16000,160000
D:\pump\id_00\normal\00000417.wav,id_00,0,normal,10.0,16000,160000
D:\pump\id_06\normal\00000446.wav,id_06,0,normal,10.0,16000,160000
D:\pump\id_04\abnormal\00000015.wav,id_04,1,abnormal,10.0,16000,160000
D:\pump\id_00\normal\00000109.wav,id_00,0,normal,10.0,16000,160000
D:\pump\id_02\normal\00000424.wav,id_02,0,normal,10.0,16000,160000
D:\pump\id_04\normal\00000005.wav,id_04,0,normal,10.0,16000,160000
D:\pump\id_02\normal\00000884.wav,id_02,0,normal,10.0,16000,160000
D:\pump\id_04\normal\00000197.wav,id_04,0,normal,10.0,16000,160000
D:\pump\id_02\normal\00000198.wav,id_02,0,normal,10.0,16000,160000
D:\pump\id_06\abnormal\00000028.wav,id_06,1,abnormal,10.0,16000,160000
D:\pump\id_06\normal\00001021.wav,id_06,0,normal,10.0,16000,160000
D:\pump\id_06\normal\00000364.wav,id_06,0,normal,10.0,16000,160000
D:\pump\id_00\normal\00000785.wav,id_00,0,normal,10.0,16000,160000
D:\pump\id_06\normal\00001012.wav,id_06,0,normal,10.0,16000,160000
D:\pump\id_00\normal\00000980.wav,id_00,0,normal,10.0,16000,160000
D:\pump\id_04\normal\00000025.wav,id_04,0,normal,10.0,16000,160000
D:\pump\id_04\normal\00000071.wav,id_04,0,normal,10.0,16000,160000
D:\pump\id_04\normal\00000121.wav,id_04,0,normal,10.0,16000,160000
D:\pump\id_06\normal\00000665.wav,id_06,0,normal,10.0,16000,160000
D:\pump\id_06\normal\00000296.wav,id_06,0,normal,10.0,16000,160000
D:\pump\id_02\abnormal\00000062.wav,id_02,1,abnormal,10.0,16000,160000
D:\pump\id_02\abnormal\00000081.wav,id_02,1,abnormal,10.0,16000,160000
D:\pump\id_04\normal\00000298.wav,id_04,0,normal,10.0,16000,160000
D:\pump\id_06\normal\00000438.wav,id_06,0,normal,10.0,16000,160000
D:\pump\id_06\normal\00000276.wav,id_06,0,normal,10.0,16000,160000
D:\pump\id_04\abnormal\00000078.wav,id_04,1,abnormal,10.0,16000,160000
D:\pump\id_06\normal\00000016.wav,id_06,0,normal,10.0,16000,160000
D:\pump\id_00\normal\00000271.wav,id_00,0,normal,10.0,16000,160000
D:\pump\id_00\abnormal\00000002.wav,id_00,1,abnormal,10.0,16000,160000
D:\pump\id_00\normal\00000750.wav,id_00,0,normal,10.0,16000,160000
D:\pump\id_00\normal\00000480.wav,id_00,0,normal,10.0,16000,160000
D:\pump\id_02\normal\00000576.wav,id_02,0,normal,10.0,16000,160000
D:\pump\id_02\normal\00000980.wav,id_02,0,normal,10.0,16000,160000
D:\pump\id_04\normal\00000187.wav,id_04,0,normal,10.0,16000,160000
D:\pump\id_06\normal\00000195.wav,id_06,0,normal,10.0,16000,160000
D:\pump\id_04\normal\00000064.wav,id_04,0,normal,10.0,16000,160000
D:\pump\id_00\normal\00000184.wav,id_00,0,normal,10.0,16000,160000
D:\pump\id_02\normal\00000205.wav,id_02,0,normal,10.0,16000,160000
D:\pump\id_04\normal\00000346.wav,id_04,0,normal,10.0,16000,160000
D:\pump\id_02\abnormal\00000095.wav,id_02,1,abnormal,10.0,16000,160000
D:\pump\id_02\normal\00000960.wav,id_02,0,normal,10.0,16000,160000
D:\pump\id_00\normal\00000940.wav,id_00,0,normal,10.0,16000,160000
D:\pump\id_06\abnormal\00000010.wav,id_06,1,abnormal,10.0,16000,160000
D:\pump\id_04\normal\00000416.wav,id_04,0,normal,10.0,16000,160000
D:\pump\id_04\abnormal\00000053.wav,id_04,1,abnormal,10.0,16000,160000
D:\pump\id_04\abnormal\00000088.wav,id_04,1,abnormal,10.0,16000,160000
D:\pump\id_00\normal\00000570.wav,id_00,0,normal,10.0,16000,160000
D:\pump\id_00\normal\00000971.wav,id_00,0,normal,10.0,16000,160000
D:\pump\id_00\normal\00000207.wav,id_00,0,normal,10.0,16000,160000
D:\pump\id_02\normal\00000529.wav,id_02,0,normal,10.0,16000,160000
D:\pump\id_00\normal\00000675.wav,id_00,0,normal,10.0,16000,160000
D:\pump\id_02\normal\00000712.wav,id_02,0,normal,10.0,16000,160000
D:\pump\id_00\abnormal\00000073.wav,id_00,1,abnormal,10.0,16000,160000
D:\pump\id_00\normal\00000038.wav,id_00,0,normal,10.0,16000,160000
D:\pump\id_06\normal\00000567.wav,id_06,0,normal,10.0,16000,160000
D:\pump\id_06\normal\00000156.wav,id_06,0,normal,10.0,16000,160000
D:\pump\id_04\normal\00000616.wav,id_04,0,normal,10.0,16000,160000
D:\pump\id_00\normal\00000664.wav,id_00,0,normal,10.0,16000,160000
D:\pump\id_00\abnormal\00000038.wav,id_00,1,abnormal,10.0,16000,160000
D:\pump\id_02\normal\00000627.wav,id_02,0,normal,10.0,16000,160000
D:\pump\id_02\normal\00000965.wav,id_02,0,normal,10.0,16000,160000
D:\pump\id_00\abnormal\00000030.wav,id_00,1,abnormal,10.0,16000,160000
D:\pump\id_06\normal\00000386.wav,id_06,0,normal,10.0,16000,160000
D:\pump\id_02\normal\00000444.wav,id_02,0,normal,10.0,16000,160000
D:\pump\id_04\abnormal\00000095.wav,id_04,1,abnormal,10.0,16000,160000
D:\pump\id_06\normal\00000012.wav,id_06,0,normal,10.0,16000,160000
D:\pump\id_02\normal\00000094.wav,id_02,0,normal,10.0,16000,160000
D:\pump\id_06\normal\00000081.wav,id_06,0,normal,10.0,16000,160000
D:\pump\id_06\normal\00000335.wav,id_06,0,normal,10.0,16000,160000
D:\pump\id_02\normal\00000483.wav,id_02,0,normal,10.0,16000,160000
D:\pump\id_06\normal\00000492.wav,id_06,0,normal,10.0,16000,160000
D:\pump\id_00\normal\00000423.wav,id_00,0,normal,10.0,16000,160000
D:\pump\id_06\normal\00000915.wav,id_06,0,normal,10.0,16000,160000
D:\pump\id_04\normal\00000474.wav,id_04,0,normal,10.0,16000,160000
D:\pump\id_00\normal\00000291.wav,id_00,0,normal,10.0,16000,160000
D:\pump\id_06\normal\00000210.wav,id_06,0,normal,10.0,16000,160000
D:\pump\id_00\normal\00000234.wav,id_00,0,normal,10.0,16000,160000
D:\pump\id_02\normal\00000934.wav,id_02,0,normal,10.0,16000,160000
D:\pump\id_02\normal\00000117.wav,id_02,0,normal,10.0,16000,160000
D:\pump\id_06\normal\00000698.wav,id_06,0,normal,10.0,16000,160000
D:\pump\id_00\normal\00000456.wav,id_00,0,normal,10.0,16000,160000
D:\pump\id_02\normal\00000278.wav,id_02,0,normal,10.0,16000,160000
D:\pump\id_00\normal\00000336.wav,id_00,0,normal,10.0,16000,160000
D:\pump\id_06\normal\00000890.wav,id_06,0,normal,10.0,16000,160000
D:\pump\id_06\normal\00001017.wav,id_06,0,normal,10.0,16000,160000
D:\pump\id_00\normal\00000332.wav,id_00,0,normal,10.0,16000,160000
D:\pump\id_06\normal\00000070.wav,id_06,0,normal,10.0,16000,160000
D:\pump\id_06\normal\00000165.wav,id_06,0,normal,10.0,16000,160000
D:\pump\id_04\normal\00000580.wav,id_04,0,normal,10.0,16000,160000
D:\pump\id_02\normal\00000306.wav,id_02,0,normal,10.0,16000,160000
D:\pump\id_06\normal\00000534.wav,id_06,0,normal,10.0,16000,160000
D:\pump\id_00\abnormal\00000043.wav,id_00,1,abnormal,10.0,16000,160000
D:\pump\id_02\normal\00000856.wav,id_02,0,normal,10.0,16000,160000
D:\pump\id_00\abnormal\00000056.wav,id_00,1,abnormal,10.0,16000,160000
D:\pump\id_06\normal\00000021.wav,id_06,0,normal,10.0,16000,160000
D:\pump\id_04\normal\00000131.wav,id_04,0,normal,10.0,16000,160000
D:\pump\id_00\normal\00000043.wav,id_00,0,normal,10.0,16000,160000
D:\pump\id_06\normal\00000573.wav,id_06,0,normal,10.0,16000,160000
D:\pump\id_02\normal\00000509.wav,id_02,0,normal,10.0,16000,160000
D:\pump\id_04\normal\00000644.wav,id_04,0,normal,10.0,16000,160000
D:\pump\id_04\normal\00000026.wav,id_04,0,normal,10.0,16000,160000
D:\pump\id_02\normal\00000356.wav,id_02,0,normal,10.0,16000,160000
D:\pump\id_00\normal\00000349.wav,id_00,0,normal,10.0,16000,160000
D:\pump\id_02\normal\00000227.wav,id_02,0,normal,10.0,16000,160000
D:\pump\id_04\normal\00000364.wav,id_04,0,normal,10.0,16000,160000
D:\pump\id_06\normal\00000582.wav,id_06,0,normal,10.0,16000,160000
D:\pump\id_02\normal\00000808.wav,id_02,0,normal,10.0,16000,160000
D:\pump\id_00\normal\00000999.wav,id_00,0,normal,10.0,16000,160000
D:\pump\id_02\normal\00000561.wav,id_02,0,normal,10.0,16000,160000
D:\pump\id_02\normal\00000951.wav,id_02,0,normal,10.0,16000,160000
D:\pump\id_04\normal\00000680.wav,id_04,0,normal,10.0,16000,160000
D:\pump\id_06\abnormal\00000016.wav,id_06,1,abnormal,10.0,16000,160000
D:\pump\id_04\normal\00000351.wav,id_04,0,normal,10.0,16000,160000
D:\pump\id_00\normal\00000237.wav,id_00,0,normal,10.0,16000,160000
D:\pump\id_02\normal\00000696.wav,id_02,0,normal,10.0,16000,160000
D:\pump\id_06\normal\00000921.wav,id_06,0,normal,10.0,16000,160000
D:\pump\id_06\normal\00000634.wav,id_06,0,normal,10.0,16000,160000
D:\pump\id_02\normal\00000347.wav,id_02,0,normal,10.0,16000,160000
D:\pump\id_06\normal\00000533.wav,id_06,0,normal,10.0,16000,160000
D:\pump\id_06\normal\00000853.wav,id_06,0,normal,10.0,16000,160000
D:\pump\id_04\normal\00000377.wav,id_04,0,normal,10.0,16000,160000
D:\pump\id_02\normal\00000373.wav,id_02,0,normal,10.0,16000,160000
D:\pump\id_06\normal\00001025.wav,id_06,0,normal,10.0,16000,160000
D:\pump\id_04\normal\00000501.wav,id_04,0,normal,10.0,16000,160000
D:\pump\id_04\abnormal\00000006.wav,id_04,1,abnormal,10.0,16000,160000
D:\pump\id_06\normal\00000185.wav,id_06,0,normal,10.0,16000,160000
D:\pump\id_04\normal\00000107.wav,id_04,0,normal,10.0,16000,160000
D:\pump\id_06\normal\00000387.wav,id_06,0,normal,10.0,16000,160000
D:\pump\id_00\normal\00000837.wav,id_00,0,normal,10.0,16000,160000
D:\pump\id_02\normal\00000222.wav,id_02,0,normal,10.0,16000,160000
D:\pump\id_04\normal\00000591.wav,id_04,0,normal,10.0,16000,160000
D:\pump\id_06\normal\00000150.wav,id_06,0,normal,10.0,16000,160000
D:\pump\id_02\abnormal\00000038.wav,id_02,1,abnormal,10.0,16000,160000
D:\pump\id_00\normal\00000094.wav,id_00,0,normal,10.0,16000,160000
D:\pump\id_06\normal\00000378.wav,id_06,0,normal,10.0,16000,160000
D:\pump\id_06\normal\00000039.wav,id_06,0,normal,10.0,16000,160000
D:\pump\id_06\normal\00000666.wav,id_06,0,normal,10.0,16000,160000
D:\pump\id_00\normal\00000116.wav,id_00,0,normal,10.0,16000,160000
D:\pump\id_04\normal\00000629.wav,id_04,0,normal,10.0,16000,160000
D:\pump\id_02\normal\00000382.wav,id_02,0,normal,10.0,16000,160000
D:\pump\id_06\normal\00000625.wav,id_06,0,normal,10.0,16000,160000
D:\pump\id_04\normal\00000199.wav,id_04,0,normal,10.0,16000,160000
D:\pump\id_04\normal\00000125.wav,id_04,0,normal,10.0,16000,160000
D:\pump\id_06\normal\00000590.wav,id_06,0,normal,10.0,16000,160000
D:\pump\id_02\normal\00000619.wav,id_02,0,normal,10.0,16000,160000
D:\pump\id_02\normal\00000838.wav,id_02,0,normal,10.0,16000,160000
D:\pump\id_04\normal\00000044.wav,id_04,0,normal,10.0,16000,160000
D:\pump\id_06\normal\00000179.wav,id_06,0,normal,10.0,16000,160000
D:\pump\id_00\normal\00000635.wav,id_00,0,normal,10.0,16000,160000
D:\pump\id_02\normal\00000485.wav,id_02,0,normal,10.0,16000,160000
D:\pump\id_00\normal\00000695.wav,id_00,0,normal,10.0,16000,160000
D:\pump\id_00\normal\00000210.wav,id_00,0,normal,10.0,16000,160000
D:\pump\id_02\normal\00000600.wav,id_02,0,normal,10.0,16000,160000
D:\pump\id_04\normal\00000119.wav,id_04,0,normal,10.0,16000,160000
D:\pump\id_02\normal\00000175.wav,id_02,0,normal,10.0,16000,160000
D:\pump\id_02\abnormal\00000082.wav,id_02,1,abnormal,10.0,16000,160000
D:\pump\id_00\normal\00000023.wav,id_00,0,normal,10.0,16000,160000
D:\pump\id_02\normal\00000156.wav,id_02,0,normal,10.0,16000,160000
D:\pump\id_04\normal\00000106.wav,id_04,0,normal,10.0,16000,160000
D:\pump\id_02\normal\00000874.wav,id_02,0,normal,10.0,16000,160000
D:\pump\id_06\normal\00000026.wav,id_06,0,normal,10.0,16000,160000
D:\pump\id_06\normal\00000917.wav,id_06,0,normal,10.0,16000,160000
D:\pump\id_02\normal\00000602.wav,id_02,0,normal,10.0,16000,160000
D:\pump\id_06\normal\00000690.wav,id_06,0,normal,10.0,16000,160000
D:\pump\id_06\normal\00000244.wav,id_06,0,normal,10.0,16000,160000
D:\pump\id_06\normal\00000350.wav,id_06,0,normal,10.0,16000,160000
D:\pump\id_06\abnormal\00000021.wav,id_06,1,abnormal,10.0,16000,160000
D:\pump\id_04\normal\00000084.wav,id_04,0,normal,10.0,16000,160000
D:\pump\id_04\abnormal\00000063.wav,id_04,1,abnormal,10.0,16000,160000
D:\pump\id_02\normal\00000043.wav,id_02,0,normal,10.0,16000,160000
D:\pump\id_06\normal\00000663.wav,id_06,0,normal,10.0,16000,160000
D:\pump\id_02\normal\00000893.wav,id_02,0,normal,10.0,16000,160000
D:\pump\id_06\normal\00000996.wav,id_06,0,normal,10.0,16000,160000
D:\pump\id_02\normal\00000217.wav,id_02,0,normal,10.0,16000,160000
D:\pump\id_02\normal\00000925.wav,id_02,0,normal,10.0,16000,160000
D:\pump\id_02\normal\00000969.wav,id_02,0,normal,10.0,16000,160000
D:\pump\id_04\abnormal\00000067.wav,id_04,1,abnormal,10.0,16000,160000
D:\pump\id_00\normal\00000848.wav,id_00,0,normal,10.0,16000,160000
D:\pump\id_02\normal\00000231.wav,id_02,0,normal,10.0,16000,160000
D:\pump\id_02\normal\00000718.wav,id_02,0,normal,10.0,16000,160000
D:\pump\id_02\abnormal\00000063.wav,id_02,1,abnormal,10.0,16000,160000
D:\pump\id_02\abnormal\00000064.wav,id_02,1,abnormal,10.0,16000,160000
D:\pump\id_06\normal\00000897.wav,id_06,0,normal,10.0,16000,160000
D:\pump\id_06\normal\00000407.wav,id_06,0,normal,10.0,16000,160000
D:\pump\id_00\normal\00000823.wav,id_00,0,normal,10.0,16000,160000
D:\pump\id_02\normal\00000384.wav,id_02,0,normal,10.0,16000,160000
D:\pump\id_06\normal\00000391.wav,id_06,0,normal,10.0,16000,160000
D:\pump\id_06\normal\00000192.wav,id_06,0,normal,10.0,16000,160000
D:\pump\id_02\normal\00000524.wav,id_02,0,normal,10.0,16000,160000
D:\pump\id_04\normal\00000073.wav,id_04,0,normal,10.0,16000,160000
D:\pump\id_04\normal\00000114.wav,id_04,0,normal,10.0,16000,160000
D:\pump\id_02\normal\00000948.wav,id_02,0,normal,10.0,16000,160000
D:\pump\id_02\normal\00000182.wav,id_02,0,normal,10.0,16000,160000
D:\pump\id_06\abnormal\00000018.wav,id_06,1,abnormal,10.0,16000,160000
D:\pump\id_06\normal\00001001.wav,id_06,0,normal,10.0,16000,160000
D:\pump\id_06\normal\00000084.wav,id_06,0,normal,10.0,16000,160000
D:\pump\id_00\abnormal\00000132.wav,id_00,1,abnormal,10.0,16000,160000
D:\pump\id_02\normal\00000332.wav,id_02,0,normal,10.0,16000,160000
D:\pump\id_06\normal\00000963.wav,id_06,0,normal,10.0,16000,160000
D:\pump\id_06\normal\00000523.wav,id_06,0,normal,10.0,16000,160000
D:\pump\id_04\normal\00000701.wav,id_04,0,normal,10.0,16000,160000
D:\pump\id_04\normal\00000472.wav,id_04,0,normal,10.0,16000,160000
D:\pump\id_02\normal\00000673.wav,id_02,0,normal,10.0,16000,160000
D:\pump\id_02\normal\00000924.wav,id_02,0,normal,10.0,16000,160000
D:\pump\id_06\normal\00000295.wav,id_06,0,normal,10.0,16000,160000
D:\pump\id_04\normal\00000361.wav,id_04,0,normal,10.0,16000,160000
D:\pump\id_00\normal\00000222.wav,id_00,0,normal,10.0,16000,160000
D:\pump\id_00\normal\00000115.wav,id_00,0,normal,10.0,16000,160000
D:\pump\id_04\normal\00000074.wav,id_04,0,normal,10.0,16000,160000
D:\pump\id_06\normal\00000469.wav,id_06,0,normal,10.0,16000,160000
D:\pump\id_00\abnormal\00000017.wav,id_00,1,abnormal,10.0,16000,160000
D:\pump\id_00\normal\00000117.wav,id_00,0,normal,10.0,16000,160000
D:\pump\id_00\normal\00000499.wav,id_00,0,normal,10.0,16000,160000
D:\pump\id_02\normal\00000057.wav,id_02,0,normal,10.0,16000,160000
D:\pump\id_02\normal\00000463.wav,id_02,0,normal,10.0,16000,160000
D:\pump\id_00\normal\00000148.wav,id_00,0,normal,10.0,16000,160000
D:\pump\id_06\normal\00000234.wav,id_06,0,normal,10.0,16000,160000
D:\pump\id_00\normal\00000832.wav,id_00,0,normal,10.0,16000,160000
D:\pump\id_02\normal\00000640.wav,id_02,0,normal,10.0,16000,160000
D:\pump\id_02\normal\00000512.wav,id_02,0,normal,10.0,16000,160000
D:\pump\id_00\normal\00000880.wav,id_00,0,normal,10.0,16000,160000
D:\pump\id_04\normal\00000388.wav,id_04,0,normal,10.0,16000,160000
D:\pump\id_00\normal\00000390.wav,id_00,0,normal,10.0,16000,160000
D:\pump\id_02\abnormal\00000053.wav,id_02,1,abnormal,10.0,16000,160000
D:\pump\id_00\normal\00000302.wav,id_00,0,normal,10.0,16000,160000
D:\pump\id_04\abnormal\00000089.wav,id_04,1,abnormal,10.0,16000,160000
D:\pump\id_00\normal\00000814.wav,id_00,0,normal,10.0,16000,160000
D:\pump\id_00\normal\00000175.wav,id_00,0,normal,10.0,16000,160000
D:\pump\id_06\normal\00000302.wav,id_06,0,normal,10.0,16000,160000
D:\pump\id_04\normal\00000562.wav,id_04,0,normal,10.0,16000,160000
D:\pump\id_00\abnormal\00000080.wav,id_00,1,abnormal,10.0,16000,160000
D:\pump\id_02\normal\00000173.wav,id_02,0,normal,10.0,16000,160000
D:\pump\id_04\normal\00000545.wav,id_04,0,normal,10.0,16000,160000
D:\pump\id_00\normal\00000290.wav,id_00,0,normal,10.0,16000,160000
D:\pump\id_02\normal\00000319.wav,id_02,0,normal,10.0,16000,160000
D:\pump\id_02\normal\00000448.wav,id_02,0,normal,10.0,16000,160000
D:\pump\id_04\normal\00000594.wav,id_04,0,normal,10.0,16000,160000
D:\pump\id_00\normal\00000152.wav,id_00,0,normal,10.0,16000,160000
D:\pump\id_04\normal\00000271.wav,id_04,0,normal,10.0,16000,160000
D:\pump\id_02\abnormal\00000061.wav,id_02,1,abnormal,10.0,16000,160000
D:\pump\id_02\normal\00000984.wav,id_02,0,normal,10.0,16000,160000
D:\pump\id_04\normal\00000147.wav,id_04,0,normal,10.0,16000,160000
D:\pump\id_06\normal\00000449.wav,id_06,0,normal,10.0,16000,160000
D:\pump\id_02\normal\00000912.wav,id_02,0,normal,10.0,16000,160000
D:\pump\id_04\normal\00000407.wav,id_04,0,normal,10.0,16000,160000
D:\pump\id_00\normal\00000296.wav,id_00,0,normal,10.0,16000,160000
D:\pump\id_00\abnormal\00000040.wav,id_00,1,abnormal,10.0,16000,160000
D:\pump\id_06\normal\00000129.wav,id_06,0,normal,10.0,16000,160000
D:\pump\id_06\normal\00000888.wav,id_06,0,normal,10.0,16000,160000
D:\pump\id_02\normal\00000328.wav,id_02,0,normal,10.0,16000,160000
D:\pump\id_06\normal\00000359.wav,id_06,0,normal,10.0,16000,160000
D:\pump\id_06\normal\00000553.wav,id_06,0,normal,10.0,16000,160000
D:\pump\id_00\normal\00000535.wav,id_00,0,normal,10.0,16000,160000
D:\pump\id_04\normal\00000382.wav,id_04,0,normal,10.0,16000,160000
D:\pump\id_02\normal\00000241.wav,id_02,0,normal,10.0,16000,160000
D:\pump\id_04\normal\00000211.wav,id_04,0,normal,10.0,16000,160000
D:\pump\id_02\normal\00000343.wav,id_02,0,normal,10.0,16000,160000
D:\pump\id_06\normal\00000969.wav,id_06,0,normal,10.0,16000,160000
D:\pump\id_00\normal\00000334.wav,id_00,0,normal,10.0,16000,160000
D:\pump\id_04\normal\00000473.wav,id_04,0,normal,10.0,16000,160000
D:\pump\id_06\normal\00000499.wav,id_06,0,normal,10.0,16000,160000
D:\pump\id_02\abnormal\00000001.wav,id_02,1,abnormal,10.0,16000,160000
D:\pump\id_00\normal\00000174.wav,id_00,0,normal,10.0,16000,160000
D:\pump\id_04\normal\00000438.wav,id_04,0,normal,10.0,16000,160000
D:\pump\id_02\normal\00000607.wav,id_02,0,normal,10.0,16000,160000
D:\pump\id_02\normal\00000154.wav,id_02,0,normal,10.0,16000,160000
D:\pump\id_02\normal\00000837.wav,id_02,0,normal,10.0,16000,160000
D:\pump\id_02\normal\00000801.wav,id_02,0,normal,10.0,16000,160000
D:\pump\id_06\normal\00000420.wav,id_06,0,normal,10.0,16000,160000
D:\pump\id_00\normal\00000688.wav,id_00,0,normal,10.0,16000,160000
D:\pump\id_06\normal\00000704.wav,id_06,0,normal,10.0,16000,160000
D:\pump\id_02\normal\00000210.wav,id_02,0,normal,10.0,16000,160000
D:\pump\id_06\normal\00000559.wav,id_06,0,normal,10.0,16000,160000
D:\pump\id_00\normal\00000728.wav,id_00,0,normal,10.0,16000,160000
D:\pump\id_02\normal\00000030.wav,id_02,0,normal,10.0,16000,160000
D:\pump\id_06\normal\00000365.wav,id_06,0,normal,10.0,16000,160000
D:\pump\id_02\normal\00000678.wav,id_02,0,normal,10.0,16000,160000
D:\pump\id_06\normal\00000277.wav,id_06,0,normal,10.0,16000,160000
D:\pump\id_04\normal\00000496.wav,id_04,0,normal,10.0,16000,160000
D:\pump\id_00\normal\00000445.wav,id_00,0,normal,10.0,16000,160000
D:\pump\id_02\normal\00000335.wav,id_02,0,normal,10.0,16000,160000
D:\pump\id_00\normal\00000889.wav,id_00,0,normal,10.0,16000,160000
D:\pump\id_00\normal\00000757.wav,id_00,0,normal,10.0,16000,160000
D:\pump\id_06\normal\00000941.wav,id_06,0,normal,10.0,16000,160000
D:\pump\id_06\normal\00000848.wav,id_06,0,normal,10.0,16000,160000
D:\pump\id_04\normal\00000002.wav,id_04,0,normal,10.0,16000,160000
D:\pump\id_00\abnormal\00000006.wav,id_00,1,abnormal,10.0,16000,160000
D:\pump\id_06\normal\00000633.wav,id_06,0,normal,10.0,16000,160000
D:\pump\id_04\normal\00000196.wav,id_04,0,normal,10.0,16000,160000
D:\pump\id_06\normal\00000841.wav,id_06,0,normal,10.0,16000,160000
D:\pump\id_02\normal\00000272.wav,id_02,0,normal,10.0,16000,160000
D:\pump\id_06\abnormal\00000099.wav,id_06,1,abnormal,10.0,16000,160000
D:\pump\id_04\normal\00000204.wav,id_04,0,normal,10.0,16000,160000
D:\pump\id_04\normal\00000429.wav,id_04,0,normal,10.0,16000,160000
D:\pump\id_00\normal\00000005.wav,id_00,0,normal,10.0,16000,160000
D:\pump\id_00\normal\00000984.wav,id_00,0,normal,10.0,16000,160000
D:\pump\id_06\normal\00000291.wav,id_06,0,normal,10.0,16000,160000
D:\pump\id_06\normal\00000001.wav,id_06,0,normal,10.0,16000,160000
D:\pump\id_06\normal\00000496.wav,id_06,0,normal,10.0,16000,160000
D:\pump\id_04\abnormal\00000061.wav,id_04,1,abnormal,10.0,16000,160000
D:\pump\id_00\normal\00000411.wav,id_00,0,normal,10.0,16000,160000
D:\pump\id_00\normal\00000165.wav,id_00,0,normal,10.0,16000,160000
D:\pump\id_04\abnormal\00000070.wav,id_04,1,abnormal,10.0,16000,160000
D:\pump\id_06\normal\00000722.wav,id_06,0,normal,10.0,16000,160000
D:\pump\id_02\normal\00000498.wav,id_02,0,normal,10.0,16000,160000
D:\pump\id_00\normal\00000665.wav,id_00,0,normal,10.0,16000,160000
D:\pump\id_00\normal\00000989.wav,id_00,0,normal,10.0,16000,160000
D:\pump\id_02\normal\00000865.wav,id_02,0,normal,10.0,16000,160000
D:\pump\id_00\normal\00000221.wav,id_00,0,normal,10.0,16000,160000
D:\pump\id_00\normal\00000633.wav,id_00,0,normal,10.0,16000,160000
D:\pump\id_06\normal\00000023.wav,id_06,0,normal,10.0,16000,160000
D:\pump\id_00\normal\00000926.wav,id_00,0,normal,10.0,16000,160000
D:\pump\id_00\normal\00000344.wav,id_00,0,normal,10.0,16000,160000
D:\pump\id_02\normal\00000620.wav,id_02,0,normal,10.0,16000,160000
D:\pump\id_02\normal\00000891.wav,id_02,0,normal,10.0,16000,160000
D:\pump\id_04\normal\00000080.wav,id_04,0,normal,10.0,16000,160000
D:\pump\id_02\abnormal\00000060.wav,id_02,1,abnormal,10.0,16000,160000
D:\pump\id_02\normal\00000687.wav,id_02,0,normal,10.0,16000,160000
D:\pump\id_02\normal\00000780.wav,id_02,0,normal,10.0,16000,160000
D:\pump\id_00\normal\00000070.wav,id_00,0,normal,10.0,16000,160000
D:\pump\id_00\normal\00000211.wav,id_00,0,normal,10.0,16000,160000
D:\pump\id_00\normal\00000595.wav,id_00,0,normal,10.0,16000,160000
D:\pump\id_06\normal\00000615.wav,id_06,0,normal,10.0,16000,160000
D:\pump\id_04\normal\00000184.wav,id_04,0,normal,10.0,16000,160000
D:\pump\id_02\normal\00000613.wav,id_02,0,normal,10.0,16000,160000
D:\pump\id_02\normal\00000047.wav,id_02,0,normal,10.0,16000,160000
D:\pump\id_06\normal\00000104.wav,id_06,0,normal,10.0,16000,160000
D:\pump\id_06\normal\00000414.wav,id_06,0,normal,10.0,16000,160000
D:\pump\id_00\normal\00000961.wav,id_00,0,normal,10.0,16000,160000
D:\pump\id_04\normal\00000498.wav,id_04,0,normal,10.0,16000,160000
D:\pump\id_04\normal\00000167.wav,id_04,0,normal,10.0,16000,160000
D:\pump\id_06\normal\00000838.wav,id_06,0,normal,10.0,16000,160000
D:\pump\id_00\normal\00000487.wav,id_00,0,normal,10.0,16000,160000
D:\pump\id_00\normal\00000865.wav,id_00,0,normal,10.0,16000,160000
D:\pump\id_02\normal\00000495.wav,id_02,0,normal,10.0,16000,160000
D:\pump\id_04\normal\00000467.wav,id_04,0,normal,10.0,16000,160000
D:\pump\id_00\abnormal\00000097.wav,id_00,1,abnormal,10.0,16000,160000
D:\pump\id_02\normal\00000599.wav,id_02,0,normal,10.0,16000,160000
D:\pump\id_02\normal\00000172.wav,id_02,0,normal,10.0,16000,160000
D:\pump\id_00\normal\00000526.wav,id_00,0,normal,10.0,16000,160000
D:\pump\id_02\normal\00000523.wav,id_02,0,normal,10.0,16000,160000
D:\pump\id_04\abnormal\00000074.wav,id_04,1,abnormal,10.0,16000,160000
D:\pump\id_04\abnormal\00000045.wav,id_04,1,abnormal,10.0,16000,160000
D:\pump\id_04\normal\00000568.wav,id_04,0,normal,10.0,16000,160000
D:\pump\id_06\normal\00001024.wav,id_06,0,normal,10.0,16000,160000
D:\pump\id_06\normal\00000964.wav,id_06,0,normal,10.0,16000,160000
D:\pump\id_00\abnormal\00000131.wav,id_00,1,abnormal,10.0,16000,160000
D:\pump\id_04\normal\00000528.wav,id_04,0,normal,10.0,16000,160000
D:\pump\id_00\abnormal\00000007.wav,id_00,1,abnormal,10.0,16000,160000
D:\pump\id_04\normal\00000270.wav,id_04,0,normal,10.0,16000,160000
D:\pump\id_00\normal\00000597.wav,id_00,0,normal,10.0,16000,160000
D:\pump\id_02\normal\00000803.wav,id_02,0,normal,10.0,16000,160000
D:\pump\id_00\normal\00000486.wav,id_00,0,normal,10.0,16000,160000
D:\pump\id_02\normal\00000387.wav,id_02,0,normal,10.0,16000,160000
D:\pump\id_06\normal\00000627.wav,id_06,0,normal,10.0,16000,160000
D:\pump\id_00\normal\00000826.wav,id_00,0,normal,10.0,16000,160000
D:\pump\id_02\normal\00000597.wav,id_02,0,normal,10.0,16000,160000
D:\pump\id_06\normal\00000216.wav,id_06,0,normal,10.0,16000,160000
D:\pump\id_02\abnormal\00000094.wav,id_02,1,abnormal,10.0,16000,160000
D:\pump\id_04\normal\00000104.wav,id_04,0,normal,10.0,16000,160000
D:\pump\id_00\normal\00000777.wav,id_00,0,normal,10.0,16000,160000
D:\pump\id_06\normal\00000953.wav,id_06,0,normal,10.0,16000,160000
D:\pump\id_04\normal\00000688.wav,id_04,0,normal,10.0,16000,160000
D:\pump\id_04\normal\00000181.wav,id_04,0,normal,10.0,16000,160000
D:\pump\id_04\normal\00000486.wav,id_04,0,normal,10.0,16000,160000
D:\pump\id_02\normal\00000046.wav,id_02,0,normal,10.0,16000,160000
D:\pump\id_00\normal\00000706.wav,id_00,0,normal,10.0,16000,160000
D:\pump\id_04\normal\00000523.wav,id_04,0,normal,10.0,16000,160000
D:\pump\id_06\normal\00000905.wav,id_06,0,normal,10.0,16000,160000
D:\pump\id_06\normal\00000908.wav,id_06,0,normal,10.0,16000,160000
D:\pump\id_06\normal\00000646.wav,id_06,0,normal,10.0,16000,160000
D:\pump\id_04\normal\00000049.wav,id_04,0,normal,10.0,16000,160000
D:\pump\id_02\normal\00000553.wav,id_02,0,normal,10.0,16000,160000
D:\pump\id_02\normal\00000253.wav,id_02,0,normal,10.0,16000,160000
D:\pump\id_04\normal\00000112.wav,id_04,0,normal,10.0,16000,160000
D:\pump\id_00\normal\00000720.wav,id_00,0,normal,10.0,16000,160000
D:\pump\id_02\normal\00000971.wav,id_02,0,normal,10.0,16000,160000
D:\pump\id_00\normal\00000799.wav,id_00,0,normal,10.0,16000,160000
D:\pump\id_00\normal\00000941.wav,id_00,0,normal,10.0,16000,160000
D:\pump\id_06\normal\00000508.wav,id_06,0,normal,10.0,16000,160000
D:\pump\id_02\normal\00000455.wav,id_02,0,normal,10.0,16000,160000
D:\pump\id_00\normal\00000644.wav,id_00,0,normal,10.0,16000,160000
D:\pump\id_06\abnormal\00000037.wav,id_06,1,abnormal,10.0,16000,160000
D:\pump\id_02\normal\00000514.wav,id_02,0,normal,10.0,16000,160000
D:\pump\id_04\normal\00000191.wav,id_04,0,normal,10.0,16000,160000
D:\pump\id_06\normal\00000421.wav,id_06,0,normal,10.0,16000,160000
D:\pump\id_00\normal\00000286.wav,id_00,0,normal,10.0,16000,160000
D:\pump\id_00\normal\00000603.wav,id_00,0,normal,10.0,16000,160000
D:\pump\id_00\normal\00000969.wav,id_00,0,normal,10.0,16000,160000
D:\pump\id_00\normal\00000016.wav,id_00,0,normal,10.0,16000,160000
D:\pump\id_06\normal\00000671.wav,id_06,0,normal,10.0,16000,160000
D:\pump\id_00\normal\00000952.wav,id_00,0,normal,10.0,16000,160000
D:\pump\id_00\normal\00000835.wav,id_00,0,normal,10.0,16000,160000
D:\pump\id_02\normal\00000099.wav,id_02,0,normal,10.0,16000,160000
D:\pump\id_00\normal\00000736.wav,id_00,0,normal,10.0,16000,160000
D:\pump\id_06\normal\00000903.wav,id_06,0,normal,10.0,16000,160000
D:\pump\id_06\normal\00000162.wav,id_06,0,normal,10.0,16000,160000
D:\pump\id_00\normal\00000806.wav,id_00,0,normal,10.0,16000,160000
D:\pump\id_06\normal\00000037.wav,id_06,0,normal,10.0,16000,160000
D:\pump\id_04\normal\00000039.wav,id_04,0,normal,10.0,16000,160000
D:\pump\id_00\normal\00000967.wav,id_00,0,normal,10.0,16000,160000
D:\pump\id_00\abnormal\00000025.wav,id_00,1,abnormal,10.0,16000,160000
D:\pump\id_06\normal\00000246.wav,id_06,0,normal,10.0,16000,160000
D:\pump\id_02\normal\00000671.wav,id_02,0,normal,10.0,16000,160000
D:\pump\id_02\normal\00000981.wav,id_02,0,normal,10.0,16000,160000
D:\pump\id_02\abnormal\00000085.wav,id_02,1,abnormal,10.0,16000,160000
D:\pump\id_04\normal\00000234.wav,id_04,0,normal,10.0,16000,160000
D:\pump\id_02\normal\00000807.wav,id_02,0,normal,10.0,16000,160000
D:\pump\id_00\normal\00000424.wav,id_00,0,normal,10.0,16000,160000
D:\pump\id_06\normal\00000834.wav,id_06,0,normal,10.0,16000,160000
D:\pump\id_06\normal\00000311.wav,id_06,0,normal,10.0,16000,160000
D:\pump\id_06\normal\00000970.wav,id_06,0,normal,10.0,16000,160000
D:\pump\id_02\abnormal\00000013.wav,id_02,1,abnormal,10.0,16000,160000
D:\pump\id_00\normal\00000403.wav,id_00,0,normal,10.0,16000,160000
D:\pump\id_02\normal\00000494.wav,id_02,0,normal,10.0,16000,160000
D:\pump\id_06\normal\00000115.wav,id_06,0,normal,10.0,16000,160000
D:\pump\id_02\normal\00000797.wav,id_02,0,normal,10.0,16000,160000
D:\pump\id_04\abnormal\00000072.wav,id_04,1,abnormal,10.0,16000,160000
D:\pump\id_00\normal\00000841.wav,id_00,0,normal,10.0,16000,160000
D:\pump\id_00\normal\00000643.wav,id_00,0,normal,10.0,16000,160000
D:\pump\id_02\normal\00000300.wav,id_02,0,normal,10.0,16000,160000
D:\pump\id_02\normal\00000616.wav,id_02,0,normal,10.0,16000,160000
D:\pump\id_02\normal\00000420.wav,id_02,0,normal,10.0,16000,160000
D:\pump\id_06\normal\00000401.wav,id_06,0,normal,10.0,16000,160000
D:\pump\id_04\normal\00000282.wav,id_04,0,normal,10.0,16000,160000
D:\pump\id_06\normal\00000461.wav,id_06,0,normal,10.0,16000,160000
D:\pump\id_02\normal\00000141.wav,id_02,0,normal,10.0,16000,160000
D:\pump\id_06\normal\00000462.wav,id_06,0,normal,10.0,16000,160000
D:\pump\id_04\normal\00000411.wav,id_04,0,normal,10.0,16000,160000
D:\pump\id_04\normal\00000500.wav,id_04,0,normal,10.0,16000,160000
D:\pump\id_02\normal\00000868.wav,id_02,0,normal,10.0,16000,160000
D:\pump\id_04\normal\00000532.wav,id_04,0,normal,10.0,16000,160000
D:\pump\id_02\normal\00000546.wav,id_02,0,normal,10.0,16000,160000
D:\pump\id_00\normal\00000904.wav,id_00,0,normal,10.0,16000,160000
D:\pump\id_00\normal\00000944.wav,id_00,0,normal,10.0,16000,160000
D:\pump\id_04\normal\00000584.wav,id_04,0,normal,10.0,16000,160000
D:\pump\id_04\normal\00000693.wav,id_04,0,normal,10.0,16000,160000
D:\pump\id_02\normal\00000096.wav,id_02,0,normal,10.0,16000,160000
D:\pump\id_06\normal\00000475.wav,id_06,0,normal,10.0,16000,160000
D:\pump\id_04\normal\00000378.wav,id_04,0,normal,10.0,16000,160000
D:\pump\id_04\normal\00000527.wav,id_04,0,normal,10.0,16000,160000
D:\pump\id_06\normal\00000402.wav,id_06,0,normal,10.0,16000,160000
D:\pump\id_06\normal\00000825.wav,id_06,0,normal,10.0,16000,160000
D:\pump\id_06\abnormal\00000081.wav,id_06,1,abnormal,10.0,16000,160000
D:\pump\id_00\normal\00000042.wav,id_00,0,normal,10.0,16000,160000
D:\pump\id_04\normal\00000276.wav,id_04,0,normal,10.0,16000,160000
D:\pump\id_06\normal\00000540.wav,id_06,0,normal,10.0,16000,160000
D:\pump\id_00\abnormal\00000141.wav,id_00,1,abnormal,10.0,16000,160000
D:\pump\id_00\abnormal\00000091.wav,id_00,1,abnormal,10.0,16000,160000
D:\pump\id_00\normal\00000067.wav,id_00,0,normal,10.0,16000,160000
D:\pump\id_00\normal\00000141.wav,id_00,0,normal,10.0,16000,160000
D:\pump\id_06\normal\00000334.wav,id_06,0,normal,10.0,16000,160000
D:\pump\id_06\normal\00000054.wav,id_06,0,normal,10.0,16000,160000
D:\pump\id_06\abnormal\00000001.wav,id_06,1,abnormal,10.0,16000,160000
D:\pump\id_00\normal\00000917.wav,id_00,0,normal,10.0,16000,160000
D:\pump\id_02\normal\00000818.wav,id_02,0,normal,10.0,16000,160000
D:\pump\id_02\normal\00000158.wav,id_02,0,normal,10.0,16000,160000
D:\pump\id_04\normal\00000158.wav,id_04,0,normal,10.0,16000,160000
D:\pump\id_06\normal\00000998.wav,id_06,0,normal,10.0,16000,160000
D:\pump\id_00\normal\00000075.wav,id_00,0,normal,10.0,16000,160000
D:\pump\id_02\normal\00000542.wav,id_02,0,normal,10.0,16000,160000
D:\pump\id_06\normal\00001002.wav,id_06,0,normal,10.0,16000,160000
D:\pump\id_06\normal\00000389.wav,id_06,0,normal,10.0,16000,160000
D:\pump\id_00\normal\00000479.wav,id_00,0,normal,10.0,16000,160000
D:\pump\id_04\normal\00000587.wav,id_04,0,normal,10.0,16000,160000
D:\pump\id_06\normal\00000293.wav,id_06,0,normal,10.0,16000,160000
D:\pump\id_02\normal\00000563.wav,id_02,0,normal,10.0,16000,160000
D:\pump\id_00\normal\00000868.wav,id_00,0,normal,10.0,16000,160000
D:\pump\id_00\normal\00000542.wav,id_00,0,normal,10.0,16000,160000
D:\pump\id_06\normal\00000637.wav,id_06,0,normal,10.0,16000,160000
D:\pump\id_00\normal\00000168.wav,id_00,0,normal,10.0,16000,160000
D:\pump\id_02\normal\00000194.wav,id_02,0,normal,10.0,16000,160000
D:\pump\id_02\normal\00000015.wav,id_02,0,normal,10.0,16000,160000
D:\pump\id_02\abnormal\00000010.wav,id_02,1,abnormal,10.0,16000,160000
D:\pump\id_02\normal\00000443.wav,id_02,0,normal,10.0,16000,160000
D:\pump\id_06\normal\00000693.wav,id_06,0,normal,10.0,16000,160000
D:\pump\id_06\normal\00000674.wav,id_06,0,normal,10.0,16000,160000
D:\pump\id_02\normal\00000764.wav,id_02,0,normal,10.0,16000,160000
D:\pump\id_02\normal\00000880.wav,id_02,0,normal,10.0,16000,160000
D:\pump\id_04\normal\00000699.wav,id_04,0,normal,10.0,16000,160000
D:\pump\id_06\normal\00000322.wav,id_06,0,normal,10.0,16000,160000
D:\pump\id_04\normal\00000273.wav,id_04,0,normal,10.0,16000,160000
D:\pump\id_02\normal\00000011.wav,id_02,0,normal,10.0,16000,160000
D:\pump\id_02\normal\00000670.wav,id_02,0,normal,10.0,16000,160000
D:\pump\id_00\normal\00000195.wav,id_00,0,normal,10.0,16000,160000
D:\pump\id_00\abnormal\00000020.wav,id_00,1,abnormal,10.0,16000,160000
D:\pump\id_00\normal\00000346.wav,id_00,0,normal,10.0,16000,160000
D:\pump\id_06\normal\00000429.wav,id_06,0,normal,10.0,16000,160000
D:\pump\id_00\normal\00000490.wav,id_00,0,normal,10.0,16000,160000
D:\pump\id_06\normal\00000630.wav,id_06,0,normal,10.0,16000,160000
D:\pump\id_00\abnormal\00000001.wav,id_00,1,abnormal,10.0,16000,160000
D:\pump\id_04\normal\00000030.wav,id_04,0,normal,10.0,16000,160000
D:\pump\id_04\normal\00000090.wav,id_04,0,normal,10.0,16000,160000
D:\pump\id_02\normal\00000744.wav,id_02,0,normal,10.0,16000,160000
D:\pump\id_04\normal\00000573.wav,id_04,0,normal,10.0,16000,160000
D:\pump\id_02\normal\00000418.wav,id_02,0,normal,10.0,16000,160000
D:\pump\id_06\normal\00000356.wav,id_06,0,normal,10.0,16000,160000
D:\pump\id_02\abnormal\00000029.wav,id_02,1,abnormal,10.0,16000,160000
D:\pump\id_02\normal\00000070.wav,id_02,0,normal,10.0,16000,160000
D:\pump\id_06\normal\00000616.wav,id_06,0,normal,10.0,16000,160000
D:\pump\id_04\normal\00000586.wav,id_04,0,normal,10.0,16000,160000
D:\pump\id_02\normal\00000769.wav,id_02,0,normal,10.0,16000,160000
D:\pump\id_02\normal\00000872.wav,id_02,0,normal,10.0,16000,160000
D:\pump\id_02\normal\00000075.wav,id_02,0,normal,10.0,16000,160000
D:\pump\id_06\normal\00000313.wav,id_06,0,normal,10.0,16000,160000
D:\pump\id_02\normal\00000649.wav,id_02,0,normal,10.0,16000,160000
D:\pump\id_02\normal\00000166.wav,id_02,0,normal,10.0,16000,160000
D:\pump\id_00\normal\00000079.wav,id_00,0,normal,10.0,16000,160000
D:\pump\id_06\normal\00000380.wav,id_06,0,normal,10.0,16000,160000
D:\pump\id_02\normal\00000290.wav,id_02,0,normal,10.0,16000,160000
D:\pump\id_04\abnormal\00000059.wav,id_04,1,abnormal,10.0,16000,160000
D:\pump\id_04\normal\00000433.wav,id_04,0,normal,10.0,16000,160000
D:\pump\id_02\normal\00000862.wav,id_02,0,normal,10.0,16000,160000
D:\pump\id_06\normal\00000229.wav,id_06,0,normal,10.0,16000,160000
D:\pump\id_00\normal\00000538.wav,id_00,0,normal,10.0,16000,160000
D:\pump\id_02\normal\00000436.wav,id_02,0,normal,10.0,16000,160000
D:\pump\id_04\normal\00000212.wav,id_04,0,normal,10.0,16000,160000
D:\pump\id_06\normal\00000907.wav,id_06,0,normal,10.0,16000,160000
D:\pump\id_06\normal\00000919.wav,id_06,0,normal,10.0,16000,160000
D:\pump\id_02\normal\00000180.wav,id_02,0,normal,10.0,16000,160000
D:\pump\id_02\normal\00000106.wav,id_02,0,normal,10.0,16000,160000
D:\pump\id_06\normal\00000864.wav,id_06,0,normal,10.0,16000,160000
D:\pump\id_02\normal\00000190.wav,id_02,0,normal,10.0,16000,160000
D:\pump\id_04\normal\00000077.wav,id_04,0,normal,10.0,16000,160000
D:\pump\id_00\normal\00000951.wav,id_00,0,normal,10.0,16000,160000
D:\pump\id_02\normal\00000275.wav,id_02,0,normal,10.0,16000,160000
D:\pump\id_02\normal\00000310.wav,id_02,0,normal,10.0,16000,160000
D:\pump\id_04\normal\00000245.wav,id_04,0,normal,10.0,16000,160000
D:\pump\id_06\normal\00000641.wav,id_06,0,normal,10.0,16000,160000
D:\pump\id_00\normal\00000359.wav,id_00,0,normal,10.0,16000,160000
D:\pump\id_00\normal\00000927.wav,id_00,0,normal,10.0,16000,160000
D:\pump\id_04\normal\00000214.wav,id_04,0,normal,10.0,16000,160000
D:\pump\id_06\normal\00000982.wav,id_06,0,normal,10.0,16000,160000
D:\pump\id_02\normal\00000977.wav,id_02,0,normal,10.0,16000,160000
D:\pump\id_00\normal\00000247.wav,id_00,0,normal,10.0,16000,160000
D:\pump\id_00\normal\00000328.wav,id_00,0,normal,10.0,16000,160000
D:\pump\id_04\normal\00000296.wav,id_04,0,normal,10.0,16000,160000
D:\pump\id_06\normal\00000196.wav,id_06,0,normal,10.0,16000,160000
D:\pump\id_00\normal\00000321.wav,id_00,0,normal,10.0,16000,160000
D:\pump\id_02\normal\00000188.wav,id_02,0,normal,10.0,16000,160000
D:\pump\id_00\normal\00000678.wav,id_00,0,normal,10.0,16000,160000
D:\pump\id_06\abnormal\00000074.wav,id_06,1,abnormal,10.0,16000,160000
D:\pump\id_06\normal\00000957.wav,id_06,0,normal,10.0,16000,160000
D:\pump\id_06\abnormal\00000064.wav,id_06,1,abnormal,10.0,16000,160000
D:\pump\id_00\normal\00000549.wav,id_00,0,normal,10.0,16000,160000
D:\pump\id_04\normal\00000520.wav,id_04,0,normal,10.0,16000,160000
D:\pump\id_04\normal\00000086.wav,id_04,0,normal,10.0,16000,160000
D:\pump\id_06\normal\00000307.wav,id_06,0,normal,10.0,16000,160000
D:\pump\id_02\normal\00000122.wav,id_02,0,normal,10.0,16000,160000
D:\pump\id_04\normal\00000648.wav,id_04,0,normal,10.0,16000,160000
D:\pump\id_00\normal\00000990.wav,id_00,0,normal,10.0,16000,160000
D:\pump\id_00\normal\00000746.wav,id_00,0,normal,10.0,16000,160000
D:\pump\id_06\normal\00000974.wav,id_06,0,normal,10.0,16000,160000
D:\pump\id_04\normal\00000043.wav,id_04,0,normal,10.0,16000,160000
D:\pump\id_04\normal\00000535.wav,id_04,0,normal,10.0,16000,160000
D:\pump\id_02\normal\00000784.wav,id_02,0,normal,10.0,16000,160000
D:\pump\id_02\normal\00000365.wav,id_02,0,normal,10.0,16000,160000
D:\pump\id_06\normal\00000238.wav,id_06,0,normal,10.0,16000,160000
D:\pump\id_04\normal\00000437.wav,id_04,0,normal,10.0,16000,160000
D:\pump\id_02\normal\00000617.wav,id_02,0,normal,10.0,16000,160000
D:\pump\id_02\normal\00000478.wav,id_02,0,normal,10.0,16000,160000
D:\pump\id_00\normal\00000208.wav,id_00,0,normal,10.0,16000,160000
D:\pump\id_00\abnormal\00000128.wav,id_00,1,abnormal,10.0,16000,160000
D:\pump\id_06\normal\00000793.wav,id_06,0,normal,10.0,16000,160000
D:\pump\id_04\normal\00000393.wav,id_04,0,normal,10.0,16000,160000
D:\pump\id_02\normal\00000535.wav,id_02,0,normal,10.0,16000,160000
D:\pump\id_00\normal\00000559.wav,id_00,0,normal,10.0,16000,160000
D:\pump\id_00\normal\00000285.wav,id_00,0,normal,10.0,16000,160000
D:\pump\id_06\normal\00000351.wav,id_06,0,normal,10.0,16000,160000
D:\pump\id_06\normal\00000747.wav,id_06,0,normal,10.0,16000,160000
D:\pump\id_02\abnormal\00000000.wav,id_02,1,abnormal,10.0,16000,160000
D:\pump\id_02\normal\00000477.wav,id_02,0,normal,10.0,16000,160000
D:\pump\id_02\normal\00000632.wav,id_02,0,normal,10.0,16000,160000
D:\pump\id_06\normal\00000713.wav,id_06,0,normal,10.0,16000,160000
D:\pump\id_06\normal\00000547.wav,id_06,0,normal,10.0,16000,160000
D:\pump\id_00\normal\00000440.wav,id_00,0,normal,10.0,16000,160000
D:\pump\id_04\normal\00000686.wav,id_04,0,normal,10.0,16000,160000
D:\pump\id_04\normal\00000668.wav,id_04,0,normal,10.0,16000,160000
D:\pump\id_00\normal\00000017.wav,id_00,0,normal,10.0,16000,160000
D:\pump\id_04\abnormal\00000098.wav,id_04,1,abnormal,10.0,16000,160000
D:\pump\id_06\normal\00000649.wav,id_06,0,normal,10.0,16000,160000
D:\pump\id_04\abnormal\00000036.wav,id_04,1,abnormal,10.0,16000,160000
D:\pump\id_06\normal\00000956.wav,id_06,0,normal,10.0,16000,160000
D:\pump\id_06\abnormal\00000072.wav,id_06,1,abnormal,10.0,16000,160000
D:\pump\id_00\normal\00000803.wav,id_00,0,normal,10.0,16000,160000
D:\pump\id_00\normal\00000584.wav,id_00,0,normal,10.0,16000,160000
D:\pump\id_02\normal\00000366.wav,id_02,0,normal,10.0,16000,160000
D:\pump\id_00\normal\00000919.wav,id_00,0,normal,10.0,16000,160000
D:\pump\id_00\normal\00000118.wav,id_00,0,normal,10.0,16000,160000
D:\pump\id_00\normal\00000481.wav,id_00,0,normal,10.0,16000,160000
D:\pump\id_00\abnormal\00000090.wav,id_00,1,abnormal,10.0,16000,160000
D:\pump\id_04\normal\00000400.wav,id_04,0,normal,10.0,16000,160000
D:\pump\id_02\normal\00000165.wav,id_02,0,normal,10.0,16000,160000
D:\pump\id_02\normal\00000403.wav,id_02,0,normal,10.0,16000,160000
D:\pump\id_04\normal\00000365.wav,id_04,0,normal,10.0,16000,160000
D:\pump\id_04\normal\00000092.wav,id_04,0,normal,10.0,16000,160000
D:\pump\id_02\normal\00000409.wav,id_02,0,normal,10.0,16000,160000
D:\pump\id_00\normal\00000578.wav,id_00,0,normal,10.0,16000,160000
D:\pump\id_06\normal\00000933.wav,id_06,0,normal,10.0,16000,160000
D:\pump\id_00\normal\00000096.wav,id_00,0,normal,10.0,16000,160000
D:\pump\id_04\normal\00000316.wav,id_04,0,normal,10.0,16000,160000
D:\pump\id_02\normal\00000664.wav,id_02,0,normal,10.0,16000,160000
D:\pump\id_04\abnormal\00000026.wav,id_04,1,abnormal,10.0,16000,160000
D:\pump\id_00\normal\00000758.wav,id_00,0,normal,10.0,16000,160000
D:\pump\id_06\normal\00000640.wav,id_06,0,normal,10.0,16000,160000
D:\pump\id_02\abnormal\00000039.wav,id_02,1,abnormal,10.0,16000,160000
D:\pump\id_04\normal\00000578.wav,id_04,0,normal,10.0,16000,160000
D:\pump\id_06\normal\00000815.wav,id_06,0,normal,10.0,16000,160000
D:\pump\id_06\normal\00000735.wav,id_06,0,normal,10.0,16000,160000
D:\pump\id_00\normal\00000800.wav,id_00,0,normal,10.0,16000,160000
D:\pump\id_06\normal\00000149.wav,id_06,0,normal,10.0,16000,160000
D:\pump\id_00\normal\00000653.wav,id_00,0,normal,10.0,16000,160000
D:\pump\id_02\abnormal\00000067.wav,id_02,1,abnormal,10.0,16000,160000
D:\pump\id_00\normal\00000923.wav,id_00,0,normal,10.0,16000,160000
D:\pump\id_00\normal\00000253.wav,id_00,0,normal,10.0,16000,160000
D:\pump\id_02\normal\00000479.wav,id_02,0,normal,10.0,16000,160000
D:\pump\id_00\normal\00000306.wav,id_00,0,normal,10.0,16000,160000
D:\pump\id_00\normal\00000266.wav,id_00,0,normal,10.0,16000,160000
D:\pump\id_04\normal\00000223.wav,id_04,0,normal,10.0,16000,160000
D:\pump\id_02\normal\00000337.wav,id_02,0,normal,10.0,16000,160000
D:\pump\id_06\normal\00000976.wav,id_06,0,normal,10.0,16000,160000
D:\pump\id_02\normal\00000415.wav,id_02,0,normal,10.0,16000,160000
D:\pump\id_04\normal\00000010.wav,id_04,0,normal,10.0,16000,160000
D:\pump\id_04\normal\00000402.wav,id_04,0,normal,10.0,16000,160000
D:\pump\id_02\normal\00000691.wav,id_02,0,normal,10.0,16000,160000
D:\pump\id_02\normal\00000059.wav,id_02,0,normal,10.0,16000,160000
D:\pump\id_02\normal\00000679.wav,id_02,0,normal,10.0,16000,160000
D:\pump\id_06\normal\00000426.wav,id_06,0,normal,10.0,16000,160000
D:\pump\id_02\normal\00000786.wav,id_02,0,normal,10.0,16000,160000
D:\pump\id_02\normal\00000453.wav,id_02,0,normal,10.0,16000,160000
D:\pump\id_04\normal\00000396.wav,id_04,0,normal,10.0,16000,160000
D:\pump\id_00\normal\00000006.wav,id_00,0,normal,10.0,16000,160000
D:\pump\id_00\abnormal\00000102.wav,id_00,1,abnormal,10.0,16000,160000
D:\pump\id_00\normal\00000861.wav,id_00,0,normal,10.0,16000,160000
D:\pump\id_04\normal\00000128.wav,id_04,0,normal,10.0,16000,160000
D:\pump\id_04\normal\00000227.wav,id_04,0,normal,10.0,16000,160000
D:\pump\id_00\normal\00000357.wav,id_00,0,normal,10.0,16000,160000
D:\pump\id_04\normal\00000492.wav,id_04,0,normal,10.0,16000,160000
D:\pump\id_06\normal\00000336.wav,id_06,0,normal,10.0,16000,160000
D:\pump\id_06\normal\00000013.wav,id_06,0,normal,10.0,16000,160000
D:\pump\id_00\abnormal\00000018.wav,id_00,1,abnormal,10.0,16000,160000
D:\pump\id_00\normal\00000887.wav,id_00,0,normal,10.0,16000,160000
D:\pump\id_02\normal\00000045.wav,id_02,0,normal,10.0,16000,160000
D:\pump\id_06\normal\00000412.wav,id_06,0,normal,10.0,16000,160000
D:\pump\id_06\normal\00000489.wav,id_06,0,normal,10.0,16000,160000
D:\pump\id_02\normal\00000283.wav,id_02,0,normal,10.0,16000,160000
D:\pump\id_02\normal\00000658.wav,id_02,0,normal,10.0,16000,160000
D:\pump\id_00\normal\00000257.wav,id_00,0,normal,10.0,16000,160000
D:\pump\id_00\normal\00000421.wav,id_00,0,normal,10.0,16000,160000
D:\pump\id_02\normal\00000450.wav,id_02,0,normal,10.0,16000,160000
D:\pump\id_02\normal\00000232.wav,id_02,0,normal,10.0,16000,160000
D:\pump\id_02\normal\00000717.wav,id_02,0,normal,10.0,16000,160000
D:\pump\id_00\normal\00000996.wav,id_00,0,normal,10.0,16000,160000
D:\pump\id_06\normal\00000157.wav,id_06,0,normal,10.0,16000,160000
D:\pump\id_00\normal\00000545.wav,id_00,0,normal,10.0,16000,160000
D:\pump\id_02\normal\00000782.wav,id_02,0,normal,10.0,16000,160000
D:\pump\id_04\normal\00000678.wav,id_04,0,normal,10.0,16000,160000
D:\pump\id_00\normal\00000582.wav,id_00,0,normal,10.0,16000,160000
D:\pump\id_02\normal\00000412.wav,id_02,0,normal,10.0,16000,160000
D:\pump\id_00\normal\00000449.wav,id_00,0,normal,10.0,16000,160000
D:\pump\id_00\normal\00000680.wav,id_00,0,normal,10.0,16000,160000
D:\pump\id_00\normal\00000204.wav,id_00,0,normal,10.0,16000,160000
D:\pump\id_00\normal\00000790.wav,id_00,0,normal,10.0,16000,160000
D:\pump\id_02\normal\00000811.wav,id_02,0,normal,10.0,16000,160000
D:\pump\id_00\normal\00000798.wav,id_00,0,normal,10.0,16000,160000
D:\pump\id_02\normal\00000654.wav,id_02,0,normal,10.0,16000,160000
D:\pump\id_00\normal\00000131.wav,id_00,0,normal,10.0,16000,160000
D:\pump\id_02\normal\00000352.wav,id_02,0,normal,10.0,16000,160000
D:\pump\id_06\normal\00000783.wav,id_06,0,normal,10.0,16000,160000
D:\pump\id_00\normal\00000039.wav,id_00,0,normal,10.0,16000,160000
D:\pump\id_02\normal\00000940.wav,id_02,0,normal,10.0,16000,160000
D:\pump\id_06\normal\00000563.wav,id_06,0,normal,10.0,16000,160000
D:\pump\id_06\abnormal\00000078.wav,id_06,1,abnormal,10.0,16000,160000
D:\pump\id_06\normal\00000327.wav,id_06,0,normal,10.0,16000,160000
D:\pump\id_02\normal\00000975.wav,id_02,0,normal,10.0,16000,160000
D:\pump\id_06\normal\00000509.wav,id_06,0,normal,10.0,16000,160000
D:\pump\id_00\normal\00000422.wav,id_00,0,normal,10.0,16000,160000
D:\pump\id_04\normal\00000206.wav,id_04,0,normal,10.0,16000,160000
D:\pump\id_00\normal\00000311.wav,id_00,0,normal,10.0,16000,160000
D:\pump\id_00\abnormal\00000024.wav,id_00,1,abnormal,10.0,16000,160000
D:\pump\id_06\normal\00000445.wav,id_06,0,normal,10.0,16000,160000
D:\pump\id_06\normal\00000813.wav,id_06,0,normal,10.0,16000,160000
D:\pump\id_02\normal\00000577.wav,id_02,0,normal,10.0,16000,160000
D:\pump\id_02\normal\00000100.wav,id_02,0,normal,10.0,16000,160000
D:\pump\id_00\normal\00000434.wav,id_00,0,normal,10.0,16000,160000
D:\pump\id_06\abnormal\00000070.wav,id_06,1,abnormal,10.0,16000,160000
D:\pump\id_06\normal\00000294.wav,id_06,0,normal,10.0,16000,160000
D:\pump\id_00\abnormal\00000044.wav,id_00,1,abnormal,10.0,16000,160000
D:\pump\id_06\normal\00000251.wav,id_06,0,normal,10.0,16000,160000
D:\pump\id_04\normal\00000046.wav,id_04,0,normal,10.0,16000,160000
D:\pump\id_02\normal\00000755.wav,id_02,0,normal,10.0,16000,160000
D:\pump\id_00\normal\00000356.wav,id_00,0,normal,10.0,16000,160000
D:\pump\id_04\normal\00000681.wav,id_04,0,normal,10.0,16000,160000
D:\pump\id_00\normal\00000656.wav,id_00,0,normal,10.0,16000,160000
D:\pump\id_06\normal\00001015.wav,id_06,0,normal,10.0,16000,160000
D:\pump\id_06\normal\00000495.wav,id_06,0,normal,10.0,16000,160000
D:\pump\id_00\normal\00000436.wav,id_00,0,normal,10.0,16000,160000
D:\pump\id_04\normal\00000308.wav,id_04,0,normal,10.0,16000,160000
D:\pump\id_00\normal\00000516.wav,id_00,0,normal,10.0,16000,160000
D:\pump\id_04\normal\00000595.wav,id_04,0,normal,10.0,16000,160000
D:\pump\id_00\normal\00000287.wav,id_00,0,normal,10.0,16000,160000
D:\pump\id_02\abnormal\00000051.wav,id_02,1,abnormal,10.0,16000,160000
D:\pump\id_00\normal\00000154.wav,id_00,0,normal,10.0,16000,160000
D:\pump\id_00\normal\00000294.wav,id_00,0,normal,10.0,16000,160000
D:\pump\id_00\normal\00000855.wav,id_00,0,normal,10.0,16000,160000
D:\pump\id_00\normal\00000300.wav,id_00,0,normal,10.0,16000,160000
D:\pump\id_00\normal\00000873.wav,id_00,0,normal,10.0,16000,160000
D:\pump\id_00\normal\00000467.wav,id_00,0,normal,10.0,16000,160000
D:\pump\id_02\abnormal\00000012.wav,id_02,1,abnormal,10.0,16000,160000
D:\pump\id_04\normal\00000122.wav,id_04,0,normal,10.0,16000,160000
D:\pump\id_04\abnormal\00000060.wav,id_04,1,abnormal,10.0,16000,160000
D:\pump\id_06\normal\00000991.wav,id_06,0,normal,10.0,16000,160000
D:\pump\id_02\normal\00000776.wav,id_02,0,normal,10.0,16000,160000
D:\pump\id_06\normal\00000510.wav,id_06,0,normal,10.0,16000,160000
D:\pump\id_06\normal\00000835.wav,id_06,0,normal,10.0,16000,160000
D:\pump\id_06\abnormal\00000008.wav,id_06,1,abnormal,10.0,16000,160000
D:\pump\id_00\normal\00001004.wav,id_00,0,normal,10.0,16000,160000
D:\pump\id_02\normal\00000144.wav,id_02,0,normal,10.0,16000,160000
D:\pump\id_02\normal\00000230.wav,id_02,0,normal,10.0,16000,160000
D:\pump\id_00\normal\00000051.wav,id_00,0,normal,10.0,16000,160000
D:\pump\id_02\normal\00000289.wav,id_02,0,normal,10.0,16000,160000
D:\pump\id_00\normal\00000685.wav,id_00,0,normal,10.0,16000,160000
D:\pump\id_00\normal\00000182.wav,id_00,0,normal,10.0,16000,160000
D:\pump\id_06\normal\00000367.wav,id_06,0,normal,10.0,16000,160000
D:\pump\id_06\normal\00000203.wav,id_06,0,normal,10.0,16000,160000
D:\pump\id_00\normal\00000354.wav,id_00,0,normal,10.0,16000,160000
D:\pump\id_06\normal\00000696.wav,id_06,0,normal,10.0,16000,160000
D:\pump\id_06\normal\00000128.wav,id_06,0,normal,10.0,16000,160000
D:\pump\id_02\normal\00000318.wav,id_02,0,normal,10.0,16000,160000
D:\pump\id_02\normal\00000916.wav,id_02,0,normal,10.0,16000,160000
D:\pump\id_04\normal\00000513.wav,id_04,0,normal,10.0,16000,160000
D:\pump\id_06\abnormal\00000090.wav,id_06,1,abnormal,10.0,16000,160000
D:\pump\id_02\normal\00000115.wav,id_02,0,normal,10.0,16000,160000
D:\pump\id_06\normal\00000599.wav,id_06,0,normal,10.0,16000,160000
D:\pump\id_02\normal\00000149.wav,id_02,0,normal,10.0,16000,160000
D:\pump\id_00\normal\00000948.wav,id_00,0,normal,10.0,16000,160000
D:\pump\id_04\normal\00000460.wav,id_04,0,normal,10.0,16000,160000
D:\pump\id_02\normal\00000432.wav,id_02,0,normal,10.0,16000,160000
D:\pump\id_00\normal\00000497.wav,id_00,0,normal,10.0,16000,160000
D:\pump\id_06\normal\00000316.wav,id_06,0,normal,10.0,16000,160000
D:\pump\id_02\normal\00000584.wav,id_02,0,normal,10.0,16000,160000
D:\pump\id_04\normal\00000280.wav,id_04,0,normal,10.0,16000,160000
D:\pump\id_00\normal\00000718.wav,id_00,0,normal,10.0,16000,160000
D:\pump\id_02\normal\00000711.wav,id_02,0,normal,10.0,16000,160000
D:\pump\id_04\normal\00000376.wav,id_04,0,normal,10.0,16000,160000
D:\pump\id_02\abnormal\00000077.wav,id_02,1,abnormal,10.0,16000,160000
D:\pump\id_04\normal\00000063.wav,id_04,0,normal,10.0,16000,160000
D:\pump\id_04\normal\00000633.wav,id_04,0,normal,10.0,16000,160000
D:\pump\id_02\normal\00000686.wav,id_02,0,normal,10.0,16000,160000
D:\pump\id_02\normal\00000573.wav,id_02,0,normal,10.0,16000,160000
D:\pump\id_00\normal\00000003.wav,id_00,0,normal,10.0,16000,160000
D:\pump\id_06\normal\00000270.wav,id_06,0,normal,10.0,16000,160000
D:\pump\id_06\normal\00000623.wav,id_06,0,normal,10.0,16000,160000
D:\pump\id_00\normal\00000462.wav,id_00,0,normal,10.0,16000,160000
D:\pump\id_02\normal\00000611.wav,id_02,0,normal,10.0,16000,160000
D:\pump\id_06\normal\00000116.wav,id_06,0,normal,10.0,16000,160000
D:\pump\id_00\normal\00000137.wav,id_00,0,normal,10.0,16000,160000
D:\pump\id_00\normal\00000739.wav,id_00,0,normal,10.0,16000,160000
D:\pump\id_02\normal\00000580.wav,id_02,0,normal,10.0,16000,160000
D:\pump\id_06\normal\00000592.wav,id_06,0,normal,10.0,16000,160000
D:\pump\id_00\normal\00000388.wav,id_00,0,normal,10.0,16000,160000
D:\pump\id_04\normal\00000494.wav,id_04,0,normal,10.0,16000,160000
D:\pump\id_06\normal\00000212.wav,id_06,0,normal,10.0,16000,160000
D:\pump\id_00\abnormal\00000027.wav,id_00,1,abnormal,10.0,16000,160000
D:\pump\id_02\normal\00000568.wav,id_02,0,normal,10.0,16000,160000
D:\pump\id_04\abnormal\00000083.wav,id_04,1,abnormal,10.0,16000,160000
D:\pump\id_00\normal\00000054.wav,id_00,0,normal,10.0,16000,160000
D:\pump\id_06\normal\00000204.wav,id_06,0,normal,10.0,16000,160000
D:\pump\id_04\normal\00000283.wav,id_04,0,normal,10.0,16000,160000
D:\pump\id_00\normal\00000830.wav,id_00,0,normal,10.0,16000,160000
D:\pump\id_04\normal\00000387.wav,id_04,0,normal,10.0,16000,160000
D:\pump\id_00\normal\00000740.wav,id_00,0,normal,10.0,16000,160000
D:\pump\id_06\normal\00000428.wav,id_06,0,normal,10.0,16000,160000
D:\pump\id_06\normal\00000219.wav,id_06,0,normal,10.0,16000,160000
D:\pump\id_00\normal\00000026.wav,id_00,0,normal,10.0,16000,160000
D:\pump\id_06\normal\00000427.wav,id_06,0,normal,10.0,16000,160000
D:\pump\id_04\normal\00000017.wav,id_04,0,normal,10.0,16000,160000
D:\pump\id_00\abnormal\00000045.wav,id_00,1,abnormal,10.0,16000,160000
D:\pump\id_06\normal\00000268.wav,id_06,0,normal,10.0,16000,160000
D:\pump\id_02\normal\00000467.wav,id_02,0,normal,10.0,16000,160000
D:\pump\id_00\normal\00000916.wav,id_00,0,normal,10.0,16000,160000
D:\pump\id_04\abnormal\00000080.wav,id_04,1,abnormal,10.0,16000,160000
D:\pump\id_00\normal\00000227.wav,id_00,0,normal,10.0,16000,160000
D:\pump\id_04\normal\00000014.wav,id_04,0,normal,10.0,16000,160000
D:\pump\id_06\normal\00000714.wav,id_06,0,normal,10.0,16000,160000
D:\pump\id_04\normal\00000631.wav,id_04,0,normal,10.0,16000,160000
D:\pump\id_00\normal\00000929.wav,id_00,0,normal,10.0,16000,160000
D:\pump\id_02\normal\00000785.wav,id_02,0,normal,10.0,16000,160000
D:\pump\id_06\normal\00000233.wav,id_06,0,normal,10.0,16000,160000
D:\pump\id_00\normal\00000089.wav,id_00,0,normal,10.0,16000,160000
D:\pump\id_04\normal\00000327.wav,id_04,0,normal,10.0,16000,160000
D:\pump\id_04\normal\00000144.wav,id_04,0,normal,10.0,16000,160000
D:\pump\id_06\normal\00000345.wav,id_06,0,normal,10.0,16000,160000
D:\pump\id_02\normal\00000135.wav,id_02,0,normal,10.0,16000,160000
D:\pump\id_06\normal\00000899.wav,id_06,0,normal,10.0,16000,160000
D:\pump\id_02\normal\00000738.wav,id_02,0,normal,10.0,16000,160000
D:\pump\id_06\normal\00000681.wav,id_06,0,normal,10.0,16000,160000
D:\pump\id_00\abnormal\00000051.wav,id_00,1,abnormal,10.0,16000,160000
D:\pump\id_06\normal\00000241.wav,id_06,0,normal,10.0,16000,160000
D:\pump\id_02\normal\00000066.wav,id_02,0,normal,10.0,16000,160000
D:\pump\id_00\normal\00000749.wav,id_00,0,normal,10.0,16000,160000
D:\pump\id_06\normal\00000175.wav,id_06,0,normal,10.0,16000,160000
D:\pump\id_06\normal\00000910.wav,id_06,0,normal,10.0,16000,160000
D:\pump\id_04\normal\00000235.wav,id_04,0,normal,10.0,16000,160000
D:\pump\id_04\normal\00000544.wav,id_04,0,normal,10.0,16000,160000
D:\pump\id_02\normal\00000037.wav,id_02,0,normal,10.0,16000,160000
D:\pump\id_06\normal\00000997.wav,id_06,0,normal,10.0,16000,160000
D:\pump\id_00\normal\00000450.wav,id_00,0,normal,10.0,16000,160000
D:\pump\id_02\normal\00000810.wav,id_02,0,normal,10.0,16000,160000
D:\pump\id_02\normal\00000005.wav,id_02,0,normal,10.0,16000,160000
D:\pump\id_04\normal\00000146.wav,id_04,0,normal,10.0,16000,160000
D:\pump\id_04\normal\00000412.wav,id_04,0,normal,10.0,16000,160000
D:\pump\id_00\normal\00000108.wav,id_00,0,normal,10.0,16000,160000
D:\pump\id_06\normal\00000080.wav,id_06,0,normal,10.0,16000,160000
D:\pump\id_02\normal\00000383.wav,id_02,0,normal,10.0,16000,160000
D:\pump\id_06\normal\00000718.wav,id_06,0,normal,10.0,16000,160000
D:\pump\id_02\abnormal\00000075.wav,id_02,1,abnormal,10.0,16000,160000
D:\pump\id_06\normal\00000827.wav,id_06,0,normal,10.0,16000,160000
D:\pump\id_00\normal\00000465.wav,id_00,0,normal,10.0,16000,160000
D:\pump\id_00\normal\00000938.wav,id_00,0,normal,10.0,16000,160000
D:\pump\id_04\normal\00000004.wav,id_04,0,normal,10.0,16000,160000
D:\pump\id_02\normal\00000518.wav,id_02,0,normal,10.0,16000,160000
D:\pump\id_06\normal\00000679.wav,id_06,0,normal,10.0,16000,160000
D:\pump\id_04\abnormal\00000037.wav,id_04,1,abnormal,10.0,16000,160000
D:\pump\id_00\normal\00000541.wav,id_00,0,normal,10.0,16000,160000
D:\pump\id_02\normal\00000120.wav,id_02,0,normal,10.0,16000,160000
D:\pump\id_02\normal\00000614.wav,id_02,0,normal,10.0,16000,160000
D:\pump\id_00\abnormal\00000130.wav,id_00,1,abnormal,10.0,16000,160000
D:\pump\id_00\normal\00000368.wav,id_00,0,normal,10.0,16000,160000
D:\pump\id_02\normal\00000301.wav,id_02,0,normal,10.0,16000,160000
D:\pump\id_02\normal\00000581.wav,id_02,0,normal,10.0,16000,160000
D:\pump\id_04\normal\00000052.wav,id_04,0,normal,10.0,16000,160000
D:\pump\id_06\normal\00000315.wav,id_06,0,normal,10.0,16000,160000
D:\pump\id_02\normal\00000104.wav,id_02,0,normal,10.0,16000,160000
D:\pump\id_06\normal\00000370.wav,id_06,0,normal,10.0,16000,160000
D:\pump\id_02\normal\00000835.wav,id_02,0,normal,10.0,16000,160000
D:\pump\id_00\normal\00000133.wav,id_00,0,normal,10.0,16000,160000
D:\pump\id_06\normal\00000812.wav,id_06,0,normal,10.0,16000,160000
D:\pump\id_06\normal\00000829.wav,id_06,0,normal,10.0,16000,160000
D:\pump\id_04\normal\00000374.wav,id_04,0,normal,10.0,16000,160000
D:\pump\id_02\normal\00000321.wav,id_02,0,normal,10.0,16000,160000
D:\pump\id_06\normal\00000568.wav,id_06,0,normal,10.0,16000,160000
D:\pump\id_02\normal\00000989.wav,id_02,0,normal,10.0,16000,160000
D:\pump\id_00\normal\00000945.wav,id_00,0,normal,10.0,16000,160000
D:\pump\id_06\normal\00000715.wav,id_06,0,normal,10.0,16000,160000
D:\pump\id_04\normal\00000497.wav,id_04,0,normal,10.0,16000,160000
D:\pump\id_06\normal\00000511.wav,id_06,0,normal,10.0,16000,160000
D:\pump\id_02\normal\00000767.wav,id_02,0,normal,10.0,16000,160000
D:\pump\id_00\normal\00000620.wav,id_00,0,normal,10.0,16000,160000
D:\pump\id_00\normal\00000670.wav,id_00,0,normal,10.0,16000,160000
D:\pump\id_00\normal\00000431.wav,id_00,0,normal,10.0,16000,160000
D:\pump\id_06\normal\00000044.wav,id_06,0,normal,10.0,16000,160000
D:\pump\id_04\normal\00000610.wav,id_04,0,normal,10.0,16000,160000
D:\pump\id_02\normal\00000469.wav,id_02,0,normal,10.0,16000,160000
D:\pump\id_06\normal\00000310.wav,id_06,0,normal,10.0,16000,160000
D:\pump\id_06\normal\00000581.wav,id_06,0,normal,10.0,16000,160000
D:\pump\id_02\normal\00000465.wav,id_02,0,normal,10.0,16000,160000
D:\pump\id_00\normal\00000050.wav,id_00,0,normal,10.0,16000,160000
D:\pump\id_00\normal\00000030.wav,id_00,0,normal,10.0,16000,160000
D:\pump\id_02\normal\00000237.wav,id_02,0,normal,10.0,16000,160000
D:\pump\id_00\abnormal\00000031.wav,id_00,1,abnormal,10.0,16000,160000
D:\pump\id_06\normal\00000691.wav,id_06,0,normal,10.0,16000,160000
D:\pump\id_00\normal\00000022.wav,id_00,0,normal,10.0,16000,160000
D:\pump\id_04\normal\00000338.wav,id_04,0,normal,10.0,16000,160000
D:\pump\id_00\normal\00000834.wav,id_00,0,normal,10.0,16000,160000
D:\pump\id_04\normal\00000028.wav,id_04,0,normal,10.0,16000,160000
D:\pump\id_02\normal\00000753.wav,id_02,0,normal,10.0,16000,160000
D:\pump\id_02\normal\00000266.wav,id_02,0,normal,10.0,16000,160000
D:\pump\id_02\normal\00000020.wav,id_02,0,normal,10.0,16000,160000
D:\pump\id_04\normal\00000332.wav,id_04,0,normal,10.0,16000,160000
D:\pump\id_00\normal\00000567.wav,id_00,0,normal,10.0,16000,160000
D:\pump\id_04\normal\00000213.wav,id_04,0,normal,10.0,16000,160000
D:\pump\id_04\normal\00000075.wav,id_04,0,normal,10.0,16000,160000
D:\pump\id_06\normal\00000889.wav,id_06,0,normal,10.0,16000,160000
D:\pump\id_00\normal\00000104.wav,id_00,0,normal,10.0,16000,160000
D:\pump\id_00\normal\00000501.wav,id_00,0,normal,10.0,16000,160000
D:\pump\id_04\normal\00000611.wav,id_04,0,normal,10.0,16000,160000
D:\pump\id_04\normal\00000639.wav,id_04,0,normal,10.0,16000,160000
D:\pump\id_00\normal\00000893.wav,id_00,0,normal,10.0,16000,160000
D:\pump\id_00\normal\00000543.wav,id_00,0,normal,10.0,16000,160000
D:\pump\id_00\normal\00000473.wav,id_00,0,normal,10.0,16000,160000
D:\pump\id_02\normal\00000388.wav,id_02,0,normal,10.0,16000,160000
D:\pump\id_02\normal\00000723.wav,id_02,0,normal,10.0,16000,160000
D:\pump\id_04\normal\00000625.wav,id_04,0,normal,10.0,16000,160000
D:\pump\id_06\normal\00000788.wav,id_06,0,normal,10.0,16000,160000
D:\pump\id_06\normal\00000005.wav,id_06,0,normal,10.0,16000,160000
D:\pump\id_04\normal\00000304.wav,id_04,0,normal,10.0,16000,160000
D:\pump\id_00\normal\00000575.wav,id_00,0,normal,10.0,16000,160000
D:\pump\id_06\normal\00000927.wav,id_06,0,normal,10.0,16000,160000
D:\pump\id_02\abnormal\00000048.wav,id_02,1,abnormal,10.0,16000,160000
D:\pump\id_04\normal\00000224.wav,id_04,0,normal,10.0,16000,160000
D:\pump\id_06\normal\00000450.wav,id_06,0,normal,10.0,16000,160000
D:\pump\id_04\normal\00000143.wav,id_04,0,normal,10.0,16000,160000
D:\pump\id_04\normal\00000164.wav,id_04,0,normal,10.0,16000,160000
D:\pump\id_04\normal\00000529.wav,id_04,0,normal,10.0,16000,160000
D:\pump\id_04\normal\00000592.wav,id_04,0,normal,10.0,16000,160000
D:\pump\id_00\normal\00000405.wav,id_00,0,normal,10.0,16000,160000
D:\pump\id_02\normal\00000259.wav,id_02,0,normal,10.0,16000,160000
D:\pump\id_00\abnormal\00000041.wav,id_00,1,abnormal,10.0,16000,160000
D:\pump\id_06\normal\00000876.wav,id_06,0,normal,10.0,16000,160000
D:\pump\id_02\abnormal\00000102.wav,id_02,1,abnormal,10.0,16000,160000
D:\pump\id_04\normal\00000008.wav,id_04,0,normal,10.0,16000,160000
D:\pump\id_04\normal\00000289.wav,id_04,0,normal,10.0,16000,160000
D:\pump\id_04\abnormal\00000052.wav,id_04,1,abnormal,10.0,16000,160000
D:\pump\id_04\normal\00000297.wav,id_04,0,normal,10.0,16000,160000
D:\pump\id_04\abnormal\00000082.wav,id_04,1,abnormal,10.0,16000,160000
D:\pump\id_02\normal\00000626.wav,id_02,0,normal,10.0,16000,160000
D:\pump\id_06\normal\00000055.wav,id_06,0,normal,10.0,16000,160000
D:\pump\id_00\normal\00000338.wav,id_00,0,normal,10.0,16000,160000
D:\pump\id_00\normal\00000634.wav,id_00,0,normal,10.0,16000,160000
D:\pump\id_02\normal\00000276.wav,id_02,0,normal,10.0,16000,160000
D:\pump\id_02\normal\00000625.wav,id_02,0,normal,10.0,16000,160000
D:\pump\id_00\abnormal\00000124.wav,id_00,1,abnormal,10.0,16000,160000
D:\pump\id_02\abnormal\00000005.wav,id_02,1,abnormal,10.0,16000,160000
D:\pump\id_02\normal\00000038.wav,id_02,0,normal,10.0,16000,160000
D:\pump\id_00\normal\00000369.wav,id_00,0,normal,10.0,16000,160000
D:\pump\id_00\normal\00000732.wav,id_00,0,normal,10.0,16000,160000
D:\pump\id_06\normal\00000243.wav,id_06,0,normal,10.0,16000,160000
D:\pump\id_02\normal\00000242.wav,id_02,0,normal,10.0,16000,160000
D:\pump\id_02\normal\00000411.wav,id_02,0,normal,10.0,16000,160000
D:\pump\id_00\normal\00000322.wav,id_00,0,normal,10.0,16000,160000
D:\pump\id_02\normal\00000752.wav,id_02,0,normal,10.0,16000,160000
D:\pump\id_00\normal\00000398.wav,id_00,0,normal,10.0,16000,160000
D:\pump\id_02\normal\00000690.wav,id_02,0,normal,10.0,16000,160000
D:\pump\id_04\normal\00000518.wav,id_04,0,normal,10.0,16000,160000
D:\pump\id_00\normal\00000514.wav,id_00,0,normal,10.0,16000,160000
D:\pump\id_00\normal\00000617.wav,id_00,0,normal,10.0,16000,160000
D:\pump\id_04\normal\00000250.wav,id_04,0,normal,10.0,16000,160000
D:\pump\id_02\normal\00000559.wav,id_02,0,normal,10.0,16000,160000
D:\pump\id_04\normal\00000478.wav,id_04,0,normal,10.0,16000,160000
D:\pump\id_02\normal\00000652.wav,id_02,0,normal,10.0,16000,160000
D:\pump\id_02\normal\00000452.wav,id_02,0,normal,10.0,16000,160000
D:\pump\id_02\normal\00000905.wav,id_02,0,normal,10.0,16000,160000
D:\pump\id_06\normal\00000053.wav,id_06,0,normal,10.0,16000,160000
D:\pump\id_06\normal\00000906.wav,id_06,0,normal,10.0,16000,160000
D:\pump\id_04\normal\00000524.wav,id_04,0,normal,10.0,16000,160000
D:\pump\id_00\normal\00000611.wav,id_00,0,normal,10.0,16000,160000
D:\pump\id_00\normal\00000394.wav,id_00,0,normal,10.0,16000,160000
D:\pump\id_00\normal\00000711.wav,id_00,0,normal,10.0,16000,160000
D:\pump\id_06\normal\00000692.wav,id_06,0,normal,10.0,16000,160000
D:\pump\id_00\normal\00000139.wav,id_00,0,normal,10.0,16000,160000
D:\pump\id_02\normal\00000092.wav,id_02,0,normal,10.0,16000,160000
D:\pump\id_06\normal\00000869.wav,id_06,0,normal,10.0,16000,160000
D:\pump\id_04\normal\00000348.wav,id_04,0,normal,10.0,16000,160000
D:\pump\id_06\normal\00000833.wav,id_06,0,normal,10.0,16000,160000
D:\pump\id_02\normal\00000516.wav,id_02,0,normal,10.0,16000,160000
D:\pump\id_06\normal\00000224.wav,id_06,0,normal,10.0,16000,160000
D:\pump\id_02\normal\00000032.wav,id_02,0,normal,10.0,16000,160000
D:\pump\id_02\abnormal\00000091.wav,id_02,1,abnormal,10.0,16000,160000
D:\pump\id_04\normal\00000242.wav,id_04,0,normal,10.0,16000,160000
D:\pump\id_04\normal\00000674.wav,id_04,0,normal,10.0,16000,160000
D:\pump\id_02\normal\00000302.wav,id_02,0,normal,10.0,16000,160000
D:\pump\id_00\normal\00000994.wav,id_00,0,normal,10.0,16000,160000
D:\pump\id_06\normal\00000579.wav,id_06,0,normal,10.0,16000,160000
D:\pump\id_02\normal\00000796.wav,id_02,0,normal,10.0,16000,160000
D:\pump\id_00\normal\00000932.wav,id_00,0,normal,10.0,16000,160000
D:\pump\id_06\normal\00000348.wav,id_06,0,normal,10.0,16000,160000
D:\pump\id_06\normal\00000052.wav,id_06,0,normal,10.0,16000,160000
D:\pump\id_06\normal\00000163.wav,id_06,0,normal,10.0,16000,160000
D:\pump\id_00\normal\00000813.wav,id_00,0,normal,10.0,16000,160000
D:\pump\id_02\normal\00000223.wav,id_02,0,normal,10.0,16000,160000
D:\pump\id_02\normal\00000596.wav,id_02,0,normal,10.0,16000,160000
D:\pump\id_06\normal\00000739.wav,id_06,0,normal,10.0,16000,160000
D:\pump\id_06\normal\00000608.wav,id_06,0,normal,10.0,16000,160000
D:\pump\id_04\normal\00000009.wav,id_04,0,normal,10.0,16000,160000
D:\pump\id_06\normal\00000309.wav,id_06,0,normal,10.0,16000,160000
D:\pump\id_00\normal\00000477.wav,id_00,0,normal,10.0,16000,160000
D:\pump\id_02\normal\00000747.wav,id_02,0,normal,10.0,16000,160000
D:\pump\id_02\normal\00000714.wav,id_02,0,normal,10.0,16000,160000
D:\pump\id_00\normal\00000198.wav,id_00,0,normal,10.0,16000,160000
D:\pump\id_00\normal\00000494.wav,id_00,0,normal,10.0,16000,160000
D:\pump\id_04\normal\00000444.wav,id_04,0,normal,10.0,16000,160000
D:\pump\id_04\normal\00000275.wav,id_04,0,normal,10.0,16000,160000
D:\pump\id_02\normal\00000445.wav,id_02,0,normal,10.0,16000,160000
D:\pump\id_06\abnormal\00000002.wav,id_06,1,abnormal,10.0,16000,160000
D:\pump\id_02\normal\00000333.wav,id_02,0,normal,10.0,16000,160000
D:\pump\id_04\normal\00000329.wav,id_04,0,normal,10.0,16000,160000
D:\pump\id_02\normal\00000349.wav,id_02,0,normal,10.0,16000,160000
D:\pump\id_04\abnormal\00000086.wav,id_04,1,abnormal,10.0,16000,160000
D:\pump\id_00\normal\00000651.wav,id_00,0,normal,10.0,16000,160000
D:\pump\id_00\normal\00000068.wav,id_00,0,normal,10.0,16000,160000
D:\pump\id_06\normal\00000176.wav,id_06,0,normal,10.0,16000,160000
D:\pump\id_06\abnormal\00000027.wav,id_06,1,abnormal,10.0,16000,160000
D:\pump\id_02\normal\00000964.wav,id_02,0,normal,10.0,16000,160000
D:\pump\id_00\normal\00000708.wav,id_00,0,normal,10.0,16000,160000
D:\pump\id_00\normal\00000244.wav,id_00,0,normal,10.0,16000,160000
D:\pump\id_04\normal\00000534.wav,id_04,0,normal,10.0,16000,160000
D:\pump\id_00\normal\00000314.wav,id_00,0,normal,10.0,16000,160000
D:\pump\id_02\normal\00000473.wav,id_02,0,normal,10.0,16000,160000
D:\pump\id_06\normal\00000490.wav,id_06,0,normal,10.0,16000,160000
D:\pump\id_02\normal\00000004.wav,id_02,0,normal,10.0,16000,160000
D:\pump\id_04\normal\00000040.wav,id_04,0,normal,10.0,16000,160000
D:\pump\id_04\normal\00000169.wav,id_04,0,normal,10.0,16000,160000
D:\pump\id_00\normal\00000825.wav,id_00,0,normal,10.0,16000,160000
D:\pump\id_06\normal\00000711.wav,id_06,0,normal,10.0,16000,160000
D:\pump\id_06\normal\00000914.wav,id_06,0,normal,10.0,16000,160000
D:\pump\id_02\normal\00000202.wav,id_02,0,normal,10.0,16000,160000
D:\pump\id_06\normal\00000794.wav,id_06,0,normal,10.0,16000,160000
D:\pump\id_04\normal\00000294.wav,id_04,0,normal,10.0,16000,160000
D:\pump\id_00\normal\00000239.wav,id_00,0,normal,10.0,16000,160000
D:\pump\id_06\normal\00001030.wav,id_06,0,normal,10.0,16000,160000
D:\pump\id_06\normal\00000256.wav,id_06,0,normal,10.0,16000,160000
D:\pump\id_00\normal\00000377.wav,id_00,0,normal,10.0,16000,160000
D:\pump\id_00\normal\00000649.wav,id_00,0,normal,10.0,16000,160000
D:\pump\id_00\normal\00000817.wav,id_00,0,normal,10.0,16000,160000
D:\pump\id_02\normal\00000503.wav,id_02,0,normal,10.0,16000,160000
D:\pump\id_06\abnormal\00000005.wav,id_06,1,abnormal,10.0,16000,160000
D:\pump\id_00\normal\00000375.wav,id_00,0,normal,10.0,16000,160000
D:\pump\id_06\normal\00000600.wav,id_06,0,normal,10.0,16000,160000
D:\pump\id_02\normal\00000863.wav,id_02,0,normal,10.0,16000,160000
D:\pump\id_00\normal\00000002.wav,id_00,0,normal,10.0,16000,160000
D:\pump\id_06\normal\00000408.wav,id_06,0,normal,10.0,16000,160000
D:\pump\id_00\abnormal\00000003.wav,id_00,1,abnormal,10.0,16000,160000
D:\pump\id_02\normal\00000794.wav,id_02,0,normal,10.0,16000,160000
D:\pump\id_02\normal\00000271.wav,id_02,0,normal,10.0,16000,160000
D:\pump\id_02\normal\00000659.wav,id_02,0,normal,10.0,16000,160000
D:\pump\id_04\normal\00000272.wav,id_04,0,normal,10.0,16000,160000
D:\pump\id_06\normal\00000366.wav,id_06,0,normal,10.0,16000,160000
D:\pump\id_02\normal\00000595.wav,id_02,0,normal,10.0,16000,160000
D:\pump\id_00\normal\00000922.wav,id_00,0,normal,10.0,16000,160000
D:\pump\id_06\normal\00000886.wav,id_06,0,normal,10.0,16000,160000
D:\pump\id_04\normal\00000392.wav,id_04,0,normal,10.0,16000,160000
D:\pump\id_04\normal\00000581.wav,id_04,0,normal,10.0,16000,160000
D:\pump\id_04\normal\00000656.wav,id_04,0,normal,10.0,16000,160000
D:\pump\id_04\normal\00000394.wav,id_04,0,normal,10.0,16000,160000
D:\pump\id_06\normal\00000456.wav,id_06,0,normal,10.0,16000,160000
D:\pump\id_06\normal\00000799.wav,id_06,0,normal,10.0,16000,160000
D:\pump\id_06\normal\00000071.wav,id_06,0,normal,10.0,16000,160000
D:\pump\id_00\normal\00000179.wav,id_00,0,normal,10.0,16000,160000
D:\pump\id_02\normal\00000715.wav,id_02,0,normal,10.0,16000,160000
D:\pump\id_04\normal\00000088.wav,id_04,0,normal,10.0,16000,160000
D:\pump\id_06\normal\00000999.wav,id_06,0,normal,10.0,16000,160000
D:\pump\id_00\normal\00000082.wav,id_00,0,normal,10.0,16000,160000
D:\pump\id_04\normal\00000653.wav,id_04,0,normal,10.0,16000,160000
D:\pump\id_00\normal\00000705.wav,id_00,0,normal,10.0,16000,160000
D:\pump\id_02\abnormal\00000076.wav,id_02,1,abnormal,10.0,16000,160000
D:\pump\id_06\normal\00000530.wav,id_06,0,normal,10.0,16000,160000
D:\pump\id_00\normal\00000371.wav,id_00,0,normal,10.0,16000,160000
D:\pump\id_02\normal\00000051.wav,id_02,0,normal,10.0,16000,160000
D:\pump\id_06\abnormal\00000044.wav,id_06,1,abnormal,10.0,16000,160000
D:\pump\id_04\normal\00000434.wav,id_04,0,normal,10.0,16000,160000
D:\pump\id_00\normal\00000414.wav,id_00,0,normal,10.0,16000,160000
D:\pump\id_02\normal\00000022.wav,id_02,0,normal,10.0,16000,160000
D:\pump\id_04\normal\00000675.wav,id_04,0,normal,10.0,16000,160000
D:\pump\id_00\normal\00000537.wav,id_00,0,normal,10.0,16000,160000
D:\pump\id_00\normal\00000478.wav,id_00,0,normal,10.0,16000,160000
D:\pump\id_06\normal\00000413.wav,id_06,0,normal,10.0,16000,160000
D:\pump\id_06\abnormal\00000049.wav,id_06,1,abnormal,10.0,16000,160000
D:\pump\id_00\normal\00000786.wav,id_00,0,normal,10.0,16000,160000
D:\pump\id_02\normal\00000264.wav,id_02,0,normal,10.0,16000,160000
D:\pump\id_02\normal\00000638.wav,id_02,0,normal,10.0,16000,160000
D:\pump\id_04\normal\00000089.wav,id_04,0,normal,10.0,16000,160000
D:\pump\id_00\normal\00000581.wav,id_00,0,normal,10.0,16000,160000
D:\pump\id_00\normal\00000442.wav,id_00,0,normal,10.0,16000,160000
D:\pump\id_06\normal\00000432.wav,id_06,0,normal,10.0,16000,160000
D:\pump\id_00\normal\00000439.wav,id_00,0,normal,10.0,16000,160000
D:\pump\id_00\normal\00000167.wav,id_00,0,normal,10.0,16000,160000
D:\pump\id_06\normal\00000972.wav,id_06,0,normal,10.0,16000,160000
D:\pump\id_04\abnormal\00000030.wav,id_04,1,abnormal,10.0,16000,160000
D:\pump\id_06\abnormal\00000050.wav,id_06,1,abnormal,10.0,16000,160000
D:\pump\id_00\normal\00000859.wav,id_00,0,normal,10.0,16000,160000
D:\pump\id_06\normal\00000111.wav,id_06,0,normal,10.0,16000,160000
D:\pump\id_02\normal\00000378.wav,id_02,0,normal,10.0,16000,160000
D:\pump\id_00\normal\00000615.wav,id_00,0,normal,10.0,16000,160000
D:\pump\id_04\normal\00000269.wav,id_04,0,normal,10.0,16000,160000
D:\pump\id_00\normal\00000192.wav,id_00,0,normal,10.0,16000,160000
D:\pump\id_00\abnormal\00000137.wav,id_00,1,abnormal,10.0,16000,160000
D:\pump\id_02\normal\00000572.wav,id_02,0,normal,10.0,16000,160000
D:\pump\id_02\normal\00000740.wav,id_02,0,normal,10.0,16000,160000
D:\pump\id_06\normal\00000236.wav,id_06,0,normal,10.0,16000,160000
D:\pump\id_02\normal\00000550.wav,id_02,0,normal,10.0,16000,160000
D:\pump\id_02\normal\00000297.wav,id_02,0,normal,10.0,16000,160000
D:\pump\id_06\normal\00000056.wav,id_06,0,normal,10.0,16000,160000
D:\pump\id_04\normal\00000512.wav,id_04,0,normal,10.0,16000,160000
D:\pump\id_00\normal\00000521.wav,id_00,0,normal,10.0,16000,160000
D:\pump\id_04\normal\00000677.wav,id_04,0,normal,10.0,16000,160000
D:\pump\id_02\normal\00000426.wav,id_02,0,normal,10.0,16000,160000
D:\pump\id_06\normal\00000433.wav,id_06,0,normal,10.0,16000,160000
D:\pump\id_06\normal\00000931.wav,id_06,0,normal,10.0,16000,160000
D:\pump\id_04\normal\00000463.wav,id_04,0,normal,10.0,16000,160000
D:\pump\id_06\normal\00000451.wav,id_06,0,normal,10.0,16000,160000
D:\pump\id_02\normal\00000218.wav,id_02,0,normal,10.0,16000,160000
D:\pump\id_04\normal\00000698.wav,id_04,0,normal,10.0,16000,160000
D:\pump\id_04\normal\00000001.wav,id_04,0,normal,10.0,16000,160000
D:\pump\id_06\normal\00000537.wav,id_06,0,normal,10.0,16000,160000
D:\pump\id_02\normal\00000698.wav,id_02,0,normal,10.0,16000,160000
D:\pump\id_00\normal\00000088.wav,id_00,0,normal,10.0,16000,160000
D:\pump\id_06\normal\00000289.wav,id_06,0,normal,10.0,16000,160000
D:\pump\id_00\normal\00000086.wav,id_00,0,normal,10.0,16000,160000
D:\pump\id_04\normal\00000655.wav,id_04,0,normal,10.0,16000,160000
D:\pump\id_02\normal\00000019.wav,id_02,0,normal,10.0,16000,160000
D:\pump\id_04\normal\00000097.wav,id_04,0,normal,10.0,16000,160000
D:\pump\id_00\normal\00000684.wav,id_00,0,normal,10.0,16000,160000
D:\pump\id_06\normal\00001013.wav,id_06,0,normal,10.0,16000,160000
D:\pump\id_04\normal\00000683.wav,id_04,0,normal,10.0,16000,160000
D:\pump\id_06\normal\00000521.wav,id_06,0,normal,10.0,16000,160000
D:\pump\id_04\normal\00000337.wav,id_04,0,normal,10.0,16000,160000
D:\pump\id_04\abnormal\00000077.wav,id_04,1,abnormal,10.0,16000,160000
D:\pump\id_06\normal\00000033.wav,id_06,0,normal,10.0,16000,160000
D:\pump\id_06\normal\00000095.wav,id_06,0,normal,10.0,16000,160000
D:\pump\id_06\normal\00000045.wav,id_06,0,normal,10.0,16000,160000
D:\pump\id_04\normal\00000048.wav,id_04,0,normal,10.0,16000,160000
D:\pump\id_06\normal\00000938.wav,id_06,0,normal,10.0,16000,160000
D:\pump\id_04\normal\00000443.wav,id_04,0,normal,10.0,16000,160000
D:\pump\id_06\normal\00000754.wav,id_06,0,normal,10.0,16000,160000
D:\pump\id_06\normal\00000286.wav,id_06,0,normal,10.0,16000,160000
D:\pump\id_02\normal\00000246.wav,id_02,0,normal,10.0,16000,160000
D:\pump\id_00\normal\00000081.wav,id_00,0,normal,10.0,16000,160000
D:\pump\id_04\normal\00000150.wav,id_04,0,normal,10.0,16000,160000
D:\pump\id_06\normal\00000010.wav,id_06,0,normal,10.0,16000,160000
D:\pump\id_06\normal\00000928.wav,id_06,0,normal,10.0,16000,160000
D:\pump\id_06\normal\00000759.wav,id_06,0,normal,10.0,16000,160000
D:\pump\id_02\normal\00000142.wav,id_02,0,normal,10.0,16000,160000
D:\pump\id_02\normal\00000697.wav,id_02,0,normal,10.0,16000,160000
D:\pump\id_00\normal\00000261.wav,id_00,0,normal,10.0,16000,160000
D:\pump\id_02\normal\00000962.wav,id_02,0,normal,10.0,16000,160000
D:\pump\id_00\abnormal\00000139.wav,id_00,1,abnormal,10.0,16000,160000
D:\pump\id_02\normal\00000293.wav,id_02,0,normal,10.0,16000,160000
D:\pump\id_04\abnormal\00000033.wav,id_04,1,abnormal,10.0,16000,160000
D:\pump\id_06\normal\00000118.wav,id_06,0,normal,10.0,16000,160000
D:\pump\id_06\abnormal\00000051.wav,id_06,1,abnormal,10.0,16000,160000
D:\pump\id_02\abnormal\00000057.wav,id_02,1,abnormal,10.0,16000,160000
D:\pump\id_00\normal\00000333.wav,id_00,0,normal,10.0,16000,160000
D:\pump\id_06\abnormal\00000007.wav,id_06,1,abnormal,10.0,16000,160000
D:\pump\id_00\normal\00000863.wav,id_00,0,normal,10.0,16000,160000
D:\pump\id_00\normal\00000519.wav,id_00,0,normal,10.0,16000,160000
D:\pump\id_02\normal\00000462.wav,id_02,0,normal,10.0,16000,160000
D:\pump\id_02\normal\00000169.wav,id_02,0,normal,10.0,16000,160000
D:\pump\id_06\abnormal\00000011.wav,id_06,1,abnormal,10.0,16000,160000
D:\pump\id_04\normal\00000145.wav,id_04,0,normal,10.0,16000,160000
D:\pump\id_06\normal\00000677.wav,id_06,0,normal,10.0,16000,160000
D:\pump\id_02\normal\00000909.wav,id_02,0,normal,10.0,16000,160000
D:\pump\id_00\abnormal\00000052.wav,id_00,1,abnormal,10.0,16000,160000
D:\pump\id_06\abnormal\00000071.wav,id_06,1,abnormal,10.0,16000,160000
D:\pump\id_00\normal\00000355.wav,id_00,0,normal,10.0,16000,160000
D:\pump\id_02\normal\00000820.wav,id_02,0,normal,10.0,16000,160000
D:\pump\id_02\abnormal\00000030.wav,id_02,1,abnormal,10.0,16000,160000
D:\pump\id_02\normal\00000548.wav,id_02,0,normal,10.0,16000,160000
D:\pump\id_00\normal\00000522.wav,id_00,0,normal,10.0,16000,160000
D:\pump\id_04\normal\00000551.wav,id_04,0,normal,10.0,16000,160000
D:\pump\id_04\normal\00000671.wav,id_04,0,normal,10.0,16000,160000
D:\pump\id_00\normal\00000264.wav,id_00,0,normal,10.0,16000,160000
D:\pump\id_06\normal\00000205.wav,id_06,0,normal,10.0,16000,160000
D:\pump\id_02\normal\00000392.wav,id_02,0,normal,10.0,16000,160000
D:\pump\id_06\normal\00000936.wav,id_06,0,normal,10.0,16000,160000
D:\pump\id_02\normal\00000215.wav,id_02,0,normal,10.0,16000,160000
D:\pump\id_02\normal\00000009.wav,id_02,0,normal,10.0,16000,160000
D:\pump\id_04\normal\00000362.wav,id_04,0,normal,10.0,16000,160000
D:\pump\id_02\normal\00000943.wav,id_02,0,normal,10.0,16000,160000
D:\pump\id_06\normal\00001011.wav,id_06,0,normal,10.0,16000,160000
D:\pump\id_02\normal\00000252.wav,id_02,0,normal,10.0,16000,160000
D:\pump\id_04\normal\00000193.wav,id_04,0,normal,10.0,16000,160000
D:\pump\id_02\normal\00000368.wav,id_02,0,normal,10.0,16000,160000
D:\pump\id_02\normal\00000732.wav,id_02,0,normal,10.0,16000,160000
D:\pump\id_06\normal\00000328.wav,id_06,0,normal,10.0,16000,160000
D:\pump\id_00\normal\00000173.wav,id_00,0,normal,10.0,16000,160000
D:\pump\id_00\normal\00000045.wav,id_00,0,normal,10.0,16000,160000
D:\pump\id_04\normal\00000422.wav,id_04,0,normal,10.0,16000,160000
D:\pump\id_02\normal\00000459.wav,id_02,0,normal,10.0,16000,160000
D:\pump\id_02\normal\00000305.wav,id_02,0,normal,10.0,16000,160000
D:\pump\id_04\normal\00000583.wav,id_04,0,normal,10.0,16000,160000
D:\pump\id_06\normal\00000170.wav,id_06,0,normal,10.0,16000,160000
D:\pump\id_06\normal\00000750.wav,id_06,0,normal,10.0,16000,160000
D:\pump\id_02\normal\00000966.wav,id_02,0,normal,10.0,16000,160000
D:\pump\id_04\normal\00000451.wav,id_04,0,normal,10.0,16000,160000
D:\pump\id_06\normal\00000682.wav,id_06,0,normal,10.0,16000,160000
D:\pump\id_06\normal\00000029.wav,id_06,0,normal,10.0,16000,160000
D:\pump\id_02\normal\00000211.wav,id_02,0,normal,10.0,16000,160000
D:\pump\id_06\normal\00000797.wav,id_06,0,normal,10.0,16000,160000
D:\pump\id_02\normal\00000185.wav,id_02,0,normal,10.0,16000,160000
D:\pump\id_00\normal\00000689.wav,id_00,0,normal,10.0,16000,160000
D:\pump\id_06\normal\00000524.wav,id_06,0,normal,10.0,16000,160000
D:\pump\id_04\normal\00000240.wav,id_04,0,normal,10.0,16000,160000
D:\pump\id_00\normal\00000908.wav,id_00,0,normal,10.0,16000,160000
D:\pump\id_00\normal\00000589.wav,id_00,0,normal,10.0,16000,160000
D:\pump\id_00\normal\00000162.wav,id_00,0,normal,10.0,16000,160000
D:\pump\id_00\normal\00000493.wav,id_00,0,normal,10.0,16000,160000
D:\pump\id_02\normal\00000244.wav,id_02,0,normal,10.0,16000,160000
D:\pump\id_04\abnormal\00000092.wav,id_04,1,abnormal,10.0,16000,160000
D:\pump\id_04\normal\00000401.wav,id_04,0,normal,10.0,16000,160000
D:\pump\id_00\normal\00000602.wav,id_00,0,normal,10.0,16000,160000
D:\pump\id_00\normal\00000018.wav,id_00,0,normal,10.0,16000,160000
D:\pump\id_04\abnormal\00000034.wav,id_04,1,abnormal,10.0,16000,160000
D:\pump\id_04\normal\00000267.wav,id_04,0,normal,10.0,16000,160000
D:\pump\id_02\normal\00000064.wav,id_02,0,normal,10.0,16000,160000
D:\pump\id_06\normal\00000338.wav,id_06,0,normal,10.0,16000,160000
D:\pump\id_02\normal\00000610.wav,id_02,0,normal,10.0,16000,160000
D:\pump\id_06\abnormal\00000097.wav,id_06,1,abnormal,10.0,16000,160000
D:\pump\id_00\abnormal\00000127.wav,id_00,1,abnormal,10.0,16000,160000
D:\pump\id_06\normal\00000804.wav,id_06,0,normal,10.0,16000,160000
D:\pump\id_02\normal\00000394.wav,id_02,0,normal,10.0,16000,160000
D:\pump\id_02\normal\00000391.wav,id_02,0,normal,10.0,16000,160000
D:\pump\id_04\normal\00000047.wav,id_04,0,normal,10.0,16000,160000
D:\pump\id_00\normal\00000215.wav,id_00,0,normal,10.0,16000,160000
D:\pump\id_06\normal\00000807.wav,id_06,0,normal,10.0,16000,160000
D:\pump\id_02\normal\00000833.wav,id_02,0,normal,10.0,16000,160000
D:\pump\id_02\abnormal\00000016.wav,id_02,1,abnormal,10.0,16000,160000
D:\pump\id_06\normal\00000255.wav,id_06,0,normal,10.0,16000,160000
D:\pump\id_06\normal\00000460.wav,id_06,0,normal,10.0,16000,160000
D:\pump\id_02\abnormal\00000018.wav,id_02,1,abnormal,10.0,16000,160000
D:\pump\id_02\abnormal\00000052.wav,id_02,1,abnormal,10.0,16000,160000
D:\pump\id_00\normal\00000350.wav,id_00,0,normal,10.0,16000,160000
D:\pump\id_00\normal\00000299.wav,id_00,0,normal,10.0,16000,160000
D:\pump\id_00\normal\00000318.wav,id_00,0,normal,10.0,16000,160000
D:\pump\id_00\abnormal\00000113.wav,id_00,1,abnormal,10.0,16000,160000
D:\pump\id_00\normal\00000531.wav,id_00,0,normal,10.0,16000,160000
D:\pump\id_06\normal\00000357.wav,id_06,0,normal,10.0,16000,160000
D:\pump\id_00\abnormal\00000086.wav,id_00,1,abnormal,10.0,16000,160000
D:\pump\id_06\normal\00001028.wav,id_06,0,normal,10.0,16000,160000
D:\pump\id_02\normal\00000972.wav,id_02,0,normal,10.0,16000,160000
D:\pump\id_00\normal\00000033.wav,id_00,0,normal,10.0,16000,160000
D:\pump\id_02\normal\00000504.wav,id_02,0,normal,10.0,16000,160000
D:\pump\id_06\normal\00000983.wav,id_06,0,normal,10.0,16000,160000
D:\pump\id_04\normal\00000019.wav,id_04,0,normal,10.0,16000,160000
D:\pump\id_04\normal\00000397.wav,id_04,0,normal,10.0,16000,160000
D:\pump\id_02\normal\00000532.wav,id_02,0,normal,10.0,16000,160000
D:\pump\id_04\normal\00000642.wav,id_04,0,normal,10.0,16000,160000
D:\pump\id_04\normal\00000111.wav,id_04,0,normal,10.0,16000,160000
D:\pump\id_06\normal\00000314.wav,id_06,0,normal,10.0,16000,160000
D:\pump\id_02\normal\00000987.wav,id_02,0,normal,10.0,16000,160000
D:\pump\id_00\normal\00000074.wav,id_00,0,normal,10.0,16000,160000
D:\pump\id_02\normal\00000422.wav,id_02,0,normal,10.0,16000,160000
D:\pump\id_00\normal\00000056.wav,id_00,0,normal,10.0,16000,160000
D:\pump\id_06\abnormal\00000024.wav,id_06,1,abnormal,10.0,16000,160000
D:\pump\id_02\normal\00000749.wav,id_02,0,normal,10.0,16000,160000
D:\pump\id_06\normal\00001004.wav,id_06,0,normal,10.0,16000,160000
D:\pump\id_06\normal\00000090.wav,id_06,0,normal,10.0,16000,160000
D:\pump\id_00\abnormal\00000123.wav,id_00,1,abnormal,10.0,16000,160000
D:\pump\id_00\normal\00000900.wav,id_00,0,normal,10.0,16000,160000
D:\pump\id_06\normal\00000873.wav,id_06,0,normal,10.0,16000,160000
D:\pump\id_02\normal\00000997.wav,id_02,0,normal,10.0,16000,160000
D:\pump\id_06\normal\00000731.wav,id_06,0,normal,10.0,16000,160000
D:\pump\id_06\normal\00000298.wav,id_06,0,normal,10.0,16000,160000
D:\pump\id_00\normal\00000913.wav,id_00,0,normal,10.0,16000,160000
D:\pump\id_00\normal\00000687.wav,id_00,0,normal,10.0,16000,160000
D:\pump\id_02\normal\00000555.wav,id_02,0,normal,10.0,16000,160000
D:\pump\id_06\normal\00000145.wav,id_06,0,normal,10.0,16000,160000
D:\pump\id_00\normal\00000272.wav,id_00,0,normal,10.0,16000,160000
D:\pump\id_00\normal\00000872.wav,id_00,0,normal,10.0,16000,160000
D:\pump\id_06\abnormal\00000075.wav,id_06,1,abnormal,10.0,16000,160000
D:\pump\id_04\normal\00000495.wav,id_04,0,normal,10.0,16000,160000
D:\pump\id_04\normal\00000450.wav,id_04,0,normal,10.0,16000,160000
D:\pump\id_02\normal\00000656.wav,id_02,0,normal,10.0,16000,160000
D:\pump\id_00\normal\00000958.wav,id_00,0,normal,10.0,16000,160000
D:\pump\id_02\normal\00000397.wav,id_02,0,normal,10.0,16000,160000
D:\pump\id_00\abnormal\00000111.wav,id_00,1,abnormal,10.0,16000,160000
D:\pump\id_02\abnormal\00000068.wav,id_02,1,abnormal,10.0,16000,160000
D:\pump\id_00\normal\00000124.wav,id_00,0,normal,10.0,16000,160000
D:\pump\id_06\normal\00000497.wav,id_06,0,normal,10.0,16000,160000
D:\pump\id_06\normal\00000922.wav,id_06,0,normal,10.0,16000,160000
D:\pump\id_04\abnormal\00000076.wav,id_04,1,abnormal,10.0,16000,160000
D:\pump\id_00\normal\00000057.wav,id_00,0,normal,10.0,16000,160000
D:\pump\id_06\normal\00000245.wav,id_06,0,normal,10.0,16000,160000
D:\pump\id_02\normal\00000772.wav,id_02,0,normal,10.0,16000,160000
D:\pump\id_06\normal\00000467.wav,id_06,0,normal,10.0,16000,160000
D:\pump\id_02\normal\00000274.wav,id_02,0,normal,10.0,16000,160000
D:\pump\id_00\normal\00000340.wav,id_00,0,normal,10.0,16000,160000
D:\pump\id_02\normal\00000674.wav,id_02,0,normal,10.0,16000,160000
D:\pump\id_00\abnormal\00000022.wav,id_00,1,abnormal,10.0,16000,160000
D:\pump\id_02\normal\00000273.wav,id_02,0,normal,10.0,16000,160000
D:\pump\id_00\normal\00000899.wav,id_00,0,normal,10.0,16000,160000
D:\pump\id_00\abnormal\00000055.wav,id_00,1,abnormal,10.0,16000,160000
D:\pump\id_02\normal\00000484.wav,id_02,0,normal,10.0,16000,160000
D:\pump\id_06\normal\00000105.wav,id_06,0,normal,10.0,16000,160000
D:\pump\id_00\abnormal\00000114.wav,id_00,1,abnormal,10.0,16000,160000
D:\pump\id_04\abnormal\00000013.wav,id_04,1,abnormal,10.0,16000,160000
D:\pump\id_02\abnormal\00000009.wav,id_02,1,abnormal,10.0,16000,160000
D:\pump\id_02\normal\00000927.wav,id_02,0,normal,10.0,16000,160000
D:\pump\id_04\normal\00000246.wav,id_04,0,normal,10.0,16000,160000
D:\pump\id_00\normal\00000281.wav,id_00,0,normal,10.0,16000,160000
D:\pump\id_06\normal\00000536.wav,id_06,0,normal,10.0,16000,160000
D:\pump\id_00\normal\00000622.wav,id_00,0,normal,10.0,16000,160000
D:\pump\id_00\normal\00000304.wav,id_00,0,normal,10.0,16000,160000
D:\pump\id_02\normal\00000219.wav,id_02,0,normal,10.0,16000,160000
D:\pump\id_04\normal\00000045.wav,id_04,0,normal,10.0,16000,160000
D:\pump\id_00\normal\00000655.wav,id_00,0,normal,10.0,16000,160000
D:\pump\id_06\normal\00000109.wav,id_06,0,normal,10.0,16000,160000
D:\pump\id_00\normal\00000754.wav,id_00,0,normal,10.0,16000,160000
D:\pump\id_02\normal\00000930.wav,id_02,0,normal,10.0,16000,160000
D:\pump\id_02\normal\00000012.wav,id_02,0,normal,10.0,16000,160000
D:\pump\id_00\normal\00000636.wav,id_00,0,normal,10.0,16000,160000
D:\pump\id_06\normal\00000603.wav,id_06,0,normal,10.0,16000,160000
D:\pump\id_00\normal\00000677.wav,id_00,0,normal,10.0,16000,160000
D:\pump\id_06\normal\00000169.wav,id_06,0,normal,10.0,16000,160000
D:\pump\id_06\normal\00000320.wav,id_06,0,normal,10.0,16000,160000
D:\pump\id_00\normal\00000194.wav,id_00,0,normal,10.0,16000,160000
D:\pump\id_04\normal\00000021.wav,id_04,0,normal,10.0,16000,160000
D:\pump\id_04\abnormal\00000019.wav,id_04,1,abnormal,10.0,16000,160000
D:\pump\id_06\normal\00000107.wav,id_06,0,normal,10.0,16000,160000
D:\pump\id_06\normal\00000846.wav,id_06,0,normal,10.0,16000,160000
D:\pump\id_06\normal\00000480.wav,id_06,0,normal,10.0,16000,160000
D:\pump\id_00\normal\00000599.wav,id_00,0,normal,10.0,16000,160000
D:\pump\id_00\abnormal\00000005.wav,id_00,1,abnormal,10.0,16000,160000
D:\pump\id_06\normal\00000591.wav,id_06,0,normal,10.0,16000,160000
D:\pump\id_00\normal\00000407.wav,id_00,0,normal,10.0,16000,160000
D:\pump\id_00\normal\00000100.wav,id_00,0,normal,10.0,16000,160000
D:\pump\id_06\normal\00000954.wav,id_06,0,normal,10.0,16000,160000
D:\pump\id_06\normal\00000008.wav,id_06,0,normal,10.0,16000,160000
D:\pump\id_00\normal\00000869.wav,id_00,0,normal,10.0,16000,160000
D:\pump\id_04\normal\00000638.wav,id_04,0,normal,10.0,16000,160000
D:\pump\id_00\normal\00000613.wav,id_00,0,normal,10.0,16000,160000
D:\pump\id_06\normal\00000571.wav,id_06,0,normal,10.0,16000,160000
D:\pump\id_04\normal\00000070.wav,id_04,0,normal,10.0,16000,160000
D:\pump\id_04\normal\00000007.wav,id_04,0,normal,10.0,16000,160000
D:\pump\id_00\normal\00000297.wav,id_00,0,normal,10.0,16000,160000
D:\pump\id_00\normal\00000529.wav,id_00,0,normal,10.0,16000,160000
D:\pump\id_06\normal\00000577.wav,id_06,0,normal,10.0,16000,160000
D:\pump\id_00\normal\00000190.wav,id_00,0,normal,10.0,16000,160000
D:\pump\id_00\normal\00000672.wav,id_00,0,normal,10.0,16000,160000
D:\pump\id_06\normal\00000171.wav,id_06,0,normal,10.0,16000,160000
D:\pump\id_02\normal\00000653.wav,id_02,0,normal,10.0,16000,160000
D:\pump\id_06\normal\00000900.wav,id_06,0,normal,10.0,16000,160000
D:\pump\id_06\normal\00000028.wav,id_06,0,normal,10.0,16000,160000
D:\pump\id_02\normal\00000689.wav,id_02,0,normal,10.0,16000,160000
D:\pump\id_00\normal\00000303.wav,id_00,0,normal,10.0,16000,160000
D:\pump\id_02\abnormal\00000072.wav,id_02,1,abnormal,10.0,16000,160000
D:\pump\id_02\normal\00000604.wav,id_02,0,normal,10.0,16000,160000
D:\pump\id_00\abnormal\00000135.wav,id_00,1,abnormal,10.0,16000,160000
D:\pump\id_04\normal\00000488.wav,id_04,0,normal,10.0,16000,160000
D:\pump\id_00\normal\00000796.wav,id_00,0,normal,10.0,16000,160000
D:\pump\id_00\normal\00000741.wav,id_00,0,normal,10.0,16000,160000
D:\pump\id_04\normal\00000432.wav,id_04,0,normal,10.0,16000,160000
D:\pump\id_00\normal\00000126.wav,id_00,0,normal,10.0,16000,160000
D:\pump\id_00\normal\00000009.wav,id_00,0,normal,10.0,16000,160000
D:\pump\id_06\normal\00000057.wav,id_06,0,normal,10.0,16000,160000
D:\pump\id_04\normal\00000504.wav,id_04,0,normal,10.0,16000,160000
D:\pump\id_04\normal\00000582.wav,id_04,0,normal,10.0,16000,160000
D:\pump\id_02\normal\00000879.wav,id_02,0,normal,10.0,16000,160000
D:\pump\id_04\normal\00000165.wav,id_04,0,normal,10.0,16000,160000
D:\pump\id_00\normal\00000188.wav,id_00,0,normal,10.0,16000,160000
D:\pump\id_04\normal\00000180.wav,id_04,0,normal,10.0,16000,160000
D:\pump\id_06\normal\00000214.wav,id_06,0,normal,10.0,16000,160000
D:\pump\id_06\normal\00000074.wav,id_06,0,normal,10.0,16000,160000
D:\pump\id_04\normal\00000464.wav,id_04,0,normal,10.0,16000,160000
D:\pump\id_00\normal\00000713.wav,id_00,0,normal,10.0,16000,160000
D:\pump\id_04\normal\00000256.wav,id_04,0,normal,10.0,16000,160000
D:\pump\id_00\normal\00000180.wav,id_00,0,normal,10.0,16000,160000
D:\pump\id_00\normal\00000248.wav,id_00,0,normal,10.0,16000,160000
D:\pump\id_00\normal\00000127.wav,id_00,0,normal,10.0,16000,160000
D:\pump\id_06\normal\00000529.wav,id_06,0,normal,10.0,16000,160000
D:\pump\id_02\normal\00000537.wav,id_02,0,normal,10.0,16000,160000
D:\pump\id_06\normal\00000773.wav,id_06,0,normal,10.0,16000,160000
D:\pump\id_02\normal\00000954.wav,id_02,0,normal,10.0,16000,160000
D:\pump\id_02\normal\00000138.wav,id_02,0,normal,10.0,16000,160000
D:\pump\id_06\abnormal\00000092.wav,id_06,1,abnormal,10.0,16000,160000
D:\pump\id_00\abnormal\00000067.wav,id_00,1,abnormal,10.0,16000,160000
D:\pump\id_04\normal\00000526.wav,id_04,0,normal,10.0,16000,160000
D:\pump\id_02\normal\00000367.wav,id_02,0,normal,10.0,16000,160000
D:\pump\id_00\normal\00000888.wav,id_00,0,normal,10.0,16000,160000
D:\pump\id_04\normal\00000519.wav,id_04,0,normal,10.0,16000,160000
D:\pump\id_00\normal\00000884.wav,id_00,0,normal,10.0,16000,160000
D:\pump\id_02\normal\00000913.wav,id_02,0,normal,10.0,16000,160000
D:\pump\id_04\normal\00000356.wav,id_04,0,normal,10.0,16000,160000
D:\pump\id_06\normal\00000279.wav,id_06,0,normal,10.0,16000,160000
D:\pump\id_06\normal\00000926.wav,id_06,0,normal,10.0,16000,160000
D:\pump\id_06\normal\00000363.wav,id_06,0,normal,10.0,16000,160000
D:\pump\id_00\abnormal\00000108.wav,id_00,1,abnormal,10.0,16000,160000
D:\pump\id_04\normal\00000417.wav,id_04,0,normal,10.0,16000,160000
D:\pump\id_00\normal\00000320.wav,id_00,0,normal,10.0,16000,160000
D:\pump\id_02\normal\00000203.wav,id_02,0,normal,10.0,16000,160000
D:\pump\id_04\normal\00000087.wav,id_04,0,normal,10.0,16000,160000
D:\pump\id_06\normal\00000486.wav,id_06,0,normal,10.0,16000,160000
D:\pump\id_04\normal\00000645.wav,id_04,0,normal,10.0,16000,160000
D:\pump\id_00\normal\00000223.wav,id_00,0,normal,10.0,16000,160000
D:\pump\id_00\normal\00000783.wav,id_00,0,normal,10.0,16000,160000
D:\pump\id_00\normal\00000512.wav,id_00,0,normal,10.0,16000,160000
D:\pump\id_00\normal\00000939.wav,id_00,0,normal,10.0,16000,160000
D:\pump\id_06\normal\00000642.wav,id_06,0,normal,10.0,16000,160000
D:\pump\id_06\normal\00000612.wav,id_06,0,normal,10.0,16000,160000
D:\pump\id_06\normal\00000673.wav,id_06,0,normal,10.0,16000,160000
D:\pump\id_00\normal\00000365.wav,id_00,0,normal,10.0,16000,160000
D:\pump\id_04\normal\00000383.wav,id_04,0,normal,10.0,16000,160000
D:\pump\id_06\normal\00000670.wav,id_06,0,normal,10.0,16000,160000
D:\pump\id_00\normal\00000029.wav,id_00,0,normal,10.0,16000,160000
D:\pump\id_00\normal\00000662.wav,id_00,0,normal,10.0,16000,160000
D:\pump\id_04\abnormal\00000056.wav,id_04,1,abnormal,10.0,16000,160000
D:\pump\id_02\normal\00000065.wav,id_02,0,normal,10.0,16000,160000
D:\pump\id_02\normal\00000554.wav,id_02,0,normal,10.0,16000,160000
D:\pump\id_00\normal\00000172.wav,id_00,0,normal,10.0,16000,160000
D:\pump\id_00\normal\00000120.wav,id_00,0,normal,10.0,16000,160000
D:\pump\id_02\normal\00000724.wav,id_02,0,normal,10.0,16000,160000
D:\pump\id_02\abnormal\00000028.wav,id_02,1,abnormal,10.0,16000,160000
D:\pump\id_04\abnormal\00000087.wav,id_04,1,abnormal,10.0,16000,160000
D:\pump\id_04\normal\00000330.wav,id_04,0,normal,10.0,16000,160000
D:\pump\id_02\normal\00000067.wav,id_02,0,normal,10.0,16000,160000
D:\pump\id_06\normal\00000117.wav,id_06,0,normal,10.0,16000,160000
D:\pump\id_00\abnormal\00000053.wav,id_00,1,abnormal,10.0,16000,160000
D:\pump\id_00\normal\00000579.wav,id_00,0,normal,10.0,16000,160000
D:\pump\id_06\normal\00000585.wav,id_06,0,normal,10.0,16000,160000
D:\pump\id_00\normal\00000598.wav,id_00,0,normal,10.0,16000,160000
D:\pump\id_00\normal\00000712.wav,id_00,0,normal,10.0,16000,160000
D:\pump\id_02\normal\00000882.wav,id_02,0,normal,10.0,16000,160000
D:\pump\id_06\normal\00001029.wav,id_06,0,normal,10.0,16000,160000
D:\pump\id_06\normal\00000687.wav,id_06,0,normal,10.0,16000,160000
D:\pump\id_06\normal\00000912.wav,id_06,0,normal,10.0,16000,160000
D:\pump\id_00\normal\00000914.wav,id_00,0,normal,10.0,16000,160000
D:\pump\id_00\normal\00000773.wav,id_00,0,normal,10.0,16000,160000
D:\pump\id_06\abnormal\00000086.wav,id_06,1,abnormal,10.0,16000,160000
D:\pump\id_02\normal\00000103.wav,id_02,0,normal,10.0,16000,160000
D:\pump\id_02\normal\00000189.wav,id_02,0,normal,10.0,16000,160000
D:\pump\id_02\normal\00000737.wav,id_02,0,normal,10.0,16000,160000
D:\pump\id_00\abnormal\00000103.wav,id_00,1,abnormal,10.0,16000,160000
D:\pump\id_02\normal\00000440.wav,id_02,0,normal,10.0,16000,160000
D:\pump\id_02\normal\00000534.wav,id_02,0,normal,10.0,16000,160000
D:\pump\id_06\normal\00000068.wav,id_06,0,normal,10.0,16000,160000
D:\pump\id_02\normal\00000510.wav,id_02,0,normal,10.0,16000,160000
D:\pump\id_02\normal\00000029.wav,id_02,0,normal,10.0,16000,160000
D:\pump\id_06\normal\00000297.wav,id_06,0,normal,10.0,16000,160000
D:\pump\id_02\normal\00000207.wav,id_02,0,normal,10.0,16000,160000
D:\pump\id_06\abnormal\00000015.wav,id_06,1,abnormal,10.0,16000,160000
D:\pump\id_00\normal\00000801.wav,id_00,0,normal,10.0,16000,160000
D:\pump\id_02\normal\00000846.wav,id_02,0,normal,10.0,16000,160000
D:\pump\id_04\abnormal\00000028.wav,id_04,1,abnormal,10.0,16000,160000
D:\pump\id_00\normal\00000587.wav,id_00,0,normal,10.0,16000,160000
D:\pump\id_02\normal\00000850.wav,id_02,0,normal,10.0,16000,160000
D:\pump\id_06\normal\00000094.wav,id_06,0,normal,10.0,16000,160000
D:\pump\id_06\normal\00000077.wav,id_06,0,normal,10.0,16000,160000
D:\pump\id_06\normal\00000125.wav,id_06,0,normal,10.0,16000,160000
D:\pump\id_04\normal\00000624.wav,id_04,0,normal,10.0,16000,160000
D:\pump\id_02\normal\00000840.wav,id_02,0,normal,10.0,16000,160000
D:\pump\id_00\normal\00000905.wav,id_00,0,normal,10.0,16000,160000
D:\pump\id_02\normal\00000376.wav,id_02,0,normal,10.0,16000,160000
D:\pump\id_04\normal\00000604.wav,id_04,0,normal,10.0,16000,160000
D:\pump\id_00\normal\00000226.wav,id_00,0,normal,10.0,16000,160000
D:\pump\id_04\normal\00000126.wav,id_04,0,normal,10.0,16000,160000
D:\pump\id_04\normal\00000000.wav,id_04,0,normal,10.0,16000,160000
D:\pump\id_02\normal\00000519.wav,id_02,0,normal,10.0,16000,160000
D:\pump\id_00\normal\00000447.wav,id_00,0,normal,10.0,16000,160000
D:\pump\id_00\normal\00000028.wav,id_00,0,normal,10.0,16000,160000
D:\pump\id_00\normal\00000428.wav,id_00,0,normal,10.0,16000,160000
D:\pump\id_04\normal\00000317.wav,id_04,0,normal,10.0,16000,160000
D:\pump\id_06\normal\00000258.wav,id_06,0,normal,10.0,16000,160000
D:\pump\id_02\normal\00000049.wav,id_02,0,normal,10.0,16000,160000
D:\pump\id_02\normal\00000130.wav,id_02,0,normal,10.0,16000,160000
D:\pump\id_06\abnormal\00000017.wav,id_06,1,abnormal,10.0,16000,160000
D:\pump\id_02\normal\00000471.wav,id_02,0,normal,10.0,16000,160000
D:\pump\id_06\normal\00000287.wav,id_06,0,normal,10.0,16000,160000
D:\pump\id_06\normal\00000753.wav,id_06,0,normal,10.0,16000,160000
D:\pump\id_00\normal\00000527.wav,id_00,0,normal,10.0,16000,160000
D:\pump\id_04\normal\00000439.wav,id_04,0,normal,10.0,16000,160000
D:\pump\id_06\abnormal\00000004.wav,id_06,1,abnormal,10.0,16000,160000
D:\pump\id_02\abnormal\00000033.wav,id_02,1,abnormal,10.0,16000,160000
D:\pump\id_04\normal\00000140.wav,id_04,0,normal,10.0,16000,160000
D:\pump\id_00\normal\00000548.wav,id_00,0,normal,10.0,16000,160000
D:\pump\id_06\normal\00000188.wav,id_06,0,normal,10.0,16000,160000
D:\pump\id_02\normal\00000381.wav,id_02,0,normal,10.0,16000,160000
D:\pump\id_00\normal\00000693.wav,id_00,0,normal,10.0,16000,160000
D:\pump\id_06\normal\00000618.wav,id_06,0,normal,10.0,16000,160000
D:\pump\id_06\abnormal\00000054.wav,id_06,1,abnormal,10.0,16000,160000
D:\pump\id_06\normal\00000851.wav,id_06,0,normal,10.0,16000,160000
D:\pump\id_04\normal\00000423.wav,id_04,0,normal,10.0,16000,160000
D:\pump\id_02\normal\00000527.wav,id_02,0,normal,10.0,16000,160000
D:\pump\id_02\normal\00000634.wav,id_02,0,normal,10.0,16000,160000
D:\pump\id_00\normal\00000976.wav,id_00,0,normal,10.0,16000,160000
D:\pump\id_04\normal\00000345.wav,id_04,0,normal,10.0,16000,160000
D:\pump\id_06\normal\00000676.wav,id_06,0,normal,10.0,16000,160000
D:\pump\id_02\normal\00000134.wav,id_02,0,normal,10.0,16000,160000
D:\pump\id_02\normal\00000695.wav,id_02,0,normal,10.0,16000,160000
D:\pump\id_06\normal\00000811.wav,id_06,0,normal,10.0,16000,160000
D:\pump\id_02\normal\00000251.wav,id_02,0,normal,10.0,16000,160000
D:\pump\id_02\normal\00000168.wav,id_02,0,normal,10.0,16000,160000
D:\pump\id_06\normal\00000916.wav,id_06,0,normal,10.0,16000,160000
D:\pump\id_06\abnormal\00000057.wav,id_06,1,abnormal,10.0,16000,160000
D:\pump\id_00\normal\00000511.wav,id_00,0,normal,10.0,16000,160000
D:\pump\id_00\normal\00000383.wav,id_00,0,normal,10.0,16000,160000
D:\pump\id_06\normal\00000968.wav,id_06,0,normal,10.0,16000,160000
D:\pump\id_02\normal\00000076.wav,id_02,0,normal,10.0,16000,160000
D:\pump\id_04\normal\00000426.wav,id_04,0,normal,10.0,16000,160000
D:\pump\id_06\normal\00000498.wav,id_06,0,normal,10.0,16000,160000
D:\pump\id_06\normal\00000850.wav,id_06,0,normal,10.0,16000,160000
D:\pump\id_00\normal\00000809.wav,id_00,0,normal,10.0,16000,160000
D:\pump\id_00\abnormal\00000009.wav,id_00,1,abnormal,10.0,16000,160000
D:\pump\id_06\normal\00000373.wav,id_06,0,normal,10.0,16000,160000
D:\pump\id_02\normal\00000339.wav,id_02,0,normal,10.0,16000,160000
D:\pump\id_04\normal\00000051.wav,id_04,0,normal,10.0,16000,160000
D:\pump\id_02\normal\00000091.wav,id_02,0,normal,10.0,16000,160000
D:\pump\id_04\normal\00000248.wav,id_04,0,normal,10.0,16000,160000
D:\pump\id_00\normal\00000628.wav,id_00,0,normal,10.0,16000,160000
D:\pump\id_02\normal\00000530.wav,id_02,0,normal,10.0,16000,160000
D:\pump\id_06\normal\00000076.wav,id_06,0,normal,10.0,16000,160000
D:\pump\id_06\normal\00000978.wav,id_06,0,normal,10.0,16000,160000
D:\pump\id_06\normal\00000740.wav,id_06,0,normal,10.0,16000,160000
D:\pump\id_02\abnormal\00000037.wav,id_02,1,abnormal,10.0,16000,160000
D:\pump\id_04\normal\00000135.wav,id_04,0,normal,10.0,16000,160000
D:\pump\id_02\normal\00000533.wav,id_02,0,normal,10.0,16000,160000
D:\pump\id_06\normal\00000885.wav,id_06,0,normal,10.0,16000,160000
D:\pump\id_06\normal\00000194.wav,id_06,0,normal,10.0,16000,160000
D:\pump\id_00\normal\00000457.wav,id_00,0,normal,10.0,16000,160000
D:\pump\id_02\normal\00000544.wav,id_02,0,normal,10.0,16000,160000
D:\pump\id_00\normal\00000673.wav,id_00,0,normal,10.0,16000,160000
D:\pump\id_06\normal\00000385.wav,id_06,0,normal,10.0,16000,160000
D:\pump\id_00\normal\00000985.wav,id_00,0,normal,10.0,16000,160000
D:\pump\id_06\normal\00000644.wav,id_06,0,normal,10.0,16000,160000
D:\pump\id_02\normal\00000035.wav,id_02,0,normal,10.0,16000,160000
D:\pump\id_00\normal\00000761.wav,id_00,0,normal,10.0,16000,160000
D:\pump\id_04\normal\00000367.wav,id_04,0,normal,10.0,16000,160000
D:\pump\id_02\normal\00000624.wav,id_02,0,normal,10.0,16000,160000
D:\pump\id_00\abnormal\00000088.wav,id_00,1,abnormal,10.0,16000,160000
D:\pump\id_04\normal\00000313.wav,id_04,0,normal,10.0,16000,160000
D:\pump\id_04\normal\00000622.wav,id_04,0,normal,10.0,16000,160000
D:\pump\id_04\normal\00000390.wav,id_04,0,normal,10.0,16000,160000
D:\pump\id_02\normal\00000582.wav,id_02,0,normal,10.0,16000,160000
D:\pump\id_02\normal\00000078.wav,id_02,0,normal,10.0,16000,160000
D:\pump\id_02\abnormal\00000002.wav,id_02,1,abnormal,10.0,16000,160000
D:\pump\id_02\normal\00000637.wav,id_02,0,normal,10.0,16000,160000
D:\pump\id_02\normal\00000460.wav,id_02,0,normal,10.0,16000,160000
D:\pump\id_02\normal\00000458.wav,id_02,0,normal,10.0,16000,160000
D:\pump\id_06\normal\00000059.wav,id_06,0,normal,10.0,16000,160000
D:\pump\id_06\normal\00000177.wav,id_06,0,normal,10.0,16000,160000
D:\pump\id_00\normal\00000362.wav,id_00,0,normal,10.0,16000,160000
D:\pump\id_06\normal\00000902.wav,id_06,0,normal,10.0,16000,160000
D:\pump\id_02\normal\00000586.wav,id_02,0,normal,10.0,16000,160000
D:\pump\id_06\normal\00000259.wav,id_06,0,normal,10.0,16000,160000
D:\pump\id_00\normal\00000886.wav,id_00,0,normal,10.0,16000,160000
D:\pump\id_04\normal\00000554.wav,id_04,0,normal,10.0,16000,160000
D:\pump\id_00\normal\00000759.wav,id_00,0,normal,10.0,16000,160000
D:\pump\id_04\abnormal\00000055.wav,id_04,1,abnormal,10.0,16000,160000
D:\pump\id_06\normal\00000680.wav,id_06,0,normal,10.0,16000,160000
D:\pump\id_06\normal\00000785.wav,id_06,0,normal,10.0,16000,160000
D:\pump\id_02\normal\00000871.wav,id_02,0,normal,10.0,16000,160000
D:\pump\id_06\normal\00000376.wav,id_06,0,normal,10.0,16000,160000
D:\pump\id_06\normal\00000503.wav,id_06,0,normal,10.0,16000,160000
D:\pump\id_02\normal\00000896.wav,id_02,0,normal,10.0,16000,160000
D:\pump\id_06\normal\00000531.wav,id_06,0,normal,10.0,16000,160000
D:\pump\id_06\normal\00000610.wav,id_06,0,normal,10.0,16000,160000
D:\pump\id_02\normal\00000809.wav,id_02,0,normal,10.0,16000,160000
D:\pump\id_04\normal\00000386.wav,id_04,0,normal,10.0,16000,160000
D:\pump\id_06\normal\00000643.wav,id_06,0,normal,10.0,16000,160000
D:\pump\id_06\normal\00000706.wav,id_06,0,normal,10.0,16000,160000
D:\pump\id_06\normal\00000655.wav,id_06,0,normal,10.0,16000,160000
D:\pump\id_00\normal\00000881.wav,id_00,0,normal,10.0,16000,160000
D:\pump\id_00\normal\00000606.wav,id_00,0,normal,10.0,16000,160000
D:\pump\id_06\normal\00000946.wav,id_06,0,normal,10.0,16000,160000
D:\pump\id_00\normal\00000534.wav,id_00,0,normal,10.0,16000,160000
D:\pump\id_06\normal\00000227.wav,id_06,0,normal,10.0,16000,160000
D:\pump\id_04\normal\00000366.wav,id_04,0,normal,10.0,16000,160000
D:\pump\id_00\normal\00000896.wav,id_00,0,normal,10.0,16000,160000
D:\pump\id_04\normal\00000515.wav,id_04,0,normal,10.0,16000,160000
D:\pump\id_00\abnormal\00000011.wav,id_00,1,abnormal,10.0,16000,160000
D:\pump\id_06\normal\00000127.wav,id_06,0,normal,10.0,16000,160000
D:\pump\id_06\normal\00000305.wav,id_06,0,normal,10.0,16000,160000
D:\pump\id_06\abnormal\00000088.wav,id_06,1,abnormal,10.0,16000,160000
D:\pump\id_02\normal\00000322.wav,id_02,0,normal,10.0,16000,160000
D:\pump\id_02\normal\00000775.wav,id_02,0,normal,10.0,16000,160000
D:\pump\id_04\normal\00000673.wav,id_04,0,normal,10.0,16000,160000
D:\pump\id_06\normal\00000220.wav,id_06,0,normal,10.0,16000,160000
D:\pump\id_02\normal\00000918.wav,id_02,0,normal,10.0,16000,160000
D:\pump\id_06\normal\00000253.wav,id_06,0,normal,10.0,16000,160000
D:\pump\id_02\normal\00000072.wav,id_02,0,normal,10.0,16000,160000
D:\pump\id_04\normal\00000543.wav,id_04,0,normal,10.0,16000,160000
D:\pump\id_06\normal\00001008.wav,id_06,0,normal,10.0,16000,160000
D:\pump\id_02\normal\00000683.wav,id_02,0,normal,10.0,16000,160000
D:\pump\id_04\normal\00000185.wav,id_04,0,normal,10.0,16000,160000
D:\pump\id_02\normal\00000843.wav,id_02,0,normal,10.0,16000,160000
D:\pump\id_02\normal\00000765.wav,id_02,0,normal,10.0,16000,160000
D:\pump\id_06\normal\00000217.wav,id_06,0,normal,10.0,16000,160000
D:\pump\id_06\normal\00000605.wav,id_06,0,normal,10.0,16000,160000
D:\pump\id_00\normal\00000539.wav,id_00,0,normal,10.0,16000,160000
D:\pump\id_04\normal\00000355.wav,id_04,0,normal,10.0,16000,160000
D:\pump\id_00\normal\00000857.wav,id_00,0,normal,10.0,16000,160000
D:\pump\id_02\normal\00000269.wav,id_02,0,normal,10.0,16000,160000
D:\pump\id_00\normal\00000249.wav,id_00,0,normal,10.0,16000,160000
D:\pump\id_02\normal\00000171.wav,id_02,0,normal,10.0,16000,160000
D:\pump\id_06\normal\00000728.wav,id_06,0,normal,10.0,16000,160000
D:\pump\id_06\normal\00000122.wav,id_06,0,normal,10.0,16000,160000
D:\pump\id_04\normal\00000202.wav,id_04,0,normal,10.0,16000,160000
D:\pump\id_02\normal\00000655.wav,id_02,0,normal,10.0,16000,160000
D:\pump\id_06\normal\00000816.wav,id_06,0,normal,10.0,16000,160000
D:\pump\id_04\normal\00000599.wav,id_04,0,normal,10.0,16000,160000
D:\pump\id_00\normal\00000178.wav,id_00,0,normal,10.0,16000,160000
D:\pump\id_06\normal\00000514.wav,id_06,0,normal,10.0,16000,160000
D:\pump\id_02\normal\00000128.wav,id_02,0,normal,10.0,16000,160000
D:\pump\id_02\normal\00000650.wav,id_02,0,normal,10.0,16000,160000
D:\pump\id_00\abnormal\00000042.wav,id_00,1,abnormal,10.0,16000,160000
D:\pump\id_02\normal\00000823.wav,id_02,0,normal,10.0,16000,160000
D:\pump\id_04\normal\00000370.wav,id_04,0,normal,10.0,16000,160000
D:\pump\id_02\normal\00000958.wav,id_02,0,normal,10.0,16000,160000
D:\pump\id_06\normal\00000564.wav,id_06,0,normal,10.0,16000,160000
D:\pump\id_02\abnormal\00000089.wav,id_02,1,abnormal,10.0,16000,160000
D:\pump\id_00\abnormal\00000134.wav,id_00,1,abnormal,10.0,16000,160000
D:\pump\id_06\normal\00000962.wav,id_06,0,normal,10.0,16000,160000
D:\pump\id_00\normal\00000585.wav,id_00,0,normal,10.0,16000,160000
D:\pump\id_06\normal\00000019.wav,id_06,0,normal,10.0,16000,160000
D:\pump\id_00\normal\00000928.wav,id_00,0,normal,10.0,16000,160000
D:\pump\id_00\normal\00000965.wav,id_00,0,normal,10.0,16000,160000
D:\pump\id_04\normal\00000334.wav,id_04,0,normal,10.0,16000,160000
D:\pump\id_04\normal\00000226.wav,id_04,0,normal,10.0,16000,160000
D:\pump\id_02\normal\00000825.wav,id_02,0,normal,10.0,16000,160000
D:\pump\id_04\normal\00000342.wav,id_04,0,normal,10.0,16000,160000
D:\pump\id_02\normal\00000254.wav,id_02,0,normal,10.0,16000,160000
D:\pump\id_06\normal\00000720.wav,id_06,0,normal,10.0,16000,160000
D:\pump\id_04\normal\00000210.wav,id_04,0,normal,10.0,16000,160000
D:\pump\id_00\normal\00000000.wav,id_00,0,normal,10.0,16000,160000
D:\pump\id_00\normal\00000250.wav,id_00,0,normal,10.0,16000,160000
D:\pump\id_06\abnormal\00000019.wav,id_06,1,abnormal,10.0,16000,160000
D:\pump\id_06\normal\00000393.wav,id_06,0,normal,10.0,16000,160000
D:\pump\id_06\normal\00000134.wav,id_06,0,normal,10.0,16000,160000
D:\pump\id_00\abnormal\00000117.wav,id_00,1,abnormal,10.0,16000,160000
D:\pump\id_00\abnormal\00000046.wav,id_00,1,abnormal,10.0,16000,160000
D:\pump\id_04\normal\00000219.wav,id_04,0,normal,10.0,16000,160000
D:\pump\id_02\normal\00000682.wav,id_02,0,normal,10.0,16000,160000
D:\pump\id_00\normal\00000568.wav,id_00,0,normal,10.0,16000,160000
D:\pump\id_02\normal\00000414.wav,id_02,0,normal,10.0,16000,160000
D:\pump\id_00\normal\00000554.wav,id_00,0,normal,10.0,16000,160000
D:\pump\id_04\normal\00000264.wav,id_04,0,normal,10.0,16000,160000
D:\pump\id_02\normal\00000298.wav,id_02,0,normal,10.0,16000,160000
D:\pump\id_06\normal\00000913.wav,id_06,0,normal,10.0,16000,160000
D:\pump\id_00\normal\00000723.wav,id_00,0,normal,10.0,16000,160000
D:\pump\id_04\normal\00000239.wav,id_04,0,normal,10.0,16000,160000
D:\pump\id_00\normal\00000220.wav,id_00,0,normal,10.0,16000,160000
D:\pump\id_06\abnormal\00000029.wav,id_06,1,abnormal,10.0,16000,160000
D:\pump\id_02\normal\00000192.wav,id_02,0,normal,10.0,16000,160000
D:\pump\id_04\normal\00000608.wav,id_04,0,normal,10.0,16000,160000
D:\pump\id_06\normal\00000027.wav,id_06,0,normal,10.0,16000,160000
D:\pump\id_00\normal\00000218.wav,id_00,0,normal,10.0,16000,160000
D:\pump\id_06\normal\00000598.wav,id_06,0,normal,10.0,16000,160000
D:\pump\id_00\abnormal\00000070.wav,id_00,1,abnormal,10.0,16000,160000
D:\pump\id_02\normal\00000353.wav,id_02,0,normal,10.0,16000,160000
D:\pump\id_04\normal\00000305.wav,id_04,0,normal,10.0,16000,160000
D:\pump\id_06\normal\00000223.wav,id_06,0,normal,10.0,16000,160000
D:\pump\id_04\normal\00000395.wav,id_04,0,normal,10.0,16000,160000
D:\pump\id_00\normal\00000059.wav,id_00,0,normal,10.0,16000,160000
D:\pump\id_06\normal\00000235.wav,id_06,0,normal,10.0,16000,160000
D:\pump\id_06\normal\00000594.wav,id_06,0,normal,10.0,16000,160000
D:\pump\id_02\normal\00000371.wav,id_02,0,normal,10.0,16000,160000
D:\pump\id_04\normal\00000309.wav,id_04,0,normal,10.0,16000,160000
D:\pump\id_02\normal\00000089.wav,id_02,0,normal,10.0,16000,160000
D:\pump\id_02\abnormal\00000104.wav,id_02,1,abnormal,10.0,16000,160000
D:\pump\id_04\normal\00000491.wav,id_04,0,normal,10.0,16000,160000
D:\pump\id_00\normal\00000580.wav,id_00,0,normal,10.0,16000,160000
D:\pump\id_04\normal\00000266.wav,id_04,0,normal,10.0,16000,160000
D:\pump\id_00\normal\00000382.wav,id_00,0,normal,10.0,16000,160000
D:\pump\id_04\normal\00000170.wav,id_04,0,normal,10.0,16000,160000
D:\pump\id_02\normal\00000743.wav,id_02,0,normal,10.0,16000,160000
D:\pump\id_04\normal\00000095.wav,id_04,0,normal,10.0,16000,160000
D:\pump\id_02\normal\00000281.wav,id_02,0,normal,10.0,16000,160000
D:\pump\id_02\normal\00000250.wav,id_02,0,normal,10.0,16000,160000
D:\pump\id_02\normal\00000073.wav,id_02,0,normal,10.0,16000,160000
D:\pump\id_06\normal\00000281.wav,id_06,0,normal,10.0,16000,160000
D:\pump\id_02\normal\00000754.wav,id_02,0,normal,10.0,16000,160000
D:\pump\id_04\normal\00000225.wav,id_04,0,normal,10.0,16000,160000
D:\pump\id_00\normal\00000731.wav,id_00,0,normal,10.0,16000,160000
D:\pump\id_04\normal\00000517.wav,id_04,0,normal,10.0,16000,160000
D:\pump\id_06\normal\00000011.wav,id_06,0,normal,10.0,16000,160000
D:\pump\id_00\normal\00000921.wav,id_00,0,normal,10.0,16000,160000
D:\pump\id_00\normal\00000730.wav,id_00,0,normal,10.0,16000,160000
D:\pump\id_02\normal\00000159.wav,id_02,0,normal,10.0,16000,160000
D:\pump\id_06\normal\00000512.wav,id_06,0,normal,10.0,16000,160000
D:\pump\id_00\normal\00000547.wav,id_00,0,normal,10.0,16000,160000
D:\pump\id_04\normal\00000558.wav,id_04,0,normal,10.0,16000,160000
D:\pump\id_02\normal\00000433.wav,id_02,0,normal,10.0,16000,160000
D:\pump\id_02\normal\00000001.wav,id_02,0,normal,10.0,16000,160000
D:\pump\id_06\normal\00000918.wav,id_06,0,normal,10.0,16000,160000
D:\pump\id_00\normal\00000119.wav,id_00,0,normal,10.0,16000,160000
D:\pump\id_06\normal\00000596.wav,id_06,0,normal,10.0,16000,160000
D:\pump\id_04\normal\00000506.wav,id_04,0,normal,10.0,16000,160000
D:\pump\id_02\normal\00000792.wav,id_02,0,normal,10.0,16000,160000
D:\pump\id_06\normal\00000384.wav,id_06,0,normal,10.0,16000,160000
D:\pump\id_02\normal\00000899.wav,id_02,0,normal,10.0,16000,160000
D:\pump\id_02\normal\00000262.wav,id_02,0,normal,10.0,16000,160000
D:\pump\id_02\normal\00000389.wav,id_02,0,normal,10.0,16000,160000
D:\pump\id_00\normal\00000203.wav,id_00,0,normal,10.0,16000,160000
D:\pump\id_00\normal\00000008.wav,id_00,0,normal,10.0,16000,160000
D:\pump\id_02\normal\00000079.wav,id_02,0,normal,10.0,16000,160000
D:\pump\id_00\abnormal\00000085.wav,id_00,1,abnormal,10.0,16000,160000
D:\pump\id_00\normal\00000049.wav,id_00,0,normal,10.0,16000,160000
D:\pump\id_06\normal\00000709.wav,id_06,0,normal,10.0,16000,160000
D:\pump\id_02\normal\00000488.wav,id_02,0,normal,10.0,16000,160000
D:\pump\id_02\normal\00000456.wav,id_02,0,normal,10.0,16000,160000
D:\pump\id_06\normal\00000228.wav,id_06,0,normal,10.0,16000,160000
D:\pump\id_02\normal\00000571.wav,id_02,0,normal,10.0,16000,160000
D:\pump\id_02\normal\00000199.wav,id_02,0,normal,10.0,16000,160000
D:\pump\id_04\normal\00000233.wav,id_04,0,normal,10.0,16000,160000
D:\pump\id_04\normal\00000037.wav,id_04,0,normal,10.0,16000,160000
D:\pump\id_06\normal\00000097.wav,id_06,0,normal,10.0,16000,160000
D:\pump\id_02\normal\00000593.wav,id_02,0,normal,10.0,16000,160000
D:\pump\id_02\normal\00000313.wav,id_02,0,normal,10.0,16000,160000
D:\pump\id_00\normal\00000396.wav,id_00,0,normal,10.0,16000,160000
D:\pump\id_06\normal\00000802.wav,id_06,0,normal,10.0,16000,160000
D:\pump\id_04\normal\00000096.wav,id_04,0,normal,10.0,16000,160000
D:\pump\id_00\normal\00000891.wav,id_00,0,normal,10.0,16000,160000
D:\pump\id_00\normal\00000717.wav,id_00,0,normal,10.0,16000,160000
D:\pump\id_04\normal\00000183.wav,id_04,0,normal,10.0,16000,160000
D:\pump\id_06\normal\00000662.wav,id_06,0,normal,10.0,16000,160000
D:\pump\id_06\normal\00000979.wav,id_06,0,normal,10.0,16000,160000
D:\pump\id_06\normal\00000932.wav,id_06,0,normal,10.0,16000,160000
D:\pump\id_06\normal\00000719.wav,id_06,0,normal,10.0,16000,160000
D:\pump\id_00\normal\00000076.wav,id_00,0,normal,10.0,16000,160000
D:\pump\id_02\normal\00000826.wav,id_02,0,normal,10.0,16000,160000
D:\pump\id_00\normal\00000283.wav,id_00,0,normal,10.0,16000,160000
D:\pump\id_00\normal\00000259.wav,id_00,0,normal,10.0,16000,160000
D:\pump\id_06\normal\00000002.wav,id_06,0,normal,10.0,16000,160000
D:\pump\id_02\normal\00000845.wav,id_02,0,normal,10.0,16000,160000
D:\pump\id_02\normal\00000878.wav,id_02,0,normal,10.0,16000,160000
D:\pump\id_02\normal\00000761.wav,id_02,0,normal,10.0,16000,160000
D:\pump\id_02\normal\00000847.wav,id_02,0,normal,10.0,16000,160000
D:\pump\id_06\abnormal\00000012.wav,id_06,1,abnormal,10.0,16000,160000
D:\pump\id_00\normal\00000943.wav,id_00,0,normal,10.0,16000,160000
D:\pump\id_04\normal\00000425.wav,id_04,0,normal,10.0,16000,160000
D:\pump\id_00\normal\00000583.wav,id_00,0,normal,10.0,16000,160000
D:\pump\id_06\normal\00000471.wav,id_06,0,normal,10.0,16000,160000
D:\pump\id_06\normal\00000341.wav,id_06,0,normal,10.0,16000,160000
D:\pump\id_00\normal\00000660.wav,id_00,0,normal,10.0,16000,160000
D:\pump\id_06\normal\00000648.wav,id_06,0,normal,10.0,16000,160000
D:\pump\id_00\normal\00000629.wav,id_00,0,normal,10.0,16000,160000
D:\pump\id_04\normal\00000249.wav,id_04,0,normal,10.0,16000,160000
D:\pump\id_06\normal\00000382.wav,id_06,0,normal,10.0,16000,160000
D:\pump\id_00\abnormal\00000014.wav,id_00,1,abnormal,10.0,16000,160000
D:\pump\id_00\normal\00001005.wav,id_00,0,normal,10.0,16000,160000
D:\pump\id_02\normal\00000402.wav,id_02,0,normal,10.0,16000,160000
D:\pump\id_06\normal\00000971.wav,id_06,0,normal,10.0,16000,160000
D:\pump\id_06\abnormal\00000009.wav,id_06,1,abnormal,10.0,16000,160000
D:\pump\id_04\normal\00000036.wav,id_04,0,normal,10.0,16000,160000
D:\pump\id_02\normal\00000968.wav,id_02,0,normal,10.0,16000,160000
D:\pump\id_04\normal\00000490.wav,id_04,0,normal,10.0,16000,160000
D:\pump\id_02\abnormal\00000056.wav,id_02,1,abnormal,10.0,16000,160000
D:\pump\id_06\normal\00000774.wav,id_06,0,normal,10.0,16000,160000
D:\pump\id_04\normal\00000257.wav,id_04,0,normal,10.0,16000,160000
D:\pump\id_06\normal\00000369.wav,id_06,0,normal,10.0,16000,160000
D:\pump\id_06\normal\00000538.wav,id_06,0,normal,10.0,16000,160000
D:\pump\id_04\normal\00000200.wav,id_04,0,normal,10.0,16000,160000
D:\pump\id_02\normal\00000854.wav,id_02,0,normal,10.0,16000,160000
D:\pump\id_02\normal\00000897.wav,id_02,0,normal,10.0,16000,160000
D:\pump\id_06\normal\00000566.wav,id_06,0,normal,10.0,16000,160000
D:\pump\id_04\normal\00000175.wav,id_04,0,normal,10.0,16000,160000
D:\pump\id_00\normal\00000572.wav,id_00,0,normal,10.0,16000,160000
D:\pump\id_06\normal\00000780.wav,id_06,0,normal,10.0,16000,160000
D:\pump\id_04\normal\00000023.wav,id_04,0,normal,10.0,16000,160000
D:\pump\id_06\normal\00000304.wav,id_06,0,normal,10.0,16000,160000
D:\pump\id_00\normal\00000256.wav,id_00,0,normal,10.0,16000,160000
D:\pump\id_06\normal\00000823.wav,id_06,0,normal,10.0,16000,160000
D:\pump\id_02\abnormal\00000058.wav,id_02,1,abnormal,10.0,16000,160000
D:\pump\id_06\normal\00000684.wav,id_06,0,normal,10.0,16000,160000
D:\pump\id_02\normal\00000773.wav,id_02,0,normal,10.0,16000,160000
D:\pump\id_06\normal\00000371.wav,id_06,0,normal,10.0,16000,160000
D:\pump\id_06\normal\00000358.wav,id_06,0,normal,10.0,16000,160000
D:\pump\id_02\normal\00000710.wav,id_02,0,normal,10.0,16000,160000
D:\pump\id_02\normal\00000911.wav,id_02,0,normal,10.0,16000,160000
D:\pump\id_06\normal\00000262.wav,id_06,0,normal,10.0,16000,160000
D:\pump\id_02\normal\00000438.wav,id_02,0,normal,10.0,16000,160000
D:\pump\id_04\normal\00000331.wav,id_04,0,normal,10.0,16000,160000
D:\pump\id_02\normal\00000342.wav,id_02,0,normal,10.0,16000,160000
D:\pump\id_02\normal\00000369.wav,id_02,0,normal,10.0,16000,160000
D:\pump\id_06\normal\00000789.wav,id_06,0,normal,10.0,16000,160000
D:\pump\id_00\normal\00000171.wav,id_00,0,normal,10.0,16000,160000
D:\pump\id_00\normal\00000225.wav,id_00,0,normal,10.0,16000,160000
D:\pump\id_02\normal\00000410.wav,id_02,0,normal,10.0,16000,160000
D:\pump\id_00\normal\00000707.wav,id_00,0,normal,10.0,16000,160000
D:\pump\id_02\normal\00000197.wav,id_02,0,normal,10.0,16000,160000
D:\pump\id_06\normal\00000020.wav,id_06,0,normal,10.0,16000,160000
D:\pump\id_04\normal\00000635.wav,id_04,0,normal,10.0,16000,160000
D:\pump\id_06\normal\00000394.wav,id_06,0,normal,10.0,16000,160000
D:\pump\id_02\normal\00000056.wav,id_02,0,normal,10.0,16000,160000
D:\pump\id_02\normal\00000282.wav,id_02,0,normal,10.0,16000,160000
D:\pump\id_04\normal\00000509.wav,id_04,0,normal,10.0,16000,160000
D:\pump\id_00\normal\00000767.wav,id_00,0,normal,10.0,16000,160000
D:\pump\id_02\normal\00000841.wav,id_02,0,normal,10.0,16000,160000
D:\pump\id_00\normal\00000618.wav,id_00,0,normal,10.0,16000,160000
D:\pump\id_06\normal\00001007.wav,id_06,0,normal,10.0,16000,160000
D:\pump\id_06\normal\00000525.wav,id_06,0,normal,10.0,16000,160000
D:\pump\id_02\normal\00000008.wav,id_02,0,normal,10.0,16000,160000
D:\pump\id_02\normal\00000540.wav,id_02,0,normal,10.0,16000,160000
D:\pump\id_00\abnormal\00000065.wav,id_00,1,abnormal,10.0,16000,160000
D:\pump\id_00\normal\00000947.wav,id_00,0,normal,10.0,16000,160000
D:\pump\id_02\normal\00000567.wav,id_02,0,normal,10.0,16000,160000
D:\pump\id_06\abnormal\00000073.wav,id_06,1,abnormal,10.0,16000,160000
D:\pump\id_02\normal\00000063.wav,id_02,0,normal,10.0,16000,160000
D:\pump\id_00\normal\00000360.wav,id_00,0,normal,10.0,16000,160000
D:\pump\id_00\normal\00000844.wav,id_00,0,normal,10.0,16000,160000
D:\pump\id_06\normal\00000522.wav,id_06,0,normal,10.0,16000,160000
D:\pump\id_04\normal\00000136.wav,id_04,0,normal,10.0,16000,160000
D:\pump\id_00\normal\00000533.wav,id_00,0,normal,10.0,16000,160000
D:\pump\id_06\normal\00000894.wav,id_06,0,normal,10.0,16000,160000
D:\pump\id_04\normal\00000209.wav,id_04,0,normal,10.0,16000,160000
D:\pump\id_06\abnormal\00000042.wav,id_06,1,abnormal,10.0,16000,160000
D:\pump\id_02\normal\00000111.wav,id_02,0,normal,10.0,16000,160000
D:\pump\id_06\normal\00000837.wav,id_06,0,normal,10.0,16000,160000
D:\pump\id_02\normal\00000408.wav,id_02,0,normal,10.0,16000,160000
D:\pump\id_06\normal\00000186.wav,id_06,0,normal,10.0,16000,160000
D:\pump\id_02\normal\00000446.wav,id_02,0,normal,10.0,16000,160000
D:\pump\id_00\normal\00000341.wav,id_00,0,normal,10.0,16000,160000
D:\pump\id_02\normal\00000895.wav,id_02,0,normal,10.0,16000,160000
D:\pump\id_02\normal\00000569.wav,id_02,0,normal,10.0,16000,160000
D:\pump\id_06\normal\00000399.wav,id_06,0,normal,10.0,16000,160000
D:\pump\id_02\normal\00000102.wav,id_02,0,normal,10.0,16000,160000
D:\pump\id_04\normal\00000060.wav,id_04,0,normal,10.0,16000,160000
D:\pump\id_04\normal\00000354.wav,id_04,0,normal,10.0,16000,160000
D:\pump\id_06\normal\00000871.wav,id_06,0,normal,10.0,16000,160000
D:\pump\id_00\normal\00000721.wav,id_00,0,normal,10.0,16000,160000
D:\pump\id_04\normal\00000606.wav,id_04,0,normal,10.0,16000,160000
D:\pump\id_02\normal\00000860.wav,id_02,0,normal,10.0,16000,160000
D:\pump\id_04\normal\00000254.wav,id_04,0,normal,10.0,16000,160000
D:\pump\id_06\normal\00000488.wav,id_06,0,normal,10.0,16000,160000
D:\pump\id_02\normal\00000919.wav,id_02,0,normal,10.0,16000,160000
D:\pump\id_04\normal\00000564.wav,id_04,0,normal,10.0,16000,160000
D:\pump\id_06\abnormal\00000031.wav,id_06,1,abnormal,10.0,16000,160000
D:\pump\id_04\normal\00000415.wav,id_04,0,normal,10.0,16000,160000
D:\pump\id_04\normal\00000130.wav,id_04,0,normal,10.0,16000,160000
D:\pump\id_02\normal\00000131.wav,id_02,0,normal,10.0,16000,160000
D:\pump\id_02\normal\00000039.wav,id_02,0,normal,10.0,16000,160000
D:\pump\id_02\normal\00000299.wav,id_02,0,normal,10.0,16000,160000
D:\pump\id_04\normal\00000672.wav,id_04,0,normal,10.0,16000,160000
D:\pump\id_00\normal\00000973.wav,id_00,0,normal,10.0,16000,160000
D:\pump\id_04\normal\00000567.wav,id_04,0,normal,10.0,16000,160000
D:\pump\id_06\normal\00000372.wav,id_06,0,normal,10.0,16000,160000
D:\pump\id_02\normal\00000657.wav,id_02,0,normal,10.0,16000,160000
D:\pump\id_00\normal\00000972.wav,id_00,0,normal,10.0,16000,160000
D:\pump\id_04\abnormal\00000048.wav,id_04,1,abnormal,10.0,16000,160000
D:\pump\id_06\normal\00000990.wav,id_06,0,normal,10.0,16000,160000
D:\pump\id_00\normal\00000238.wav,id_00,0,normal,10.0,16000,160000
D:\pump\id_02\abnormal\00000110.wav,id_02,1,abnormal,10.0,16000,160000
D:\pump\id_04\normal\00000306.wav,id_04,0,normal,10.0,16000,160000
D:\pump\id_00\normal\00000199.wav,id_00,0,normal,10.0,16000,160000
D:\pump\id_06\normal\00000543.wav,id_06,0,normal,10.0,16000,160000
D:\pump\id_06\normal\00000734.wav,id_06,0,normal,10.0,16000,160000
D:\pump\id_00\abnormal\00000121.wav,id_00,1,abnormal,10.0,16000,160000
D:\pump\id_02\normal\00000480.wav,id_02,0,normal,10.0,16000,160000
D:\pump\id_00\normal\00000015.wav,id_00,0,normal,10.0,16000,160000
D:\pump\id_02\normal\00000447.wav,id_02,0,normal,10.0,16000,160000
D:\pump\id_06\normal\00000079.wav,id_06,0,normal,10.0,16000,160000
D:\pump\id_04\normal\00000323.wav,id_04,0,normal,10.0,16000,160000
D:\pump\id_02\normal\00000437.wav,id_02,0,normal,10.0,16000,160000
D:\pump\id_00\normal\00000991.wav,id_00,0,normal,10.0,16000,160000
D:\pump\id_02\normal\00000240.wav,id_02,0,normal,10.0,16000,160000
D:\pump\id_00\normal\00000770.wav,id_00,0,normal,10.0,16000,160000
D:\pump\id_06\normal\00000842.wav,id_06,0,normal,10.0,16000,160000
D:\pump\id_00\normal\00000966.wav,id_00,0,normal,10.0,16000,160000
D:\pump\id_04\normal\00000487.wav,id_04,0,normal,10.0,16000,160000
D:\pump\id_04\normal\00000468.wav,id_04,0,normal,10.0,16000,160000
D:\pump\id_06\normal\00000808.wav,id_06,0,normal,10.0,16000,160000
D:\pump\id_06\normal\00000574.wav,id_06,0,normal,10.0,16000,160000
D:\pump\id_02\normal\00000606.wav,id_02,0,normal,10.0,16000,160000
D:\pump\id_04\normal\00000676.wav,id_04,0,normal,10.0,16000,160000
D:\pump\id_06\normal\00000576.wav,id_06,0,normal,10.0,16000,160000
D:\pump\id_00\normal\00000090.wav,id_00,0,normal,10.0,16000,160000
D:\pump\id_04\normal\00000325.wav,id_04,0,normal,10.0,16000,160000
D:\pump\id_00\normal\00000135.wav,id_00,0,normal,10.0,16000,160000
D:\pump\id_02\normal\00000338.wav,id_02,0,normal,10.0,16000,160000
D:\pump\id_02\normal\00000979.wav,id_02,0,normal,10.0,16000,160000
D:\pump\id_02\normal\00000350.wav,id_02,0,normal,10.0,16000,160000
D:\pump\id_00\normal\00000937.wav,id_00,0,normal,10.0,16000,160000
D:\pump\id_04\normal\00000067.wav,id_04,0,normal,10.0,16000,160000
D:\pump\id_04\normal\00000503.wav,id_04,0,normal,10.0,16000,160000
D:\pump\id_06\normal\00000516.wav,id_06,0,normal,10.0,16000,160000
D:\pump\id_02\normal\00000858.wav,id_02,0,normal,10.0,16000,160000
D:\pump\id_02\normal\00000844.wav,id_02,0,normal,10.0,16000,160000
D:\pump\id_06\abnormal\00000020.wav,id_06,1,abnormal,10.0,16000,160000
D:\pump\id_06\abnormal\00000047.wav,id_06,1,abnormal,10.0,16000,160000
D:\pump\id_00\normal\00000352.wav,id_00,0,normal,10.0,16000,160000
D:\pump\id_00\normal\00000453.wav,id_00,0,normal,10.0,16000,160000
D:\pump\id_00\normal\00000604.wav,id_00,0,normal,10.0,16000,160000
D:\pump\id_00\normal\00000393.wav,id_00,0,normal,10.0,16000,160000
D:\pump\id_04\normal\00000623.wav,id_04,0,normal,10.0,16000,160000
D:\pump\id_00\normal\00000666.wav,id_00,0,normal,10.0,16000,160000
D:\pump\id_04\abnormal\00000096.wav,id_04,1,abnormal,10.0,16000,160000
D:\pump\id_02\normal\00000351.wav,id_02,0,normal,10.0,16000,160000
D:\pump\id_06\normal\00000865.wav,id_06,0,normal,10.0,16000,160000
D:\pump\id_06\normal\00000586.wav,id_06,0,normal,10.0,16000,160000
D:\pump\id_02\abnormal\00000087.wav,id_02,1,abnormal,10.0,16000,160000
D:\pump\id_04\normal\00000618.wav,id_04,0,normal,10.0,16000,160000
D:\pump\id_00\normal\00000255.wav,id_00,0,normal,10.0,16000,160000
D:\pump\id_00\normal\00000448.wav,id_00,0,normal,10.0,16000,160000
D:\pump\id_02\normal\00000121.wav,id_02,0,normal,10.0,16000,160000
D:\pump\id_00\abnormal\00000109.wav,id_00,1,abnormal,10.0,16000,160000
D:\pump\id_00\normal\00000842.wav,id_00,0,normal,10.0,16000,160000
D:\pump\id_00\normal\00000327.wav,id_00,0,normal,10.0,16000,160000
D:\pump\id_00\normal\00000280.wav,id_00,0,normal,10.0,16000,160000
D:\pump\id_06\normal\00000242.wav,id_06,0,normal,10.0,16000,160000
D:\pump\id_06\abnormal\00000046.wav,id_06,1,abnormal,10.0,16000,160000
D:\pump\id_04\normal\00000449.wav,id_04,0,normal,10.0,16000,160000
D:\pump\id_02\normal\00000705.wav,id_02,0,normal,10.0,16000,160000
D:\pump\id_04\normal\00000569.wav,id_04,0,normal,10.0,16000,160000
D:\pump\id_02\normal\00000666.wav,id_02,0,normal,10.0,16000,160000
D:\pump\id_02\normal\00000944.wav,id_02,0,normal,10.0,16000,160000
D:\pump\id_04\normal\00000453.wav,id_04,0,normal,10.0,16000,160000
D:\pump\id_02\normal\00000781.wav,id_02,0,normal,10.0,16000,160000
D:\pump\id_00\normal\00000946.wav,id_00,0,normal,10.0,16000,160000
D:\pump\id_04\normal\00000539.wav,id_04,0,normal,10.0,16000,160000
D:\pump\id_06\normal\00000024.wav,id_06,0,normal,10.0,16000,160000
D:\pump\id_04\abnormal\00000012.wav,id_04,1,abnormal,10.0,16000,160000
D:\pump\id_00\normal\00000363.wav,id_00,0,normal,10.0,16000,160000
D:\pump\id_06\normal\00000031.wav,id_06,0,normal,10.0,16000,160000
D:\pump\id_04\abnormal\00000090.wav,id_04,1,abnormal,10.0,16000,160000
D:\pump\id_06\normal\00000741.wav,id_06,0,normal,10.0,16000,160000
D:\pump\id_06\normal\00000416.wav,id_06,0,normal,10.0,16000,160000
D:\pump\id_00\normal\00000503.wav,id_00,0,normal,10.0,16000,160000
D:\pump\id_00\abnormal\00000125.wav,id_00,1,abnormal,10.0,16000,160000
D:\pump\id_06\normal\00000588.wav,id_06,0,normal,10.0,16000,160000
D:\pump\id_00\normal\00000995.wav,id_00,0,normal,10.0,16000,160000
D:\pump\id_02\normal\00000783.wav,id_02,0,normal,10.0,16000,160000
D:\pump\id_00\normal\00000997.wav,id_00,0,normal,10.0,16000,160000
D:\pump\id_06\normal\00000089.wav,id_06,0,normal,10.0,16000,160000
D:\pump\id_00\normal\00000469.wav,id_00,0,normal,10.0,16000,160000
D:\pump\id_06\normal\00000965.wav,id_06,0,normal,10.0,16000,160000
D:\pump\id_06\normal\00000435.wav,id_06,0,normal,10.0,16000,160000
D:\pump\id_02\normal\00000487.wav,id_02,0,normal,10.0,16000,160000
D:\pump\id_04\normal\00000548.wav,id_04,0,normal,10.0,16000,160000
D:\pump\id_06\normal\00000474.wav,id_06,0,normal,10.0,16000,160000
D:\pump\id_00\normal\00000301.wav,id_00,0,normal,10.0,16000,160000
D:\pump\id_00\normal\00000625.wav,id_00,0,normal,10.0,16000,160000
D:\pump\id_06\normal\00001006.wav,id_06,0,normal,10.0,16000,160000
D:\pump\id_04\normal\00000667.wav,id_04,0,normal,10.0,16000,160000
D:\pump\id_02\normal\00000497.wav,id_02,0,normal,10.0,16000,160000
D:\pump\id_04\normal\00000692.wav,id_04,0,normal,10.0,16000,160000
D:\pump\id_06\normal\00000146.wav,id_06,0,normal,10.0,16000,160000
D:\pump\id_00\abnormal\00000084.wav,id_00,1,abnormal,10.0,16000,160000
D:\pump\id_02\normal\00000307.wav,id_02,0,normal,10.0,16000,160000
D:\pump\id_04\normal\00000409.wav,id_04,0,normal,10.0,16000,160000
D:\pump\id_02\normal\00000472.wav,id_02,0,normal,10.0,16000,160000
D:\pump\id_06\normal\00000542.wav,id_06,0,normal,10.0,16000,160000
D:\pump\id_04\normal\00000314.wav,id_04,0,normal,10.0,16000,160000
D:\pump\id_00\normal\00000319.wav,id_00,0,normal,10.0,16000,160000
D:\pump\id_02\normal\00000248.wav,id_02,0,normal,10.0,16000,160000
D:\pump\id_00\normal\00000399.wav,id_00,0,normal,10.0,16000,160000
D:\pump\id_00\normal\00000953.wav,id_00,0,normal,10.0,16000,160000
D:\pump\id_02\normal\00000831.wav,id_02,0,normal,10.0,16000,160000
D:\pump\id_06\normal\00000415.wav,id_06,0,normal,10.0,16000,160000
D:\pump\id_04\normal\00000475.wav,id_04,0,normal,10.0,16000,160000
D:\pump\id_04\normal\00000284.wav,id_04,0,normal,10.0,16000,160000
D:\pump\id_06\normal\00000746.wav,id_06,0,normal,10.0,16000,160000
D:\pump\id_00\normal\00000077.wav,id_00,0,normal,10.0,16000,160000
D:\pump\id_02\normal\00000861.wav,id_02,0,normal,10.0,16000,160000
D:\pump\id_04\normal\00000359.wav,id_04,0,normal,10.0,16000,160000
D:\pump\id_02\normal\00000013.wav,id_02,0,normal,10.0,16000,160000
D:\pump\id_00\abnormal\00000015.wav,id_00,1,abnormal,10.0,16000,160000
D:\pump\id_06\normal\00000629.wav,id_06,0,normal,10.0,16000,160000
D:\pump\id_02\normal\00000933.wav,id_02,0,normal,10.0,16000,160000
D:\pump\id_00\normal\00000692.wav,id_00,0,normal,10.0,16000,160000
D:\pump\id_06\normal\00000395.wav,id_06,0,normal,10.0,16000,160000
D:\pump\id_02\normal\00000605.wav,id_02,0,normal,10.0,16000,160000
D:\pump\id_02\normal\00000859.wav,id_02,0,normal,10.0,16000,160000
D:\pump\id_02\normal\00000482.wav,id_02,0,normal,10.0,16000,160000
D:\pump\id_04\abnormal\00000047.wav,id_04,1,abnormal,10.0,16000,160000
D:\pump\id_06\abnormal\00000038.wav,id_06,1,abnormal,10.0,16000,160000
D:\pump\id_02\abnormal\00000032.wav,id_02,1,abnormal,10.0,16000,160000
D:\pump\id_06\normal\00000058.wav,id_06,0,normal,10.0,16000,160000
D:\pump\id_04\abnormal\00000094.wav,id_04,1,abnormal,10.0,16000,160000
D:\pump\id_00\normal\00000158.wav,id_00,0,normal,10.0,16000,160000
D:\pump\id_06\abnormal\00000100.wav,id_06,1,abnormal,10.0,16000,160000
D:\pump\id_00\normal\00000652.wav,id_00,0,normal,10.0,16000,160000
D:\pump\id_06\normal\00000215.wav,id_06,0,normal,10.0,16000,160000
D:\pump\id_00\normal\00000682.wav,id_00,0,normal,10.0,16000,160000
D:\pump\id_04\normal\00000022.wav,id_04,0,normal,10.0,16000,160000
D:\pump\id_06\normal\00000050.wav,id_06,0,normal,10.0,16000,160000
D:\pump\id_04\normal\00000186.wav,id_04,0,normal,10.0,16000,160000
D:\pump\id_00\normal\00000828.wav,id_00,0,normal,10.0,16000,160000
D:\pump\id_00\normal\00000715.wav,id_00,0,normal,10.0,16000,160000
D:\pump\id_04\normal\00000151.wav,id_04,0,normal,10.0,16000,160000
D:\pump\id_00\normal\00000093.wav,id_00,0,normal,10.0,16000,160000
D:\pump\id_06\normal\00000656.wav,id_06,0,normal,10.0,16000,160000
D:\pump\id_06\normal\00000518.wav,id_06,0,normal,10.0,16000,160000
D:\pump\id_00\normal\00000351.wav,id_00,0,normal,10.0,16000,160000
D:\pump\id_00\normal\00000658.wav,id_00,0,normal,10.0,16000,160000
D:\pump\id_06\normal\00000458.wav,id_06,0,normal,10.0,16000,160000
D:\pump\id_00\abnormal\00000087.wav,id_00,1,abnormal,10.0,16000,160000
D:\pump\id_06\normal\00000248.wav,id_06,0,normal,10.0,16000,160000
D:\pump\id_04\normal\00000149.wav,id_04,0,normal,10.0,16000,160000
D:\pump\id_06\normal\00000765.wav,id_06,0,normal,10.0,16000,160000
D:\pump\id_00\normal\00000557.wav,id_00,0,normal,10.0,16000,160000
D:\pump\id_00\normal\00000145.wav,id_00,0,normal,10.0,16000,160000
D:\pump\id_06\normal\00000100.wav,id_06,0,normal,10.0,16000,160000
D:\pump\id_02\normal\00000162.wav,id_02,0,normal,10.0,16000,160000
D:\pump\id_04\abnormal\00000069.wav,id_04,1,abnormal,10.0,16000,160000
D:\pump\id_00\normal\00000446.wav,id_00,0,normal,10.0,16000,160000
D:\pump\id_00\normal\00000528.wav,id_00,0,normal,10.0,16000,160000
D:\pump\id_02\normal\00000647.wav,id_02,0,normal,10.0,16000,160000
D:\pump\id_00\normal\00000083.wav,id_00,0,normal,10.0,16000,160000
D:\pump\id_02\normal\00000556.wav,id_02,0,normal,10.0,16000,160000
D:\pump\id_06\abnormal\00000055.wav,id_06,1,abnormal,10.0,16000,160000
D:\pump\id_00\normal\00000710.wav,id_00,0,normal,10.0,16000,160000
D:\pump\id_00\abnormal\00000076.wav,id_00,1,abnormal,10.0,16000,160000
D:\pump\id_02\normal\00000886.wav,id_02,0,normal,10.0,16000,160000
D:\pump\id_02\normal\00000398.wav,id_02,0,normal,10.0,16000,160000
D:\pump\id_06\normal\00000354.wav,id_06,0,normal,10.0,16000,160000
D:\pump\id_06\normal\00000925.wav,id_06,0,normal,10.0,16000,160000
D:\pump\id_04\normal\00000141.wav,id_04,0,normal,10.0,16000,160000
D:\pump\id_00\normal\00000395.wav,id_00,0,normal,10.0,16000,160000
D:\pump\id_04\normal\00000643.wav,id_04,0,normal,10.0,16000,160000
D:\pump\id_02\normal\00000685.wav,id_02,0,normal,10.0,16000,160000
D:\pump\id_04\normal\00000571.wav,id_04,0,normal,10.0,16000,160000
D:\pump\id_02\normal\00000583.wav,id_02,0,normal,10.0,16000,160000
D:\pump\id_02\normal\00000439.wav,id_02,0,normal,10.0,16000,160000
D:\pump\id_06\normal\00000551.wav,id_06,0,normal,10.0,16000,160000
D:\pump\id_04\normal\00000020.wav,id_04,0,normal,10.0,16000,160000
D:\pump\id_04\normal\00000368.wav,id_04,0,normal,10.0,16000,160000
D:\pump\id_00\normal\00000084.wav,id_00,0,normal,10.0,16000,160000
D:\pump\id_06\normal\00000252.wav,id_06,0,normal,10.0,16000,160000
D:\pump\id_00\normal\00000879.wav,id_00,0,normal,10.0,16000,160000
D:\pump\id_04\normal\00000436.wav,id_04,0,normal,10.0,16000,160000
D:\pump\id_00\normal\00000594.wav,id_00,0,normal,10.0,16000,160000
D:\pump\id_06\normal\00000485.wav,id_06,0,normal,10.0,16000,160000
D:\pump\id_02\normal\00000900.wav,id_02,0,normal,10.0,16000,160000
D:\pump\id_06\normal\00000447.wav,id_06,0,normal,10.0,16000,160000
D:\pump\id_06\normal\00000580.wav,id_06,0,normal,10.0,16000,160000
D:\pump\id_06\normal\00000781.wav,id_06,0,normal,10.0,16000,160000
D:\pump\id_00\normal\00000915.wav,id_00,0,normal,10.0,16000,160000
D:\pump\id_06\normal\00000955.wav,id_06,0,normal,10.0,16000,160000
D:\pump\id_02\normal\00001001.wav,id_02,0,normal,10.0,16000,160000
D:\pump\id_00\normal\00000107.wav,id_00,0,normal,10.0,16000,160000
D:\pump\id_06\normal\00000222.wav,id_06,0,normal,10.0,16000,160000
D:\pump\id_02\normal\00000894.wav,id_02,0,normal,10.0,16000,160000
D:\pump\id_06\normal\00000101.wav,id_06,0,normal,10.0,16000,160000
D:\pump\id_02\normal\00000183.wav,id_02,0,normal,10.0,16000,160000
D:\pump\id_00\normal\00000433.wav,id_00,0,normal,10.0,16000,160000
D:\pump\id_02\normal\00000085.wav,id_02,0,normal,10.0,16000,160000
D:\pump\id_00\normal\00000507.wav,id_00,0,normal,10.0,16000,160000
D:\pump\id_00\normal\00000231.wav,id_00,0,normal,10.0,16000,160000
D:\pump\id_00\normal\00000979.wav,id_00,0,normal,10.0,16000,160000
D:\pump\id_06\normal\00000716.wav,id_06,0,normal,10.0,16000,160000
D:\pump\id_00\normal\00000072.wav,id_00,0,normal,10.0,16000,160000
D:\pump\id_02\abnormal\00000100.wav,id_02,1,abnormal,10.0,16000,160000
D:\pump\id_02\normal\00000727.wav,id_02,0,normal,10.0,16000,160000
D:\pump\id_06\normal\00000110.wav,id_06,0,normal,10.0,16000,160000
D:\pump\id_04\normal\00000168.wav,id_04,0,normal,10.0,16000,160000
D:\pump\id_00\normal\00000755.wav,id_00,0,normal,10.0,16000,160000
D:\pump\id_02\normal\00000558.wav,id_02,0,normal,10.0,16000,160000
D:\pump\id_06\normal\00000791.wav,id_06,0,normal,10.0,16000,160000
D:\pump\id_04\normal\00000336.wav,id_04,0,normal,10.0,16000,160000
D:\pump\id_06\normal\00000207.wav,id_06,0,normal,10.0,16000,160000
D:\pump\id_06\normal\00000038.wav,id_06,0,normal,10.0,16000,160000
D:\pump\id_06\normal\00000562.wav,id_06,0,normal,10.0,16000,160000
D:\pump\id_06\normal\00000383.wav,id_06,0,normal,10.0,16000,160000
D:\pump\id_02\abnormal\00000088.wav,id_02,1,abnormal,10.0,16000,160000
D:\pump\id_06\normal\00001032.wav,id_06,0,normal,10.0,16000,160000
D:\pump\id_04\normal\00000300.wav,id_04,0,normal,10.0,16000,160000
D:\pump\id_00\normal\00000667.wav,id_00,0,normal,10.0,16000,160000
D:\pump\id_06\normal\00000201.wav,id_06,0,normal,10.0,16000,160000
D:\pump\id_00\normal\00000745.wav,id_00,0,normal,10.0,16000,160000
D:\pump\id_06\normal\00000689.wav,id_06,0,normal,10.0,16000,160000
D:\pump\id_06\normal\00000755.wav,id_06,0,normal,10.0,16000,160000
D:\pump\id_02\normal\00000956.wav,id_02,0,normal,10.0,16000,160000
D:\pump\id_04\normal\00000198.wav,id_04,0,normal,10.0,16000,160000
D:\pump\id_06\abnormal\00000043.wav,id_06,1,abnormal,10.0,16000,160000
D:\pump\id_00\normal\00000309.wav,id_00,0,normal,10.0,16000,160000
D:\pump\id_04\normal\00000557.wav,id_04,0,normal,10.0,16000,160000
D:\pump\id_06\normal\00000745.wav,id_06,0,normal,10.0,16000,160000
D:\pump\id_00\normal\00000515.wav,id_00,0,normal,10.0,16000,160000
D:\pump\id_00\normal\00000444.wav,id_00,0,normal,10.0,16000,160000
D:\pump\id_06\normal\00000985.wav,id_06,0,normal,10.0,16000,160000
D:\pump\id_06\normal\00000069.wav,id_06,0,normal,10.0,16000,160000
D:\pump\id_00\normal\00000722.wav,id_00,0,normal,10.0,16000,160000
D:\pump\id_00\abnormal\00000118.wav,id_00,1,abnormal,10.0,16000,160000
D:\pump\id_00\normal\00000361.wav,id_00,0,normal,10.0,16000,160000
D:\pump\id_00\abnormal\00000060.wav,id_00,1,abnormal,10.0,16000,160000
D:\pump\id_06\normal\00000831.wav,id_06,0,normal,10.0,16000,160000
D:\pump\id_06\normal\00000103.wav,id_06,0,normal,10.0,16000,160000
D:\pump\id_00\normal\00000229.wav,id_00,0,normal,10.0,16000,160000
D:\pump\id_00\normal\00000011.wav,id_00,0,normal,10.0,16000,160000
D:\pump\id_00\normal\00000176.wav,id_00,0,normal,10.0,16000,160000
D:\pump\id_00\normal\00000737.wav,id_00,0,normal,10.0,16000,160000
D:\pump\id_06\normal\00000377.wav,id_06,0,normal,10.0,16000,160000
D:\pump\id_02\normal\00000316.wav,id_02,0,normal,10.0,16000,160000
D:\pump\id_04\normal\00000483.wav,id_04,0,normal,10.0,16000,160000
D:\pump\id_04\normal\00000602.wav,id_04,0,normal,10.0,16000,160000
D:\pump\id_00\normal\00000760.wav,id_00,0,normal,10.0,16000,160000
D:\pump\id_04\normal\00000105.wav,id_04,0,normal,10.0,16000,160000
D:\pump\id_02\normal\00000791.wav,id_02,0,normal,10.0,16000,160000
D:\pump\id_06\normal\00000136.wav,id_06,0,normal,10.0,16000,160000
D:\pump\id_06\abnormal\00000085.wav,id_06,1,abnormal,10.0,16000,160000
D:\pump\id_06\normal\00000208.wav,id_06,0,normal,10.0,16000,160000
D:\pump\id_04\abnormal\00000031.wav,id_04,1,abnormal,10.0,16000,160000
D:\pump\id_06\normal\00000565.wav,id_06,0,normal,10.0,16000,160000
D:\pump\id_00\normal\00000822.wav,id_00,0,normal,10.0,16000,160000
D:\pump\id_06\normal\00000318.wav,id_06,0,normal,10.0,16000,160000
D:\pump\id_06\normal\00000292.wav,id_06,0,normal,10.0,16000,160000
D:\pump\id_06\normal\00000030.wav,id_06,0,normal,10.0,16000,160000
D:\pump\id_06\normal\00000143.wav,id_06,0,normal,10.0,16000,160000
D:\pump\id_06\abnormal\00000077.wav,id_06,1,abnormal,10.0,16000,160000
D:\pump\id_02\normal\00000212.wav,id_02,0,normal,10.0,16000,160000
D:\pump\id_00\normal\00000055.wav,id_00,0,normal,10.0,16000,160000
D:\pump\id_02\normal\00000191.wav,id_02,0,normal,10.0,16000,160000
D:\pump\id_04\abnormal\00000014.wav,id_04,1,abnormal,10.0,16000,160000
D:\pump\id_00\normal\00000532.wav,id_00,0,normal,10.0,16000,160000
D:\pump\id_02\normal\00000270.wav,id_02,0,normal,10.0,16000,160000
D:\pump\id_04\normal\00000442.wav,id_04,0,normal,10.0,16000,160000
D:\pump\id_00\normal\00000517.wav,id_00,0,normal,10.0,16000,160000
D:\pump\id_02\abnormal\00000015.wav,id_02,1,abnormal,10.0,16000,160000
D:\pump\id_00\normal\00000263.wav,id_00,0,normal,10.0,16000,160000
D:\pump\id_06\normal\00000321.wav,id_06,0,normal,10.0,16000,160000
D:\pump\id_04\normal\00000477.wav,id_04,0,normal,10.0,16000,160000
D:\pump\id_02\normal\00000123.wav,id_02,0,normal,10.0,16000,160000
D:\pump\id_04\normal\00000093.wav,id_04,0,normal,10.0,16000,160000
D:\pump\id_06\normal\00000702.wav,id_06,0,normal,10.0,16000,160000
D:\pump\id_04\abnormal\00000058.wav,id_04,1,abnormal,10.0,16000,160000
D:\pump\id_04\normal\00000221.wav,id_04,0,normal,10.0,16000,160000
D:\pump\id_06\normal\00001010.wav,id_06,0,normal,10.0,16000,160000
D:\pump\id_00\normal\00000342.wav,id_00,0,normal,10.0,16000,160000
D:\pump\id_04\normal\00000318.wav,id_04,0,normal,10.0,16000,160000
D:\pump\id_00\abnormal\00000140.wav,id_00,1,abnormal,10.0,16000,160000
D:\pump\id_06\normal\00001023.wav,id_06,0,normal,10.0,16000,160000
D:\pump\id_06\abnormal\00000032.wav,id_06,1,abnormal,10.0,16000,160000
D:\pump\id_06\normal\00000584.wav,id_06,0,normal,10.0,16000,160000
D:\pump\id_00\normal\00000523.wav,id_00,0,normal,10.0,16000,160000
D:\pump\id_02\normal\00000821.wav,id_02,0,normal,10.0,16000,160000
D:\pump\id_06\normal\00000299.wav,id_06,0,normal,10.0,16000,160000
D:\pump\id_02\normal\00000486.wav,id_02,0,normal,10.0,16000,160000
D:\pump\id_00\abnormal\00000036.wav,id_00,1,abnormal,10.0,16000,160000
D:\pump\id_04\normal\00000295.wav,id_04,0,normal,10.0,16000,160000
D:\pump\id_06\normal\00000609.wav,id_06,0,normal,10.0,16000,160000
D:\pump\id_06\normal\00000099.wav,id_06,0,normal,10.0,16000,160000
D:\pump\id_00\normal\00000513.wav,id_00,0,normal,10.0,16000,160000
D:\pump\id_04\normal\00000574.wav,id_04,0,normal,10.0,16000,160000
D:\pump\id_04\normal\00000232.wav,id_04,0,normal,10.0,16000,160000
D:\pump\id_00\normal\00000364.wav,id_00,0,normal,10.0,16000,160000
D:\pump\id_02\normal\00000888.wav,id_02,0,normal,10.0,16000,160000
D:\pump\id_02\normal\00000354.wav,id_02,0,normal,10.0,16000,160000
D:\pump\id_06\normal\00000870.wav,id_06,0,normal,10.0,16000,160000
D:\pump\id_04\normal\00000621.wav,id_04,0,normal,10.0,16000,160000
D:\pump\id_00\normal\00000136.wav,id_00,0,normal,10.0,16000,160000
D:\pump\id_04\normal\00000099.wav,id_04,0,normal,10.0,16000,160000
D:\pump\id_02\normal\00000233.wav,id_02,0,normal,10.0,16000,160000
D:\pump\id_02\normal\00000196.wav,id_02,0,normal,10.0,16000,160000
D:\pump\id_04\abnormal\00000044.wav,id_04,1,abnormal,10.0,16000,160000
D:\pump\id_02\normal\00000229.wav,id_02,0,normal,10.0,16000,160000
D:\pump\id_02\normal\00000082.wav,id_02,0,normal,10.0,16000,160000
D:\pump\id_00\normal\00001001.wav,id_00,0,normal,10.0,16000,160000
D:\pump\id_00\normal\00000408.wav,id_00,0,normal,10.0,16000,160000
D:\pump\id_02\normal\00000021.wav,id_02,0,normal,10.0,16000,160000
D:\pump\id_02\normal\00000549.wav,id_02,0,normal,10.0,16000,160000
D:\pump\id_06\normal\00000772.wav,id_06,0,normal,10.0,16000,160000
D:\pump\id_00\normal\00000010.wav,id_00,0,normal,10.0,16000,160000
D:\pump\id_04\abnormal\00000001.wav,id_04,1,abnormal,10.0,16000,160000
D:\pump\id_02\normal\00000098.wav,id_02,0,normal,10.0,16000,160000
D:\pump\id_02\abnormal\00000007.wav,id_02,1,abnormal,10.0,16000,160000
D:\pump\id_04\normal\00000350.wav,id_04,0,normal,10.0,16000,160000
D:\pump\id_06\normal\00000667.wav,id_06,0,normal,10.0,16000,160000
D:\pump\id_00\normal\00000053.wav,id_00,0,normal,10.0,16000,160000
D:\pump\id_04\normal\00000281.wav,id_04,0,normal,10.0,16000,160000
D:\pump\id_00\abnormal\00000054.wav,id_00,1,abnormal,10.0,16000,160000
D:\pump\id_02\normal\00000133.wav,id_02,0,normal,10.0,16000,160000
D:\pump\id_06\normal\00000424.wav,id_06,0,normal,10.0,16000,160000
D:\pump\id_00\normal\00000425.wav,id_00,0,normal,10.0,16000,160000
D:\pump\id_00\normal\00000703.wav,id_00,0,normal,10.0,16000,160000
D:\pump\id_00\normal\00000443.wav,id_00,0,normal,10.0,16000,160000
D:\pump\id_04\normal\00000029.wav,id_04,0,normal,10.0,16000,160000
D:\pump\id_00\normal\00000374.wav,id_00,0,normal,10.0,16000,160000
D:\pump\id_06\normal\00000803.wav,id_06,0,normal,10.0,16000,160000
D:\pump\id_04\normal\00000178.wav,id_04,0,normal,10.0,16000,160000
D:\pump\id_02\normal\00000375.wav,id_02,0,normal,10.0,16000,160000
D:\pump\id_00\normal\00000657.wav,id_00,0,normal,10.0,16000,160000
D:\pump\id_06\abnormal\00000063.wav,id_06,1,abnormal,10.0,16000,160000
D:\pump\id_06\normal\00000073.wav,id_06,0,normal,10.0,16000,160000
D:\pump\id_00\normal\00000329.wav,id_00,0,normal,10.0,16000,160000
D:\pump\id_00\normal\00000601.wav,id_00,0,normal,10.0,16000,160000
D:\pump\id_00\normal\00000452.wav,id_00,0,normal,10.0,16000,160000
D:\pump\id_04\normal\00000312.wav,id_04,0,normal,10.0,16000,160000
D:\pump\id_00\normal\00000569.wav,id_00,0,normal,10.0,16000,160000
D:\pump\id_04\normal\00000038.wav,id_04,0,normal,10.0,16000,160000
D:\pump\id_02\normal\00000314.wav,id_02,0,normal,10.0,16000,160000
D:\pump\id_02\normal\00000090.wav,id_02,0,normal,10.0,16000,160000
D:\pump\id_04\normal\00000068.wav,id_04,0,normal,10.0,16000,160000
D:\pump\id_06\normal\00000924.wav,id_06,0,normal,10.0,16000,160000
D:\pump\id_06\normal\00000159.wav,id_06,0,normal,10.0,16000,160000
D:\pump\id_06\normal\00000388.wav,id_06,0,normal,10.0,16000,160000
D:\pump\id_06\normal\00000860.wav,id_06,0,normal,10.0,16000,160000
D:\pump\id_02\normal\00000336.wav,id_02,0,normal,10.0,16000,160000
D:\pump\id_00\normal\00000430.wav,id_00,0,normal,10.0,16000,160000
D:\pump\id_06\normal\00000398.wav,id_06,0,normal,10.0,16000,160000
D:\pump\id_02\abnormal\00000034.wav,id_02,1,abnormal,10.0,16000,160000
D:\pump\id_02\normal\00000853.wav,id_02,0,normal,10.0,16000,160000
D:\pump\id_04\normal\00000032.wav,id_04,0,normal,10.0,16000,160000
D:\pump\id_02\abnormal\00000099.wav,id_02,1,abnormal,10.0,16000,160000
D:\pump\id_02\normal\00000315.wav,id_02,0,normal,10.0,16000,160000
D:\pump\id_04\normal\00000058.wav,id_04,0,normal,10.0,16000,160000
D:\pump\id_00\normal\00000316.wav,id_00,0,normal,10.0,16000,160000
D:\pump\id_02\abnormal\00000070.wav,id_02,1,abnormal,10.0,16000,160000
D:\pump\id_00\normal\00000506.wav,id_00,0,normal,10.0,16000,160000
D:\pump\id_02\normal\00000707.wav,id_02,0,normal,10.0,16000,160000
D:\pump\id_02\normal\00000999.wav,id_02,0,normal,10.0,16000,160000
D:\pump\id_02\normal\00000247.wav,id_02,0,normal,10.0,16000,160000
D:\pump\id_00\normal\00000877.wav,id_00,0,normal,10.0,16000,160000
D:\pump\id_06\normal\00000904.wav,id_06,0,normal,10.0,16000,160000
D:\pump\id_06\normal\00000132.wav,id_06,0,normal,10.0,16000,160000
D:\pump\id_00\abnormal\00000004.wav,id_00,1,abnormal,10.0,16000,160000
D:\pump\id_02\normal\00000538.wav,id_02,0,normal,10.0,16000,160000
D:\pump\id_06\normal\00000339.wav,id_06,0,normal,10.0,16000,160000
D:\pump\id_00\normal\00000500.wav,id_00,0,normal,10.0,16000,160000
D:\pump\id_02\normal\00000292.wav,id_02,0,normal,10.0,16000,160000
D:\pump\id_04\normal\00000597.wav,id_04,0,normal,10.0,16000,160000
D:\pump\id_04\normal\00000324.wav,id_04,0,normal,10.0,16000,160000
D:\pump\id_02\normal\00000953.wav,id_02,0,normal,10.0,16000,160000
D:\pump\id_02\normal\00000565.wav,id_02,0,normal,10.0,16000,160000
D:\pump\id_02\normal\00000998.wav,id_02,0,normal,10.0,16000,160000
D:\pump\id_02\normal\00000728.wav,id_02,0,normal,10.0,16000,160000
D:\pump\id_02\normal\00000204.wav,id_02,0,normal,10.0,16000,160000
D:\pump\id_00\normal\00000323.wav,id_00,0,normal,10.0,16000,160000
D:\pump\id_06\abnormal\00000094.wav,id_06,1,abnormal,10.0,16000,160000
D:\pump\id_04\abnormal\00000016.wav,id_04,1,abnormal,10.0,16000,160000
D:\pump\id_02\abnormal\00000066.wav,id_02,1,abnormal,10.0,16000,160000
D:\pump\id_06\normal\00000792.wav,id_06,0,normal,10.0,16000,160000
D:\pump\id_06\normal\00000409.wav,id_06,0,normal,10.0,16000,160000
D:\pump\id_02\normal\00000806.wav,id_02,0,normal,10.0,16000,160000
D:\pump\id_06\normal\00001016.wav,id_06,0,normal,10.0,16000,160000
D:\pump\id_06\abnormal\00000058.wav,id_06,1,abnormal,10.0,16000,160000
D:\pump\id_02\normal\00000137.wav,id_02,0,normal,10.0,16000,160000
D:\pump\id_06\normal\00000624.wav,id_06,0,normal,10.0,16000,160000
D:\pump\id_06\normal\00000147.wav,id_06,0,normal,10.0,16000,160000
D:\pump\id_06\normal\00000410.wav,id_06,0,normal,10.0,16000,160000
D:\pump\id_00\normal\00000956.wav,id_00,0,normal,10.0,16000,160000
D:\pump\id_00\normal\00000164.wav,id_00,0,normal,10.0,16000,160000
D:\pump\id_02\normal\00000170.wav,id_02,0,normal,10.0,16000,160000
D:\pump\id_02\normal\00000994.wav,id_02,0,normal,10.0,16000,160000
D:\pump\id_04\normal\00000457.wav,id_04,0,normal,10.0,16000,160000
D:\pump\id_00\normal\00000036.wav,id_00,0,normal,10.0,16000,160000
D:\pump\id_04\abnormal\00000085.wav,id_04,1,abnormal,10.0,16000,160000
D:\pump\id_04\normal\00000201.wav,id_04,0,normal,10.0,16000,160000
D:\pump\id_00\normal\00000193.wav,id_00,0,normal,10.0,16000,160000
D:\pump\id_02\normal\00000729.wav,id_02,0,normal,10.0,16000,160000
D:\pump\id_06\normal\00000266.wav,id_06,0,normal,10.0,16000,160000
D:\pump\id_02\normal\00000751.wav,id_02,0,normal,10.0,16000,160000
D:\pump\id_00\normal\00000468.wav,id_00,0,normal,10.0,16000,160000
D:\pump\id_06\normal\00000710.wav,id_06,0,normal,10.0,16000,160000
D:\pump\id_00\normal\00000716.wav,id_00,0,normal,10.0,16000,160000
D:\pump\id_04\abnormal\00000075.wav,id_04,1,abnormal,10.0,16000,160000
D:\pump\id_04\normal\00000471.wav,id_04,0,normal,10.0,16000,160000
D:\pump\id_00\normal\00000066.wav,id_00,0,normal,10.0,16000,160000
D:\pump\id_02\normal\00000507.wav,id_02,0,normal,10.0,16000,160000
D:\pump\id_02\normal\00000093.wav,id_02,0,normal,10.0,16000,160000
D:\pump\id_02\normal\00000996.wav,id_02,0,normal,10.0,16000,160000
D:\pump\id_00\normal\00000007.wav,id_00,0,normal,10.0,16000,160000
D:\pump\id_02\normal\00000080.wav,id_02,0,normal,10.0,16000,160000
D:\pump\id_00\normal\00000696.wav,id_00,0,normal,10.0,16000,160000
D:\pump\id_04\normal\00000510.wav,id_04,0,normal,10.0,16000,160000
D:\pump\id_00\normal\00000593.wav,id_00,0,normal,10.0,16000,160000
D:\pump\id_06\normal\00000355.wav,id_06,0,normal,10.0,16000,160000
D:\pump\id_00\normal\00000970.wav,id_00,0,normal,10.0,16000,160000
D:\pump\id_04\normal\00000056.wav,id_04,0,normal,10.0,16000,160000
D:\pump\id_02\normal\00000294.wav,id_02,0,normal,10.0,16000,160000
D:\pump\id_06\normal\00000443.wav,id_06,0,normal,10.0,16000,160000
D:\pump\id_00\normal\00000974.wav,id_00,0,normal,10.0,16000,160000
D:\pump\id_02\normal\00000320.wav,id_02,0,normal,10.0,16000,160000
D:\pump\id_06\normal\00000158.wav,id_06,0,normal,10.0,16000,160000
D:\pump\id_04\normal\00000605.wav,id_04,0,normal,10.0,16000,160000
D:\pump\id_02\normal\00000256.wav,id_02,0,normal,10.0,16000,160000
D:\pump\id_06\normal\00000761.wav,id_06,0,normal,10.0,16000,160000
D:\pump\id_02\normal\00000588.wav,id_02,0,normal,10.0,16000,160000
D:\pump\id_00\normal\00000518.wav,id_00,0,normal,10.0,16000,160000
D:\pump\id_06\normal\00000923.wav,id_06,0,normal,10.0,16000,160000
D:\pump\id_06\normal\00000009.wav,id_06,0,normal,10.0,16000,160000
D:\pump\id_02\normal\00000864.wav,id_02,0,normal,10.0,16000,160000
D:\pump\id_00\normal\00000063.wav,id_00,0,normal,10.0,16000,160000
D:\pump\id_02\normal\00000088.wav,id_02,0,normal,10.0,16000,160000
D:\pump\id_00\abnormal\00000120.wav,id_00,1,abnormal,10.0,16000,160000
D:\pump\id_00\normal\00000268.wav,id_00,0,normal,10.0,16000,160000
D:\pump\id_00\normal\00000901.wav,id_00,0,normal,10.0,16000,160000
D:\pump\id_00\normal\00000420.wav,id_00,0,normal,10.0,16000,160000
D:\pump\id_02\normal\00000303.wav,id_02,0,normal,10.0,16000,160000
D:\pump\id_04\normal\00000479.wav,id_04,0,normal,10.0,16000,160000
D:\pump\id_02\normal\00000361.wav,id_02,0,normal,10.0,16000,160000
D:\pump\id_02\normal\00000151.wav,id_02,0,normal,10.0,16000,160000
D:\pump\id_06\normal\00000181.wav,id_06,0,normal,10.0,16000,160000
D:\pump\id_00\normal\00000833.wav,id_00,0,normal,10.0,16000,160000
D:\pump\id_00\normal\00000024.wav,id_00,0,normal,10.0,16000,160000
D:\pump\id_06\normal\00000724.wav,id_06,0,normal,10.0,16000,160000
D:\pump\id_02\normal\00000974.wav,id_02,0,normal,10.0,16000,160000
D:\pump\id_06\normal\00000801.wav,id_06,0,normal,10.0,16000,160000
D:\pump\id_04\normal\00000137.wav,id_04,0,normal,10.0,16000,160000
D:\pump\id_06\normal\00000877.wav,id_06,0,normal,10.0,16000,160000
D:\pump\id_02\abnormal\00000059.wav,id_02,1,abnormal,10.0,16000,160000
D:\pump\id_00\normal\00000111.wav,id_00,0,normal,10.0,16000,160000
D:\pump\id_00\normal\00000668.wav,id_00,0,normal,10.0,16000,160000
D:\pump\id_04\normal\00000110.wav,id_04,0,normal,10.0,16000,160000
D:\pump\id_00\normal\00000235.wav,id_00,0,normal,10.0,16000,160000
D:\pump\id_00\normal\00000605.wav,id_00,0,normal,10.0,16000,160000
D:\pump\id_06\normal\00000225.wav,id_06,0,normal,10.0,16000,160000
D:\pump\id_06\normal\00000606.wav,id_06,0,normal,10.0,16000,160000
D:\pump\id_04\normal\00000194.wav,id_04,0,normal,10.0,16000,160000
D:\pump\id_06\abnormal\00000034.wav,id_06,1,abnormal,10.0,16000,160000
D:\pump\id_00\normal\00000289.wav,id_00,0,normal,10.0,16000,160000
D:\pump\id_04\normal\00000153.wav,id_04,0,normal,10.0,16000,160000
D:\pump\id_04\abnormal\00000046.wav,id_04,1,abnormal,10.0,16000,160000
D:\pump\id_00\abnormal\00000096.wav,id_00,1,abnormal,10.0,16000,160000
D:\pump\id_06\normal\00000344.wav,id_06,0,normal,10.0,16000,160000
D:\pump\id_04\normal\00000339.wav,id_04,0,normal,10.0,16000,160000
D:\pump\id_04\normal\00000349.wav,id_04,0,normal,10.0,16000,160000
D:\pump\id_00\normal\00000485.wav,id_00,0,normal,10.0,16000,160000
D:\pump\id_02\normal\00000107.wav,id_02,0,normal,10.0,16000,160000
D:\pump\id_04\normal\00000414.wav,id_04,0,normal,10.0,16000,160000
D:\pump\id_06\abnormal\00000093.wav,id_06,1,abnormal,10.0,16000,160000
D:\pump\id_06\normal\00000265.wav,id_06,0,normal,10.0,16000,160000
D:\pump\id_02\normal\00000187.wav,id_02,0,normal,10.0,16000,160000
D:\pump\id_02\normal\00000662.wav,id_02,0,normal,10.0,16000,160000
D:\pump\id_00\normal\00000762.wav,id_00,0,normal,10.0,16000,160000
D:\pump\id_06\normal\00000330.wav,id_06,0,normal,10.0,16000,160000
D:\pump\id_04\normal\00000375.wav,id_04,0,normal,10.0,16000,160000
D:\pump\id_00\normal\00000078.wav,id_00,0,normal,10.0,16000,160000
D:\pump\id_04\normal\00000369.wav,id_04,0,normal,10.0,16000,160000
D:\pump\id_04\normal\00000555.wav,id_04,0,normal,10.0,16000,160000
D:\pump\id_06\normal\00000166.wav,id_06,0,normal,10.0,16000,160000
D:\pump\id_02\normal\00000545.wav,id_02,0,normal,10.0,16000,160000
D:\pump\id_00\normal\00000679.wav,id_00,0,normal,10.0,16000,160000
D:\pump\id_00\normal\00000326.wav,id_00,0,normal,10.0,16000,160000
D:\pump\id_06\normal\00000951.wav,id_06,0,normal,10.0,16000,160000
D:\pump\id_06\normal\00000032.wav,id_06,0,normal,10.0,16000,160000
D:\pump\id_04\normal\00000003.wav,id_04,0,normal,10.0,16000,160000
D:\pump\id_06\normal\00000463.wav,id_06,0,normal,10.0,16000,160000
D:\pump\id_00\abnormal\00000026.wav,id_00,1,abnormal,10.0,16000,160000
D:\pump\id_04\normal\00000120.wav,id_04,0,normal,10.0,16000,160000
D:\pump\id_00\normal\00000829.wav,id_00,0,normal,10.0,16000,160000
D:\pump\id_06\normal\00000795.wav,id_06,0,normal,10.0,16000,160000
D:\pump\id_02\abnormal\00000049.wav,id_02,1,abnormal,10.0,16000,160000
D:\pump\id_00\normal\00000275.wav,id_00,0,normal,10.0,16000,160000
D:\pump\id_06\normal\00000329.wav,id_06,0,normal,10.0,16000,160000
D:\pump\id_02\normal\00000963.wav,id_02,0,normal,10.0,16000,160000
D:\pump\id_06\abnormal\00000091.wav,id_06,1,abnormal,10.0,16000,160000
D:\pump\id_06\normal\00000678.wav,id_06,0,normal,10.0,16000,160000
D:\pump\id_06\abnormal\00000083.wav,id_06,1,abnormal,10.0,16000,160000
D:\pump\id_06\normal\00000060.wav,id_06,0,normal,10.0,16000,160000
D:\pump\id_02\normal\00000967.wav,id_02,0,normal,10.0,16000,160000
D:\pump\id_06\normal\00000743.wav,id_06,0,normal,10.0,16000,160000
D:\pump\id_00\abnormal\00000106.wav,id_00,1,abnormal,10.0,16000,160000
D:\pump\id_00\normal\00000298.wav,id_00,0,normal,10.0,16000,160000
D:\pump\id_00\normal\00000876.wav,id_00,0,normal,10.0,16000,160000
D:\pump\id_02\normal\00000680.wav,id_02,0,normal,10.0,16000,160000
D:\pump\id_02\normal\00000646.wav,id_02,0,normal,10.0,16000,160000
D:\pump\id_06\normal\00000560.wav,id_06,0,normal,10.0,16000,160000
D:\pump\id_04\normal\00000216.wav,id_04,0,normal,10.0,16000,160000
D:\pump\id_06\normal\00000626.wav,id_06,0,normal,10.0,16000,160000
D:\pump\id_00\normal\00000324.wav,id_00,0,normal,10.0,16000,160000
D:\pump\id_02\normal\00000396.wav,id_02,0,normal,10.0,16000,160000
D:\pump\id_00\normal\00000025.wav,id_00,0,normal,10.0,16000,160000
D:\pump\id_04\normal\00000333.wav,id_04,0,normal,10.0,16000,160000
D:\pump\id_06\normal\00000695.wav,id_06,0,normal,10.0,16000,160000
D:\pump\id_02\normal\00000206.wav,id_02,0,normal,10.0,16000,160000
D:\pump\id_00\normal\00000694.wav,id_00,0,normal,10.0,16000,160000
D:\pump\id_00\normal\00000113.wav,id_00,0,normal,10.0,16000,160000
D:\pump\id_00\normal\00000416.wav,id_00,0,normal,10.0,16000,160000
D:\pump\id_02\normal\00000716.wav,id_02,0,normal,10.0,16000,160000
D:\pump\id_00\normal\00000245.wav,id_00,0,normal,10.0,16000,160000
D:\pump\id_00\normal\00000669.wav,id_00,0,normal,10.0,16000,160000
D:\pump\id_00\normal\00000140.wav,id_00,0,normal,10.0,16000,160000
D:\pump\id_06\normal\00000961.wav,id_06,0,normal,10.0,16000,160000
D:\pump\id_02\normal\00000579.wav,id_02,0,normal,10.0,16000,160000
D:\pump\id_00\normal\00000867.wav,id_00,0,normal,10.0,16000,160000
D:\pump\id_02\normal\00000852.wav,id_02,0,normal,10.0,16000,160000
D:\pump\id_02\abnormal\00000055.wav,id_02,1,abnormal,10.0,16000,160000
D:\pump\id_06\normal\00000422.wav,id_06,0,normal,10.0,16000,160000
D:\pump\id_00\normal\00000631.wav,id_00,0,normal,10.0,16000,160000
D:\pump\id_02\normal\00000827.wav,id_02,0,normal,10.0,16000,160000
D:\pump\id_02\normal\00000945.wav,id_02,0,normal,10.0,16000,160000
D:\pump\id_06\normal\00000124.wav,id_06,0,normal,10.0,16000,160000
D:\pump\id_00\normal\00000975.wav,id_00,0,normal,10.0,16000,160000
D:\pump\id_02\normal\00000449.wav,id_02,0,normal,10.0,16000,160000
D:\pump\id_04\normal\00000065.wav,id_04,0,normal,10.0,16000,160000
D:\pump\id_00\normal\00000866.wav,id_00,0,normal,10.0,16000,160000
D:\pump\id_02\normal\00000124.wav,id_02,0,normal,10.0,16000,160000
D:\pump\id_00\normal\00000132.wav,id_00,0,normal,10.0,16000,160000
D:\pump\id_06\normal\00000184.wav,id_06,0,normal,10.0,16000,160000
D:\pump\id_02\normal\00000591.wav,id_02,0,normal,10.0,16000,160000
D:\pump\id_06\normal\00000308.wav,id_06,0,normal,10.0,16000,160000
D:\pump\id_06\normal\00000744.wav,id_06,0,normal,10.0,16000,160000
D:\pump\id_02\normal\00000920.wav,id_02,0,normal,10.0,16000,160000
D:\pump\id_02\normal\00000399.wav,id_02,0,normal,10.0,16000,160000
D:\pump\id_02\normal\00000324.wav,id_02,0,normal,10.0,16000,160000
D:\pump\id_06\normal\00000777.wav,id_06,0,normal,10.0,16000,160000
D:\pump\id_04\normal\00000511.wav,id_04,0,normal,10.0,16000,160000
D:\pump\id_00\abnormal\00000035.wav,id_00,1,abnormal,10.0,16000,160000
D:\pump\id_00\normal\00000610.wav,id_00,0,normal,10.0,16000,160000
D:\pump\id_00\normal\00000419.wav,id_00,0,normal,10.0,16000,160000
D:\pump\id_02\normal\00000828.wav,id_02,0,normal,10.0,16000,160000
D:\pump\id_04\normal\00000485.wav,id_04,0,normal,10.0,16000,160000
D:\pump\id_06\abnormal\00000025.wav,id_06,1,abnormal,10.0,16000,160000
D:\pump\id_00\normal\00000930.wav,id_00,0,normal,10.0,16000,160000
D:\pump\id_06\normal\00000989.wav,id_06,0,normal,10.0,16000,160000
D:\pump\id_04\normal\00000357.wav,id_04,0,normal,10.0,16000,160000
D:\pump\id_00\normal\00000331.wav,id_00,0,normal,10.0,16000,160000
D:\pump\id_02\normal\00000464.wav,id_02,0,normal,10.0,16000,160000
D:\pump\id_00\normal\00000935.wav,id_00,0,normal,10.0,16000,160000
D:\pump\id_04\normal\00000268.wav,id_04,0,normal,10.0,16000,160000
D:\pump\id_02\normal\00000023.wav,id_02,0,normal,10.0,16000,160000
D:\pump\id_06\abnormal\00000041.wav,id_06,1,abnormal,10.0,16000,160000
D:\pump\id_02\abnormal\00000017.wav,id_02,1,abnormal,10.0,16000,160000
D:\pump\id_02\normal\00000763.wav,id_02,0,normal,10.0,16000,160000
D:\pump\id_00\normal\00000810.wav,id_00,0,normal,10.0,16000,160000
D:\pump\id_00\normal\00000753.wav,id_00,0,normal,10.0,16000,160000
D:\pump\id_06\normal\00000769.wav,id_06,0,normal,10.0,16000,160000
D:\pump\id_06\normal\00000622.wav,id_06,0,normal,10.0,16000,160000
D:\pump\id_00\normal\00000110.wav,id_00,0,normal,10.0,16000,160000
D:\pump\id_04\normal\00000559.wav,id_04,0,normal,10.0,16000,160000
D:\pump\id_02\normal\00000703.wav,id_02,0,normal,10.0,16000,160000
D:\pump\id_00\normal\00000046.wav,id_00,0,normal,10.0,16000,160000
D:\pump\id_02\abnormal\00000008.wav,id_02,1,abnormal,10.0,16000,160000
D:\pump\id_06\normal\00000325.wav,id_06,0,normal,10.0,16000,160000
D:\pump\id_02\normal\00000746.wav,id_02,0,normal,10.0,16000,160000
D:\pump\id_02\normal\00000258.wav,id_02,0,normal,10.0,16000,160000
D:\pump\id_00\normal\00000404.wav,id_00,0,normal,10.0,16000,160000
D:\pump\id_00\normal\00000470.wav,id_00,0,normal,10.0,16000,160000
D:\pump\id_02\normal\00000071.wav,id_02,0,normal,10.0,16000,160000
D:\pump\id_04\abnormal\00000003.wav,id_04,1,abnormal,10.0,16000,160000
D:\pump\id_06\normal\00000520.wav,id_06,0,normal,10.0,16000,160000
D:\pump\id_00\normal\00000151.wav,id_00,0,normal,10.0,16000,160000
D:\pump\id_00\abnormal\00000138.wav,id_00,1,abnormal,10.0,16000,160000
